2025-10-25 09:11:35,660 [INFO] ✅ Neutralisation des { } dans le HTML du main.py effectuée.
2025-10-25 09:11:35,660 [INFO] 🔧 Vérification du main.py terminée sans erreur critique.
2025-10-25 09:11:40,870 [INFO] 🔧 Vérification du main.py terminée sans erreur critique.
2025-10-25 09:11:46,119 [INFO] 🔧 Vérification du main.py terminée sans erreur critique.
2025-10-25 09:11:51,367 [INFO] 🔧 Vérification du main.py terminée sans erreur critique.
2025-10-25 09:11:56,619 [INFO] 🔧 Vérification du main.py terminée sans erreur critique.
2025-10-25 09:12:01,871 [INFO] 🔧 Vérification du main.py terminée sans erreur critique.
2025-10-25 09:12:07,128 [INFO] 🔧 Vérification du main.py terminée sans erreur critique.
2025-10-25 09:12:12,367 [INFO] 🔧 Vérification du main.py terminée sans erreur critique.
2025-10-25 09:12:13,476 [INFO] 🔧 Vérification du main.py terminée sans erreur critique.
2025-10-25 09:12:18,627 [INFO] 🔧 Vérification du main.py terminée sans erreur critique.
2025-10-25 09:12:23,876 [INFO] 🔧 Vérification du main.py terminée sans erreur critique.
2025-10-25 09:12:29,127 [INFO] 🔧 Vérification du main.py terminée sans erreur critique.
2025-10-25 09:12:34,375 [INFO] 🔧 Vérification du main.py terminée sans erreur critique.
2025-10-25 09:12:39,630 [INFO] 🔧 Vérification du main.py terminée sans erreur critique.
2025-10-25 09:12:44,883 [INFO] 🔧 Vérification du main.py terminée sans erreur critique.
2025-10-25 09:12:50,124 [INFO] 🔧 Vérification du main.py terminée sans erreur critique.
2025-10-25 09:12:55,377 [INFO] 🔧 Vérification du main.py terminée sans erreur critique.
2025-10-25 09:13:00,626 [INFO] 🔧 Vérification du main.py terminée sans erreur critique.
2025-10-25 09:13:05,949 [INFO] ✅ Clés Bybit présentes dans .env
2025-10-25 09:13:05,949 [INFO] 🔧 Vérification du portail terminée sans erreur critique.
2025-10-25 09:13:11,171 [INFO] ✅ Clés Bybit présentes dans .env
2025-10-25 09:13:11,171 [INFO] 🔧 Vérification du portail terminée sans erreur critique.
2025-10-25 09:13:16,422 [INFO] ✅ Clés Bybit présentes dans .env
2025-10-25 09:13:16,422 [INFO] 🔧 Vérification du portail terminée sans erreur critique.
2025-10-25 09:13:16,614 [INFO] ✅ Clés Bybit présentes dans .env
2025-10-25 09:13:16,614 [INFO] 🔧 Vérification du portail terminée sans erreur critique.
2025-10-25 09:13:21,919 [INFO] ✅ Clés Bybit présentes dans .env
2025-10-25 09:13:21,920 [INFO] 🔧 Vérification du portail terminée sans erreur critique.
2025-10-25 09:13:27,167 [INFO] ✅ Clés Bybit présentes dans .env
2025-10-25 09:13:27,167 [INFO] 🔧 Vérification du portail terminée sans erreur critique.
2025-10-25 09:13:32,422 [INFO] ✅ Clés Bybit présentes dans .env
2025-10-25 09:13:32,423 [INFO] 🔧 Vérification du portail terminée sans erreur critique.
2025-10-25 09:13:37,671 [INFO] ✅ Clés Bybit présentes dans .env
2025-10-25 09:13:37,671 [INFO] 🔧 Vérification du portail terminée sans erreur critique.
2025-10-25 09:13:42,921 [INFO] ✅ Clés Bybit présentes dans .env
2025-10-25 09:13:42,921 [INFO] 🔧 Vérification du portail terminée sans erreur critique.
2025-10-25 09:13:48,169 [INFO] ✅ Clés Bybit présentes dans .env
2025-10-25 09:13:48,169 [INFO] 🔧 Vérification du portail terminée sans erreur critique.
2025-10-25 09:13:53,418 [INFO] ✅ Clés Bybit présentes dans .env
2025-10-25 09:13:53,418 [INFO] 🔧 Vérification du portail terminée sans erreur critique.
2025-10-25 09:13:58,671 [INFO] ✅ Clés Bybit présentes dans .env
2025-10-25 09:13:58,671 [INFO] 🔧 Vérification du portail terminée sans erreur critique.
2025-10-25 09:14:03,920 [INFO] ✅ Clés Bybit présentes dans .env
2025-10-25 09:14:03,920 [INFO] 🔧 Vérification du portail terminée sans erreur critique.
2025-10-25 09:14:09,174 [INFO] ✅ Clés Bybit présentes dans .env
2025-10-25 09:14:09,174 [INFO] 🔧 Vérification du portail terminée sans erreur critique.
2025-10-25 09:14:10,003 [INFO] ✅ Clés Bybit présentes dans .env
2025-10-25 09:14:10,003 [INFO] 🔧 Vérification du portail terminée sans erreur critique.
2025-10-25 09:14:15,430 [INFO] ✅ Clés Bybit présentes dans .env
2025-10-25 09:14:15,430 [INFO] 🔧 Vérification du portail terminée sans erreur critique.
2025-10-25 09:14:19,782 [INFO] ✅ Clés Bybit présentes dans .env
2025-10-25 09:14:19,782 [INFO] 🔧 Vérification du portail terminée sans erreur critique.
2025-10-25 09:14:25,175 [INFO] ✅ Clés Bybit présentes dans .env
2025-10-25 09:14:25,175 [INFO] 🔧 Vérification du portail terminée sans erreur critique.
2025-10-25 09:14:30,419 [INFO] ✅ Clés Bybit présentes dans .env
2025-10-25 09:14:30,419 [INFO] 🔧 Vérification du portail terminée sans erreur critique.
2025-10-25 09:14:35,753 [INFO] ✅ Clés Bybit présentes dans .env
2025-10-25 09:14:35,753 [INFO] 🔧 Vérification du portail terminée sans erreur critique.
2025-10-25 09:14:41,167 [INFO] ✅ Clés Bybit présentes dans .env
2025-10-25 09:14:41,168 [INFO] 🔧 Vérification du portail terminée sans erreur critique.
2025-10-25 09:14:46,428 [INFO] ✅ Clés Bybit présentes dans .env
2025-10-25 09:14:46,428 [INFO] 🔧 Vérification du portail terminée sans erreur critique.
2025-10-25 09:14:51,676 [INFO] ✅ Clés Bybit présentes dans .env
2025-10-25 09:14:51,676 [INFO] 🔧 Vérification du portail terminée sans erreur critique.
2025-10-25 09:14:56,918 [INFO] ✅ Clés Bybit présentes dans .env
2025-10-25 09:14:56,918 [INFO] 🔧 Vérification du portail terminée sans erreur critique.
2025-10-25 09:15:02,168 [INFO] ✅ Clés Bybit présentes dans .env
2025-10-25 09:15:02,168 [INFO] 🔧 Vérification du portail terminée sans erreur critique.
2025-10-25 09:15:07,419 [INFO] ✅ Clés Bybit présentes dans .env
2025-10-25 09:15:07,419 [INFO] 🔧 Vérification du portail terminée sans erreur critique.
2025-10-25 09:15:12,667 [INFO] ✅ Clés Bybit présentes dans .env
2025-10-25 09:15:12,667 [INFO] 🔧 Vérification du portail terminée sans erreur critique.
2025-10-25 09:15:17,915 [INFO] ✅ Clés Bybit présentes dans .env
2025-10-25 09:15:17,915 [INFO] 🔧 Vérification du portail terminée sans erreur critique.
2025-10-25 09:15:22,903 [INFO] ✅ Clés Bybit présentes dans .env
2025-10-25 09:15:22,903 [INFO] 🔧 Vérification du portail terminée sans erreur critique.
2025-10-25 09:15:28,169 [INFO] ✅ Clés Bybit présentes dans .env
2025-10-25 09:15:28,169 [INFO] 🔧 Vérification du portail terminée sans erreur critique.
2025-10-25 09:15:33,429 [INFO] ✅ Clés Bybit présentes dans .env
2025-10-25 09:15:33,429 [INFO] 🔧 Vérification du portail terminée sans erreur critique.
2025-10-25 09:15:38,742 [INFO] ✅ Clés Bybit présentes dans .env
2025-10-25 09:15:38,743 [INFO] 🔧 Vérification du portail terminée sans erreur critique.
2025-10-25 09:15:44,186 [INFO] ✅ Clés Bybit présentes dans .env
2025-10-25 09:15:44,186 [INFO] 🔧 Vérification du portail terminée sans erreur critique.
2025-10-25 09:15:49,423 [INFO] ✅ Clés Bybit présentes dans .env
2025-10-25 09:15:49,423 [INFO] 🔧 Vérification du portail terminée sans erreur critique.
2025-10-25 09:15:54,669 [INFO] ✅ Clés Bybit présentes dans .env
2025-10-25 09:15:54,669 [INFO] 🔧 Vérification du portail terminée sans erreur critique.
2025-10-25 09:15:59,926 [INFO] ✅ Clés Bybit présentes dans .env
2025-10-25 09:15:59,926 [INFO] 🔧 Vérification du portail terminée sans erreur critique.
2025-10-25 09:16:05,167 [INFO] ✅ Clés Bybit présentes dans .env
2025-10-25 09:16:05,168 [INFO] 🔧 Vérification du portail terminée sans erreur critique.
2025-10-25 09:16:10,418 [INFO] ✅ Clés Bybit présentes dans .env
2025-10-25 09:16:10,418 [INFO] 🔧 Vérification du portail terminée sans erreur critique.
2025-10-25 09:16:15,673 [INFO] ✅ Clés Bybit présentes dans .env
2025-10-25 09:16:15,673 [INFO] 🔧 Vérification du portail terminée sans erreur critique.
2025-10-25 09:16:20,925 [INFO] ✅ Clés Bybit présentes dans .env
2025-10-25 09:16:20,925 [INFO] 🔧 Vérification du portail terminée sans erreur critique.
2025-10-25 09:16:26,059 [INFO] ✅ Clés Bybit présentes dans .env
2025-10-25 09:16:26,059 [INFO] 🔧 Vérification du portail terminée sans erreur critique.
2025-10-25 09:16:31,418 [INFO] ✅ Clés Bybit présentes dans .env
2025-10-25 09:16:31,419 [INFO] 🔧 Vérification du portail terminée sans erreur critique.
2025-10-25 09:16:36,683 [INFO] ✅ Clés Bybit présentes dans .env
2025-10-25 09:16:36,683 [INFO] 🔧 Vérification du portail terminée sans erreur critique.
2025-10-25 09:16:41,941 [INFO] ✅ Clés Bybit présentes dans .env
2025-10-25 09:16:41,941 [INFO] 🔧 Vérification du portail terminée sans erreur critique.
2025-10-25 09:16:47,433 [INFO] ✅ Clés Bybit présentes dans .env
2025-10-25 09:16:47,433 [INFO] 🔧 Vérification du portail terminée sans erreur critique.
2025-10-25 09:16:52,674 [INFO] ✅ Clés Bybit présentes dans .env
2025-10-25 09:16:52,674 [INFO] 🔧 Vérification du portail terminée sans erreur critique.
2025-10-25 09:16:57,927 [INFO] ✅ Clés Bybit présentes dans .env
2025-10-25 09:16:57,928 [INFO] 🔧 Vérification du portail terminée sans erreur critique.
2025-10-25 09:17:03,182 [INFO] ✅ Clés Bybit présentes dans .env
2025-10-25 09:17:03,182 [INFO] 🔧 Vérification du portail terminée sans erreur critique.
2025-10-25 09:17:08,429 [INFO] ✅ Clés Bybit présentes dans .env
2025-10-25 09:17:08,429 [INFO] 🔧 Vérification du portail terminée sans erreur critique.
2025-10-25 09:17:13,679 [INFO] ✅ Clés Bybit présentes dans .env
2025-10-25 09:17:13,679 [INFO] 🔧 Vérification du portail terminée sans erreur critique.
2025-10-25 09:17:18,932 [INFO] ✅ Clés Bybit présentes dans .env
2025-10-25 09:17:18,932 [INFO] 🔧 Vérification du portail terminée sans erreur critique.
2025-10-25 09:17:24,179 [INFO] ✅ Clés Bybit présentes dans .env
2025-10-25 09:17:24,179 [INFO] 🔧 Vérification du portail terminée sans erreur critique.
2025-10-25 09:17:29,228 [INFO] ✅ Clés Bybit présentes dans .env
2025-10-25 09:17:29,228 [INFO] 🔧 Vérification du portail terminée sans erreur critique.
2025-10-25 09:17:34,417 [INFO] ✅ Clés Bybit présentes dans .env
2025-10-25 09:17:34,417 [INFO] 🔧 Vérification du portail terminée sans erreur critique.
2025-10-25 09:17:39,686 [INFO] ✅ Clés Bybit présentes dans .env
2025-10-25 09:17:39,686 [INFO] 🔧 Vérification du portail terminée sans erreur critique.
2025-10-25 09:17:44,928 [INFO] ✅ Clés Bybit présentes dans .env
2025-10-25 09:17:44,928 [INFO] 🔧 Vérification du portail terminée sans erreur critique.
2025-10-25 09:17:50,187 [INFO] ✅ Clés Bybit présentes dans .env
2025-10-25 09:17:50,187 [INFO] 🔧 Vérification du portail terminée sans erreur critique.
2025-10-25 09:17:55,433 [INFO] ✅ Clés Bybit présentes dans .env
2025-10-25 09:17:55,433 [INFO] 🔧 Vérification du portail terminée sans erreur critique.
2025-10-25 09:18:00,675 [INFO] ✅ Clés Bybit présentes dans .env
2025-10-25 09:18:00,675 [INFO] 🔧 Vérification du portail terminée sans erreur critique.
2025-10-25 09:18:05,934 [INFO] ✅ Clés Bybit présentes dans .env
2025-10-25 09:18:05,934 [INFO] 🔧 Vérification du portail terminée sans erreur critique.
2025-10-25 09:18:11,186 [INFO] ✅ Clés Bybit présentes dans .env
2025-10-25 09:18:11,187 [INFO] 🔧 Vérification du portail terminée sans erreur critique.
2025-10-25 09:18:16,457 [INFO] ✅ Clés Bybit présentes dans .env
2025-10-25 09:18:16,457 [INFO] 🔧 Vérification du portail terminée sans erreur critique.
2025-10-25 09:18:21,679 [INFO] ✅ Clés Bybit présentes dans .env
2025-10-25 09:18:21,679 [INFO] 🔧 Vérification du portail terminée sans erreur critique.
2025-10-25 09:18:26,933 [INFO] ✅ Clés Bybit présentes dans .env
2025-10-25 09:18:26,933 [INFO] 🔧 Vérification du portail terminée sans erreur critique.
2025-10-25 09:18:32,179 [INFO] ✅ Clés Bybit présentes dans .env
2025-10-25 09:18:32,179 [INFO] 🔧 Vérification du portail terminée sans erreur critique.
2025-10-25 09:18:32,416 [INFO] ✅ Clés Bybit présentes dans .env
2025-10-25 09:18:32,416 [INFO] 🔧 Vérification du portail terminée sans erreur critique.
2025-10-25 09:18:37,670 [INFO] ✅ Clés Bybit présentes dans .env
2025-10-25 09:18:37,670 [INFO] 🔧 Vérification du portail terminée sans erreur critique.
2025-10-25 09:18:42,918 [INFO] ✅ Clés Bybit présentes dans .env
2025-10-25 09:18:42,918 [INFO] 🔧 Vérification du portail terminée sans erreur critique.
2025-10-25 09:18:44,172 [INFO] ✅ Clés Bybit présentes dans .env
2025-10-25 09:18:44,172 [INFO] 🔧 Vérification du portail terminée sans erreur critique.
2025-10-25 09:18:49,889 [INFO] ✅ Clés Bybit présentes dans .env
2025-10-25 09:18:49,889 [INFO] 🔧 Vérification du portail terminée sans erreur critique.
2025-10-25 09:18:55,434 [INFO] ✅ Clés Bybit présentes dans .env
2025-10-25 09:18:55,434 [INFO] 🔧 Vérification du portail terminée sans erreur critique.
2025-10-25 09:19:00,686 [INFO] ✅ Clés Bybit présentes dans .env
2025-10-25 09:19:00,686 [INFO] 🔧 Vérification du portail terminée sans erreur critique.
2025-10-25 09:19:05,942 [INFO] ✅ Clés Bybit présentes dans .env
2025-10-25 09:19:05,942 [INFO] 🔧 Vérification du portail terminée sans erreur critique.
2025-10-25 09:19:11,178 [INFO] ✅ Clés Bybit présentes dans .env
2025-10-25 09:19:11,178 [INFO] 🔧 Vérification du portail terminée sans erreur critique.
2025-10-25 09:19:14,335 [INFO] ✅ Clés Bybit présentes dans .env
2025-10-25 09:19:14,335 [INFO] 🔧 Vérification du portail terminée sans erreur critique.
2025-10-25 09:19:19,671 [INFO] ✅ Clés Bybit présentes dans .env
2025-10-25 09:19:19,671 [INFO] 🔧 Vérification du portail terminée sans erreur critique.
2025-10-25 09:19:24,916 [INFO] ✅ Clés Bybit présentes dans .env
2025-10-25 09:19:24,916 [INFO] 🔧 Vérification du portail terminée sans erreur critique.
2025-10-25 09:19:30,170 [INFO] ✅ Clés Bybit présentes dans .env
2025-10-25 09:19:30,170 [INFO] 🔧 Vérification du portail terminée sans erreur critique.
2025-10-25 09:19:35,422 [INFO] ✅ Clés Bybit présentes dans .env
2025-10-25 09:19:35,422 [INFO] 🔧 Vérification du portail terminée sans erreur critique.
2025-10-25 09:19:40,667 [INFO] ✅ Clés Bybit présentes dans .env
2025-10-25 09:19:40,667 [INFO] 🔧 Vérification du portail terminée sans erreur critique.
2025-10-25 09:19:44,481 [INFO] ✅ Clés Bybit présentes dans .env
2025-10-25 09:19:44,482 [INFO] 🔧 Vérification du portail terminée sans erreur critique.
2025-10-25 09:19:49,920 [INFO] ✅ Clés Bybit présentes dans .env
2025-10-25 09:19:49,920 [INFO] 🔧 Vérification du portail terminée sans erreur critique.
2025-10-25 09:19:55,185 [INFO] ✅ Clés Bybit présentes dans .env
2025-10-25 09:19:55,185 [INFO] 🔧 Vérification du portail terminée sans erreur critique.
2025-10-25 09:20:00,417 [INFO] ✅ Clés Bybit présentes dans .env
2025-10-25 09:20:00,417 [INFO] 🔧 Vérification du portail terminée sans erreur critique.
2025-10-25 09:20:05,673 [INFO] ✅ Clés Bybit présentes dans .env
2025-10-25 09:20:05,674 [INFO] 🔧 Vérification du portail terminée sans erreur critique.
2025-10-25 09:20:10,922 [INFO] ✅ Clés Bybit présentes dans .env
2025-10-25 09:20:10,922 [INFO] 🔧 Vérification du portail terminée sans erreur critique.
2025-10-25 09:20:11,229 [INFO] ✅ Clés Bybit présentes dans .env
2025-10-25 09:20:11,229 [INFO] 🔧 Vérification du portail terminée sans erreur critique.
2025-10-25 09:20:14,671 [INFO] ✅ Clés Bybit présentes dans .env
2025-10-25 09:20:14,671 [INFO] 🔧 Vérification du portail terminée sans erreur critique.
2025-10-25 09:20:20,176 [INFO] ✅ Clés Bybit présentes dans .env
2025-10-25 09:20:20,176 [INFO] 🔧 Vérification du portail terminée sans erreur critique.
2025-10-25 09:20:25,421 [INFO] ✅ Clés Bybit présentes dans .env
2025-10-25 09:20:25,421 [INFO] 🔧 Vérification du portail terminée sans erreur critique.
2025-10-25 09:20:30,667 [INFO] ✅ Clés Bybit présentes dans .env
2025-10-25 09:20:30,667 [INFO] 🔧 Vérification du portail terminée sans erreur critique.
2025-10-25 09:20:35,923 [INFO] ✅ Clés Bybit présentes dans .env
2025-10-25 09:20:35,924 [INFO] 🔧 Vérification du portail terminée sans erreur critique.
2025-10-25 09:20:41,167 [INFO] ✅ Clés Bybit présentes dans .env
2025-10-25 09:20:41,167 [INFO] 🔧 Vérification du portail terminée sans erreur critique.
2025-10-25 09:20:41,392 [INFO] ✅ Clés Bybit présentes dans .env
2025-10-25 09:20:41,392 [INFO] 🔧 Vérification du portail terminée sans erreur critique.
2025-10-25 09:20:44,839 [INFO] ✅ Clés Bybit présentes dans .env
2025-10-25 09:20:44,839 [INFO] 🔧 Vérification du portail terminée sans erreur critique.
2025-10-25 09:20:50,419 [INFO] ✅ Clés Bybit présentes dans .env
2025-10-25 09:20:50,419 [INFO] 🔧 Vérification du portail terminée sans erreur critique.
2025-10-25 09:20:55,765 [INFO] ✅ Clés Bybit présentes dans .env
2025-10-25 09:20:55,765 [INFO] 🔧 Vérification du portail terminée sans erreur critique.
2025-10-25 09:21:01,182 [INFO] ✅ Clés Bybit présentes dans .env
2025-10-25 09:21:01,182 [INFO] 🔧 Vérification du portail terminée sans erreur critique.
2025-10-25 09:21:06,425 [INFO] ✅ Clés Bybit présentes dans .env
2025-10-25 09:21:06,425 [INFO] 🔧 Vérification du portail terminée sans erreur critique.
2025-10-25 09:21:11,543 [INFO] ✅ Clés Bybit présentes dans .env
2025-10-25 09:21:11,543 [INFO] 🔧 Vérification du portail terminée sans erreur critique.
2025-10-25 09:21:15,009 [INFO] ✅ Clés Bybit présentes dans .env
2025-10-25 09:21:15,009 [INFO] 🔧 Vérification du portail terminée sans erreur critique.
2025-10-25 09:21:20,418 [INFO] ✅ Clés Bybit présentes dans .env
2025-10-25 09:21:20,418 [INFO] 🔧 Vérification du portail terminée sans erreur critique.
2025-10-25 09:21:25,669 [INFO] ✅ Clés Bybit présentes dans .env
2025-10-25 09:21:25,669 [INFO] 🔧 Vérification du portail terminée sans erreur critique.
2025-10-25 09:21:30,922 [INFO] ✅ Clés Bybit présentes dans .env
2025-10-25 09:21:30,922 [INFO] 🔧 Vérification du portail terminée sans erreur critique.
2025-10-25 09:21:36,178 [INFO] ✅ Clés Bybit présentes dans .env
2025-10-25 09:21:36,178 [INFO] 🔧 Vérification du portail terminée sans erreur critique.
2025-10-25 09:21:41,431 [INFO] ✅ Clés Bybit présentes dans .env
2025-10-25 09:21:41,431 [INFO] 🔧 Vérification du portail terminée sans erreur critique.
2025-10-25 09:21:41,692 [INFO] ✅ Clés Bybit présentes dans .env
2025-10-25 09:21:41,692 [INFO] 🔧 Vérification du portail terminée sans erreur critique.
2025-10-25 09:21:45,184 [INFO] ✅ Clés Bybit présentes dans .env
2025-10-25 09:21:45,184 [INFO] 🔧 Vérification du portail terminée sans erreur critique.
2025-10-25 09:21:50,680 [INFO] ✅ Clés Bybit présentes dans .env
2025-10-25 09:21:50,680 [INFO] 🔧 Vérification du portail terminée sans erreur critique.
2025-10-25 09:21:55,924 [INFO] ✅ Clés Bybit présentes dans .env
2025-10-25 09:21:55,924 [INFO] 🔧 Vérification du portail terminée sans erreur critique.
2025-10-25 09:22:01,186 [INFO] ✅ Clés Bybit présentes dans .env
2025-10-25 09:22:01,186 [INFO] 🔧 Vérification du portail terminée sans erreur critique.
2025-10-25 09:22:06,421 [INFO] ✅ Clés Bybit présentes dans .env
2025-10-25 09:22:06,421 [INFO] 🔧 Vérification du portail terminée sans erreur critique.
2025-10-25 09:22:11,675 [INFO] ✅ Clés Bybit présentes dans .env
2025-10-25 09:22:11,675 [INFO] 🔧 Vérification du portail terminée sans erreur critique.
2025-10-25 09:22:11,856 [INFO] ✅ Clés Bybit présentes dans .env
2025-10-25 09:22:11,856 [INFO] 🔧 Vérification du portail terminée sans erreur critique.
2025-10-25 09:22:15,348 [INFO] ✅ Clés Bybit présentes dans .env
2025-10-25 09:22:15,348 [INFO] 🔧 Vérification du portail terminée sans erreur critique.
2025-10-25 09:22:20,633 [INFO] ✅ Clés Bybit présentes dans .env
2025-10-25 09:22:20,633 [INFO] 🔧 Vérification du portail terminée sans erreur critique.
2025-10-25 09:22:25,847 [INFO] ✅ Clés Bybit présentes dans .env
2025-10-25 09:22:25,847 [INFO] 🔧 Vérification du portail terminée sans erreur critique.
2025-10-25 09:22:31,110 [INFO] ✅ Clés Bybit présentes dans .env
2025-10-25 09:22:31,111 [INFO] 🔧 Vérification du portail terminée sans erreur critique.
2025-10-25 09:22:36,359 [INFO] ✅ Clés Bybit présentes dans .env
2025-10-25 09:22:36,359 [INFO] 🔧 Vérification du portail terminée sans erreur critique.
2025-10-25 09:22:41,612 [INFO] ✅ Neutralisation des { } dans le HTML effectuée
2025-10-25 09:22:41,612 [INFO] ✅ Clés Bybit présentes dans .env
2025-10-25 09:22:41,612 [INFO] 🔧 Vérification du portail terminée sans erreur critique.
2025-10-25 09:22:42,008 [INFO] ✅ Clés Bybit présentes dans .env
2025-10-25 09:22:42,008 [INFO] 🔧 Vérification du portail terminée sans erreur critique.
2025-10-25 09:22:45,489 [INFO] ✅ Clés Bybit présentes dans .env
2025-10-25 09:22:45,489 [INFO] 🔧 Vérification du portail terminée sans erreur critique.
2025-10-25 09:22:46,497 [INFO] ✅ Clés Bybit présentes dans .env
2025-10-25 09:22:46,497 [INFO] 🔧 Vérification du portail terminée sans erreur critique.
2025-10-25 09:22:51,927 [INFO] ✅ Clés Bybit présentes dans .env
2025-10-25 09:22:51,927 [INFO] 🔧 Vérification du portail terminée sans erreur critique.
2025-10-25 09:22:57,182 [INFO] ✅ Clés Bybit présentes dans .env
2025-10-25 09:22:57,182 [INFO] 🔧 Vérification du portail terminée sans erreur critique.
2025-10-25 09:23:02,435 [INFO] ✅ Clés Bybit présentes dans .env
2025-10-25 09:23:02,435 [INFO] 🔧 Vérification du portail terminée sans erreur critique.
2025-10-25 09:23:07,698 [INFO] ✅ Clés Bybit présentes dans .env
2025-10-25 09:23:07,699 [INFO] 🔧 Vérification du portail terminée sans erreur critique.
2025-10-25 09:23:12,180 [INFO] ✅ Clés Bybit présentes dans .env
2025-10-25 09:23:12,180 [INFO] 🔧 Vérification du portail terminée sans erreur critique.
2025-10-25 09:23:15,648 [INFO] ✅ Clés Bybit présentes dans .env
2025-10-25 09:23:15,649 [INFO] 🔧 Vérification du portail terminée sans erreur critique.
2025-10-25 09:23:21,172 [INFO] ✅ Clés Bybit présentes dans .env
2025-10-25 09:23:21,172 [INFO] 🔧 Vérification du portail terminée sans erreur critique.
2025-10-25 09:23:26,425 [INFO] ✅ Clés Bybit présentes dans .env
2025-10-25 09:23:26,425 [INFO] 🔧 Vérification du portail terminée sans erreur critique.
2025-10-25 09:23:31,674 [INFO] ✅ Clés Bybit présentes dans .env
2025-10-25 09:23:31,674 [INFO] 🔧 Vérification du portail terminée sans erreur critique.
2025-10-25 09:23:36,933 [INFO] ✅ Clés Bybit présentes dans .env
2025-10-25 09:23:36,933 [INFO] 🔧 Vérification du portail terminée sans erreur critique.
2025-10-25 09:23:42,168 [INFO] ✅ Clés Bybit présentes dans .env
2025-10-25 09:23:42,168 [INFO] 🔧 Vérification du portail terminée sans erreur critique.
2025-10-25 09:23:42,345 [INFO] ✅ Clés Bybit présentes dans .env
2025-10-25 09:23:42,345 [INFO] 🔧 Vérification du portail terminée sans erreur critique.
2025-10-25 09:23:45,790 [INFO] ✅ Clés Bybit présentes dans .env
2025-10-25 09:23:45,790 [INFO] 🔧 Vérification du portail terminée sans erreur critique.
2025-10-25 09:23:51,169 [INFO] ✅ Clés Bybit présentes dans .env
2025-10-25 09:23:51,169 [INFO] 🔧 Vérification du portail terminée sans erreur critique.
2025-10-25 09:23:56,424 [INFO] ✅ Clés Bybit présentes dans .env
2025-10-25 09:23:56,424 [INFO] 🔧 Vérification du portail terminée sans erreur critique.
2025-10-25 09:24:01,688 [INFO] ✅ Clés Bybit présentes dans .env
2025-10-25 09:24:01,688 [INFO] 🔧 Vérification du portail terminée sans erreur critique.
2025-10-25 09:24:07,010 [INFO] ✅ Clés Bybit présentes dans .env
2025-10-25 09:24:07,010 [INFO] 🔧 Vérification du portail terminée sans erreur critique.
2025-10-25 09:24:12,420 [INFO] ✅ Clés Bybit présentes dans .env
2025-10-25 09:24:12,420 [INFO] 🔧 Vérification du portail terminée sans erreur critique.
2025-10-25 09:24:12,507 [INFO] ✅ Clés Bybit présentes dans .env
2025-10-25 09:24:12,507 [INFO] 🔧 Vérification du portail terminée sans erreur critique.
2025-10-25 09:24:15,988 [INFO] ✅ Clés Bybit présentes dans .env
2025-10-25 09:24:15,988 [INFO] 🔧 Vérification du portail terminée sans erreur critique.
2025-10-25 09:24:21,434 [INFO] ✅ Clés Bybit présentes dans .env
2025-10-25 09:24:21,434 [INFO] 🔧 Vérification du portail terminée sans erreur critique.
2025-10-25 09:24:26,689 [INFO] ✅ Clés Bybit présentes dans .env
2025-10-25 09:24:26,689 [INFO] 🔧 Vérification du portail terminée sans erreur critique.
2025-10-25 09:24:31,937 [INFO] ✅ Clés Bybit présentes dans .env
2025-10-25 09:24:31,937 [INFO] 🔧 Vérification du portail terminée sans erreur critique.
2025-10-25 09:24:37,187 [INFO] ✅ Clés Bybit présentes dans .env
2025-10-25 09:24:37,187 [INFO] 🔧 Vérification du portail terminée sans erreur critique.
2025-10-25 09:24:42,439 [INFO] ✅ Clés Bybit présentes dans .env
2025-10-25 09:24:42,439 [INFO] 🔧 Vérification du portail terminée sans erreur critique.
2025-10-25 09:24:42,655 [INFO] ✅ Clés Bybit présentes dans .env
2025-10-25 09:24:42,656 [INFO] 🔧 Vérification du portail terminée sans erreur critique.
2025-10-25 09:24:46,145 [INFO] ✅ Clés Bybit présentes dans .env
2025-10-25 09:24:46,145 [INFO] 🔧 Vérification du portail terminée sans erreur critique.
2025-10-25 09:24:51,669 [INFO] ✅ Clés Bybit présentes dans .env
2025-10-25 09:24:51,669 [INFO] 🔧 Vérification du portail terminée sans erreur critique.
2025-10-25 09:24:56,935 [INFO] ✅ Clés Bybit présentes dans .env
2025-10-25 09:24:56,936 [INFO] 🔧 Vérification du portail terminée sans erreur critique.
2025-10-25 09:25:02,184 [INFO] ✅ Clés Bybit présentes dans .env
2025-10-25 09:25:02,185 [INFO] 🔧 Vérification du portail terminée sans erreur critique.
2025-10-25 09:25:07,429 [INFO] ✅ Clés Bybit présentes dans .env
2025-10-25 09:25:07,429 [INFO] 🔧 Vérification du portail terminée sans erreur critique.
2025-10-25 09:25:12,687 [INFO] ✅ Clés Bybit présentes dans .env
2025-10-25 09:25:12,687 [INFO] 🔧 Vérification du portail terminée sans erreur critique.
2025-10-25 09:25:12,823 [INFO] ✅ Clés Bybit présentes dans .env
2025-10-25 09:25:12,823 [INFO] 🔧 Vérification du portail terminée sans erreur critique.
2025-10-25 09:25:16,319 [INFO] ✅ Clés Bybit présentes dans .env
2025-10-25 09:25:16,319 [INFO] 🔧 Vérification du portail terminée sans erreur critique.
2025-10-25 09:25:21,672 [INFO] ✅ Clés Bybit présentes dans .env
2025-10-25 09:25:21,672 [INFO] 🔧 Vérification du portail terminée sans erreur critique.
2025-10-25 09:25:26,919 [INFO] ✅ Clés Bybit présentes dans .env
2025-10-25 09:25:26,919 [INFO] 🔧 Vérification du portail terminée sans erreur critique.
2025-10-25 09:25:32,177 [INFO] ✅ Clés Bybit présentes dans .env
2025-10-25 09:25:32,177 [INFO] 🔧 Vérification du portail terminée sans erreur critique.
2025-10-25 09:25:37,424 [INFO] ✅ Clés Bybit présentes dans .env
2025-10-25 09:25:37,424 [INFO] 🔧 Vérification du portail terminée sans erreur critique.
2025-10-25 09:25:42,619 [INFO] ✅ Clés Bybit présentes dans .env
2025-10-25 09:25:42,619 [INFO] 🔧 Vérification du portail terminée sans erreur critique.
2025-10-25 09:25:42,964 [INFO] ✅ Clés Bybit présentes dans .env
2025-10-25 09:25:42,964 [INFO] 🔧 Vérification du portail terminée sans erreur critique.
2025-10-25 09:25:46,472 [INFO] ✅ Clés Bybit présentes dans .env
2025-10-25 09:25:46,472 [INFO] 🔧 Vérification du portail terminée sans erreur critique.
2025-10-25 09:25:51,922 [INFO] ✅ Clés Bybit présentes dans .env
2025-10-25 09:25:51,922 [INFO] 🔧 Vérification du portail terminée sans erreur critique.
2025-10-25 09:25:57,178 [INFO] ✅ Clés Bybit présentes dans .env
2025-10-25 09:25:57,178 [INFO] 🔧 Vérification du portail terminée sans erreur critique.
2025-10-25 09:26:02,424 [INFO] ✅ Clés Bybit présentes dans .env
2025-10-25 09:26:02,424 [INFO] 🔧 Vérification du portail terminée sans erreur critique.
2025-10-25 09:26:07,672 [INFO] ✅ Clés Bybit présentes dans .env
2025-10-25 09:26:07,672 [INFO] 🔧 Vérification du portail terminée sans erreur critique.
2025-10-25 09:26:11,635 [INFO] ✅ Clés Bybit présentes dans .env
2025-10-25 09:26:11,635 [INFO] 🔧 Vérification du portail terminée sans erreur critique.
2025-10-25 09:26:13,426 [INFO] ✅ Clés Bybit présentes dans .env
2025-10-25 09:26:13,426 [INFO] 🔧 Vérification du portail terminée sans erreur critique.
2025-10-25 09:26:41,968 [INFO] ✅ Clés Bybit présentes dans .env
2025-10-25 09:26:41,968 [INFO] 🔧 Vérification du portail terminée sans erreur critique.
2025-10-25 09:26:43,748 [INFO] ✅ Clés Bybit présentes dans .env
2025-10-25 09:26:43,748 [INFO] 🔧 Vérification du portail terminée sans erreur critique.
2025-10-25 09:27:12,298 [INFO] ✅ Clés Bybit présentes dans .env
2025-10-25 09:27:12,298 [INFO] 🔧 Vérification du portail terminée sans erreur critique.
2025-10-25 09:27:14,025 [INFO] ✅ Clés Bybit présentes dans .env
2025-10-25 09:27:14,025 [INFO] 🔧 Vérification du portail terminée sans erreur critique.
2025-10-25 09:27:42,646 [INFO] ✅ Clés Bybit présentes dans .env
2025-10-25 09:27:42,646 [INFO] 🔧 Vérification du portail terminée sans erreur critique.
2025-10-25 09:28:12,957 [INFO] ✅ Clés Bybit présentes dans .env
2025-10-25 09:28:12,957 [INFO] 🔧 Vérification du portail terminée sans erreur critique.
2025-10-25 09:28:43,295 [INFO] ✅ Clés Bybit présentes dans .env
2025-10-25 09:28:43,295 [INFO] 🔧 Vérification du portail terminée sans erreur critique.
2025-10-25 09:29:13,597 [INFO] ✅ Clés Bybit présentes dans .env
2025-10-25 09:29:13,597 [INFO] 🔧 Vérification du portail terminée sans erreur critique.
2025-10-25 09:29:43,967 [INFO] ✅ Clés Bybit présentes dans .env
2025-10-25 09:29:43,967 [INFO] 🔧 Vérification du portail terminée sans erreur critique.
2025-10-25 09:30:14,318 [INFO] ✅ Clés Bybit présentes dans .env
2025-10-25 09:30:14,318 [INFO] 🔧 Vérification du portail terminée sans erreur critique.
2025-10-25 09:30:44,645 [INFO] ✅ Clés Bybit présentes dans .env
2025-10-25 09:30:44,645 [INFO] 🔧 Vérification du portail terminée sans erreur critique.
2025-10-25 09:31:14,936 [INFO] ✅ Clés Bybit présentes dans .env
2025-10-25 09:31:14,936 [INFO] 🔧 Vérification du portail terminée sans erreur critique.
2025-10-25 09:31:45,254 [INFO] ✅ Clés Bybit présentes dans .env
2025-10-25 09:31:45,254 [INFO] 🔧 Vérification du portail terminée sans erreur critique.
2025-10-25 09:32:15,573 [INFO] ✅ Clés Bybit présentes dans .env
2025-10-25 09:32:15,574 [INFO] 🔧 Vérification du portail terminée sans erreur critique.
2025-10-25 09:32:45,918 [INFO] ✅ Clés Bybit présentes dans .env
2025-10-25 09:32:45,918 [INFO] 🔧 Vérification du portail terminée sans erreur critique.
2025-10-25 09:33:16,247 [INFO] ✅ Clés Bybit présentes dans .env
2025-10-25 09:33:16,247 [INFO] 🔧 Vérification du portail terminée sans erreur critique.
2025-10-25 09:33:46,551 [INFO] ✅ Clés Bybit présentes dans .env
2025-10-25 09:33:46,552 [INFO] 🔧 Vérification du portail terminée sans erreur critique.
2025-10-25 09:34:16,877 [INFO] ✅ Clés Bybit présentes dans .env
2025-10-25 09:34:16,877 [INFO] 🔧 Vérification du portail terminée sans erreur critique.
2025-10-25 09:34:47,205 [INFO] ✅ Clés Bybit présentes dans .env
2025-10-25 09:34:47,205 [INFO] 🔧 Vérification du portail terminée sans erreur critique.
2025-10-25 09:35:17,528 [INFO] ✅ Clés Bybit présentes dans .env
2025-10-25 09:35:17,528 [INFO] 🔧 Vérification du portail terminée sans erreur critique.
2025-10-25 09:35:47,827 [INFO] ✅ Clés Bybit présentes dans .env
2025-10-25 09:35:47,827 [INFO] 🔧 Vérification du portail terminée sans erreur critique.
2025-10-25 09:36:18,179 [INFO] ✅ Clés Bybit présentes dans .env
2025-10-25 09:36:18,179 [INFO] 🔧 Vérification du portail terminée sans erreur critique.
2025-10-25 09:36:48,504 [INFO] ✅ Clés Bybit présentes dans .env
2025-10-25 09:36:48,504 [INFO] 🔧 Vérification du portail terminée sans erreur critique.
2025-10-25 09:37:18,821 [INFO] ✅ Clés Bybit présentes dans .env
2025-10-25 09:37:18,821 [INFO] 🔧 Vérification du portail terminée sans erreur critique.
2025-10-25 09:37:49,202 [INFO] ✅ Clés Bybit présentes dans .env
2025-10-25 09:37:49,202 [INFO] 🔧 Vérification du portail terminée sans erreur critique.
2025-10-25 09:38:19,563 [INFO] ✅ Clés Bybit présentes dans .env
2025-10-25 09:38:19,563 [INFO] 🔧 Vérification du portail terminée sans erreur critique.
2025-10-25 09:38:49,862 [INFO] ✅ Clés Bybit présentes dans .env
2025-10-25 09:38:49,863 [INFO] 🔧 Vérification du portail terminée sans erreur critique.
2025-10-25 09:39:20,218 [INFO] ✅ Clés Bybit présentes dans .env
2025-10-25 09:39:20,219 [INFO] 🔧 Vérification du portail terminée sans erreur critique.
2025-10-25 09:39:50,528 [INFO] ✅ Clés Bybit présentes dans .env
2025-10-25 09:39:50,529 [INFO] 🔧 Vérification du portail terminée sans erreur critique.
2025-10-25 09:40:20,854 [INFO] ✅ Clés Bybit présentes dans .env
2025-10-25 09:40:20,855 [INFO] 🔧 Vérification du portail terminée sans erreur critique.
2025-10-25 09:40:51,143 [INFO] ✅ Clés Bybit présentes dans .env
2025-10-25 09:40:51,143 [INFO] 🔧 Vérification du portail terminée sans erreur critique.
2025-10-25 09:41:21,488 [INFO] ✅ Clés Bybit présentes dans .env
2025-10-25 09:41:21,488 [INFO] 🔧 Vérification du portail terminée sans erreur critique.
2025-10-25 09:41:51,815 [INFO] ✅ Clés Bybit présentes dans .env
2025-10-25 09:41:51,815 [INFO] 🔧 Vérification du portail terminée sans erreur critique.
2025-10-25 09:42:22,137 [INFO] ✅ Clés Bybit présentes dans .env
2025-10-25 09:42:22,137 [INFO] 🔧 Vérification du portail terminée sans erreur critique.
2025-10-25 09:42:52,468 [INFO] ✅ Clés Bybit présentes dans .env
2025-10-25 09:42:52,468 [INFO] 🔧 Vérification du portail terminée sans erreur critique.
2025-10-25 09:43:22,788 [INFO] ✅ Clés Bybit présentes dans .env
2025-10-25 09:43:22,788 [INFO] 🔧 Vérification du portail terminée sans erreur critique.
2025-10-25 09:43:53,120 [INFO] ✅ Clés Bybit présentes dans .env
2025-10-25 09:43:53,120 [INFO] 🔧 Vérification du portail terminée sans erreur critique.
2025-10-25 09:44:23,433 [INFO] ✅ Clés Bybit présentes dans .env
2025-10-25 09:44:23,433 [INFO] 🔧 Vérification du portail terminée sans erreur critique.
2025-10-25 09:44:53,736 [INFO] ✅ Clés Bybit présentes dans .env
2025-10-25 09:44:53,736 [INFO] 🔧 Vérification du portail terminée sans erreur critique.
2025-10-25 09:45:24,010 [INFO] ✅ Clés Bybit présentes dans .env
2025-10-25 09:45:24,010 [INFO] 🔧 Vérification du portail terminée sans erreur critique.
2025-10-25 09:45:54,352 [INFO] ✅ Clés Bybit présentes dans .env
2025-10-25 09:45:54,352 [INFO] 🔧 Vérification du portail terminée sans erreur critique.
2025-10-25 09:46:24,692 [INFO] ✅ Clés Bybit présentes dans .env
2025-10-25 09:46:24,692 [INFO] 🔧 Vérification du portail terminée sans erreur critique.
2025-10-25 09:46:55,005 [INFO] ✅ Clés Bybit présentes dans .env
2025-10-25 09:46:55,005 [INFO] 🔧 Vérification du portail terminée sans erreur critique.
2025-10-25 09:47:25,319 [INFO] ✅ Clés Bybit présentes dans .env
2025-10-25 09:47:25,319 [INFO] 🔧 Vérification du portail terminée sans erreur critique.
2025-10-25 09:47:55,633 [INFO] ✅ Clés Bybit présentes dans .env
2025-10-25 09:47:55,633 [INFO] 🔧 Vérification du portail terminée sans erreur critique.
2025-10-25 09:48:26,214 [INFO] ✅ Clés Bybit présentes dans .env
2025-10-25 09:48:26,214 [INFO] 🔧 Vérification du portail terminée sans erreur critique.
2025-10-25 09:48:56,602 [INFO] ✅ Clés Bybit présentes dans .env
2025-10-25 09:48:56,602 [INFO] 🔧 Vérification du portail terminée sans erreur critique.
2025-10-25 09:49:26,931 [INFO] ✅ Clés Bybit présentes dans .env
2025-10-25 09:49:26,931 [INFO] 🔧 Vérification du portail terminée sans erreur critique.
2025-10-25 09:49:57,307 [INFO] ✅ Clés Bybit présentes dans .env
2025-10-25 09:49:57,307 [INFO] 🔧 Vérification du portail terminée sans erreur critique.
2025-10-25 09:50:27,640 [INFO] ✅ Clés Bybit présentes dans .env
2025-10-25 09:50:27,640 [INFO] 🔧 Vérification du portail terminée sans erreur critique.
2025-10-25 09:50:57,959 [INFO] ✅ Clés Bybit présentes dans .env
2025-10-25 09:50:57,959 [INFO] 🔧 Vérification du portail terminée sans erreur critique.
2025-10-25 09:51:28,254 [INFO] ✅ Clés Bybit présentes dans .env
2025-10-25 09:51:28,254 [INFO] 🔧 Vérification du portail terminée sans erreur critique.
2025-10-25 09:51:58,522 [INFO] ✅ Clés Bybit présentes dans .env
2025-10-25 09:51:58,523 [INFO] 🔧 Vérification du portail terminée sans erreur critique.
2025-10-25 09:52:28,860 [INFO] ✅ Clés Bybit présentes dans .env
2025-10-25 09:52:28,860 [INFO] 🔧 Vérification du portail terminée sans erreur critique.
2025-10-25 09:52:59,173 [INFO] ✅ Clés Bybit présentes dans .env
2025-10-25 09:52:59,173 [INFO] 🔧 Vérification du portail terminée sans erreur critique.
2025-10-25 09:53:29,482 [INFO] ✅ Clés Bybit présentes dans .env
2025-10-25 09:53:29,482 [INFO] 🔧 Vérification du portail terminée sans erreur critique.
2025-10-25 09:53:59,791 [INFO] ✅ Clés Bybit présentes dans .env
2025-10-25 09:53:59,791 [INFO] 🔧 Vérification du portail terminée sans erreur critique.
2025-10-25 09:54:30,145 [INFO] ✅ Clés Bybit présentes dans .env
2025-10-25 09:54:30,145 [INFO] 🔧 Vérification du portail terminée sans erreur critique.
2025-10-25 09:55:00,458 [INFO] ✅ Clés Bybit présentes dans .env
2025-10-25 09:55:00,458 [INFO] 🔧 Vérification du portail terminée sans erreur critique.
2025-10-25 09:55:30,768 [INFO] ✅ Clés Bybit présentes dans .env
2025-10-25 09:55:30,768 [INFO] 🔧 Vérification du portail terminée sans erreur critique.
2025-10-25 09:56:01,092 [INFO] ✅ Clés Bybit présentes dans .env
2025-10-25 09:56:01,092 [INFO] 🔧 Vérification du portail terminée sans erreur critique.
2025-10-25 09:56:31,418 [INFO] ✅ Clés Bybit présentes dans .env
2025-10-25 09:56:31,418 [INFO] 🔧 Vérification du portail terminée sans erreur critique.
2025-10-25 09:57:01,778 [INFO] ✅ Clés Bybit présentes dans .env
2025-10-25 09:57:01,778 [INFO] 🔧 Vérification du portail terminée sans erreur critique.
2025-10-25 09:57:32,086 [INFO] ✅ Clés Bybit présentes dans .env
2025-10-25 09:57:32,086 [INFO] 🔧 Vérification du portail terminée sans erreur critique.
2025-10-25 09:58:02,377 [INFO] ✅ Clés Bybit présentes dans .env
2025-10-25 09:58:02,377 [INFO] 🔧 Vérification du portail terminée sans erreur critique.
2025-10-25 09:58:32,657 [INFO] ✅ Clés Bybit présentes dans .env
2025-10-25 09:58:32,657 [INFO] 🔧 Vérification du portail terminée sans erreur critique.
2025-10-25 09:59:02,964 [INFO] ✅ Clés Bybit présentes dans .env
2025-10-25 09:59:02,964 [INFO] 🔧 Vérification du portail terminée sans erreur critique.
2025-10-25 09:59:33,319 [INFO] ✅ Clés Bybit présentes dans .env
2025-10-25 09:59:33,319 [INFO] 🔧 Vérification du portail terminée sans erreur critique.
2025-10-25 10:00:03,692 [INFO] ✅ Clés Bybit présentes dans .env
2025-10-25 10:00:03,692 [INFO] 🔧 Vérification du portail terminée sans erreur critique.
2025-10-25 10:00:34,084 [INFO] ✅ Clés Bybit présentes dans .env
2025-10-25 10:00:34,084 [INFO] 🔧 Vérification du portail terminée sans erreur critique.
2025-10-25 10:01:04,591 [INFO] ✅ Clés Bybit présentes dans .env
2025-10-25 10:01:04,591 [INFO] 🔧 Vérification du portail terminée sans erreur critique.
2025-10-25 10:01:34,933 [INFO] ✅ Clés Bybit présentes dans .env
2025-10-25 10:01:34,933 [INFO] 🔧 Vérification du portail terminée sans erreur critique.
2025-10-25 10:02:05,291 [INFO] ✅ Clés Bybit présentes dans .env
2025-10-25 10:02:05,291 [INFO] 🔧 Vérification du portail terminée sans erreur critique.
2025-10-25 10:02:35,618 [INFO] ✅ Clés Bybit présentes dans .env
2025-10-25 10:02:35,618 [INFO] 🔧 Vérification du portail terminée sans erreur critique.
2025-10-25 10:03:05,947 [INFO] ✅ Clés Bybit présentes dans .env
2025-10-25 10:03:05,947 [INFO] 🔧 Vérification du portail terminée sans erreur critique.
2025-10-25 10:03:36,277 [INFO] ✅ Clés Bybit présentes dans .env
2025-10-25 10:03:36,277 [INFO] 🔧 Vérification du portail terminée sans erreur critique.
2025-10-25 10:04:06,647 [INFO] ✅ Clés Bybit présentes dans .env
2025-10-25 10:04:06,647 [INFO] 🔧 Vérification du portail terminée sans erreur critique.
2025-10-25 10:04:36,952 [INFO] ✅ Clés Bybit présentes dans .env
2025-10-25 10:04:36,952 [INFO] 🔧 Vérification du portail terminée sans erreur critique.
2025-10-25 10:05:07,297 [INFO] ✅ Clés Bybit présentes dans .env
2025-10-25 10:05:07,297 [INFO] 🔧 Vérification du portail terminée sans erreur critique.
2025-10-25 10:05:37,581 [INFO] ✅ Clés Bybit présentes dans .env
2025-10-25 10:05:37,582 [INFO] 🔧 Vérification du portail terminée sans erreur critique.
2025-10-25 10:06:07,886 [INFO] ✅ Clés Bybit présentes dans .env
2025-10-25 10:06:07,886 [INFO] 🔧 Vérification du portail terminée sans erreur critique.
2025-10-25 10:06:38,209 [INFO] ✅ Clés Bybit présentes dans .env
2025-10-25 10:06:38,209 [INFO] 🔧 Vérification du portail terminée sans erreur critique.
2025-10-25 10:07:08,533 [INFO] ✅ Clés Bybit présentes dans .env
2025-10-25 10:07:08,533 [INFO] 🔧 Vérification du portail terminée sans erreur critique.
2025-10-25 10:07:38,862 [INFO] ✅ Clés Bybit présentes dans .env
2025-10-25 10:07:38,862 [INFO] 🔧 Vérification du portail terminée sans erreur critique.
2025-10-25 10:08:09,197 [INFO] ✅ Clés Bybit présentes dans .env
2025-10-25 10:08:09,197 [INFO] 🔧 Vérification du portail terminée sans erreur critique.
2025-10-25 10:08:39,500 [INFO] ✅ Clés Bybit présentes dans .env
2025-10-25 10:08:39,500 [INFO] 🔧 Vérification du portail terminée sans erreur critique.
2025-10-25 10:09:09,836 [INFO] ✅ Clés Bybit présentes dans .env
2025-10-25 10:09:09,836 [INFO] 🔧 Vérification du portail terminée sans erreur critique.
2025-10-25 10:09:40,185 [INFO] ✅ Clés Bybit présentes dans .env
2025-10-25 10:09:40,185 [INFO] 🔧 Vérification du portail terminée sans erreur critique.
2025-10-25 10:10:10,521 [INFO] ✅ Clés Bybit présentes dans .env
2025-10-25 10:10:10,521 [INFO] 🔧 Vérification du portail terminée sans erreur critique.
2025-10-25 10:10:40,848 [INFO] ✅ Clés Bybit présentes dans .env
2025-10-25 10:10:40,848 [INFO] 🔧 Vérification du portail terminée sans erreur critique.
2025-10-25 10:11:11,154 [INFO] ✅ Clés Bybit présentes dans .env
2025-10-25 10:11:11,154 [INFO] 🔧 Vérification du portail terminée sans erreur critique.
2025-10-25 10:11:41,480 [INFO] ✅ Clés Bybit présentes dans .env
2025-10-25 10:11:41,480 [INFO] 🔧 Vérification du portail terminée sans erreur critique.
2025-10-25 10:12:11,861 [INFO] ✅ Clés Bybit présentes dans .env
2025-10-25 10:12:11,861 [INFO] 🔧 Vérification du portail terminée sans erreur critique.
2025-10-25 10:12:42,218 [INFO] ✅ Clés Bybit présentes dans .env
2025-10-25 10:12:42,218 [INFO] 🔧 Vérification du portail terminée sans erreur critique.
2025-10-25 10:13:12,525 [INFO] ✅ Clés Bybit présentes dans .env
2025-10-25 10:13:12,525 [INFO] 🔧 Vérification du portail terminée sans erreur critique.
2025-10-25 10:13:42,828 [INFO] ✅ Clés Bybit présentes dans .env
2025-10-25 10:13:42,828 [INFO] 🔧 Vérification du portail terminée sans erreur critique.
2025-10-25 10:14:13,161 [INFO] ✅ Clés Bybit présentes dans .env
2025-10-25 10:14:13,161 [INFO] 🔧 Vérification du portail terminée sans erreur critique.
2025-10-25 10:14:43,490 [INFO] ✅ Clés Bybit présentes dans .env
2025-10-25 10:14:43,490 [INFO] 🔧 Vérification du portail terminée sans erreur critique.
2025-10-25 10:15:13,828 [INFO] ✅ Clés Bybit présentes dans .env
2025-10-25 10:15:13,828 [INFO] 🔧 Vérification du portail terminée sans erreur critique.
2025-10-25 10:15:44,133 [INFO] ✅ Clés Bybit présentes dans .env
2025-10-25 10:15:44,133 [INFO] 🔧 Vérification du portail terminée sans erreur critique.
2025-10-25 10:16:14,452 [INFO] ✅ Clés Bybit présentes dans .env
2025-10-25 10:16:14,452 [INFO] 🔧 Vérification du portail terminée sans erreur critique.
2025-10-25 10:16:44,756 [INFO] ✅ Clés Bybit présentes dans .env
2025-10-25 10:16:44,756 [INFO] 🔧 Vérification du portail terminée sans erreur critique.
2025-10-25 10:17:15,089 [INFO] ✅ Clés Bybit présentes dans .env
2025-10-25 10:17:15,089 [INFO] 🔧 Vérification du portail terminée sans erreur critique.
2025-10-25 10:17:45,368 [INFO] ✅ Clés Bybit présentes dans .env
2025-10-25 10:17:45,368 [INFO] 🔧 Vérification du portail terminée sans erreur critique.
2025-10-25 10:18:15,668 [INFO] ✅ Clés Bybit présentes dans .env
2025-10-25 10:18:15,668 [INFO] 🔧 Vérification du portail terminée sans erreur critique.
2025-10-25 10:18:45,992 [INFO] ✅ Clés Bybit présentes dans .env
2025-10-25 10:18:45,993 [INFO] 🔧 Vérification du portail terminée sans erreur critique.
2025-10-25 10:19:16,315 [INFO] ✅ Clés Bybit présentes dans .env
2025-10-25 10:19:16,315 [INFO] 🔧 Vérification du portail terminée sans erreur critique.
2025-10-25 10:19:46,631 [INFO] ✅ Clés Bybit présentes dans .env
2025-10-25 10:19:46,631 [INFO] 🔧 Vérification du portail terminée sans erreur critique.
2025-10-25 10:20:16,929 [INFO] ✅ Clés Bybit présentes dans .env
2025-10-25 10:20:16,929 [INFO] 🔧 Vérification du portail terminée sans erreur critique.
2025-10-25 10:20:47,263 [INFO] ✅ Clés Bybit présentes dans .env
2025-10-25 10:20:47,263 [INFO] 🔧 Vérification du portail terminée sans erreur critique.
2025-10-25 10:21:17,607 [INFO] ✅ Clés Bybit présentes dans .env
2025-10-25 10:21:17,607 [INFO] 🔧 Vérification du portail terminée sans erreur critique.
2025-10-25 10:21:47,926 [INFO] ✅ Clés Bybit présentes dans .env
2025-10-25 10:21:47,926 [INFO] 🔧 Vérification du portail terminée sans erreur critique.
2025-10-25 10:22:18,240 [INFO] ✅ Clés Bybit présentes dans .env
2025-10-25 10:22:18,240 [INFO] 🔧 Vérification du portail terminée sans erreur critique.
2025-10-25 10:22:48,600 [INFO] ✅ Clés Bybit présentes dans .env
2025-10-25 10:22:48,600 [INFO] 🔧 Vérification du portail terminée sans erreur critique.
2025-10-25 10:23:18,881 [INFO] ✅ Clés Bybit présentes dans .env
2025-10-25 10:23:18,881 [INFO] 🔧 Vérification du portail terminée sans erreur critique.
2025-10-25 10:23:49,206 [INFO] ✅ Clés Bybit présentes dans .env
2025-10-25 10:23:49,206 [INFO] 🔧 Vérification du portail terminée sans erreur critique.
2025-10-25 10:24:19,522 [INFO] ✅ Clés Bybit présentes dans .env
2025-10-25 10:24:19,522 [INFO] 🔧 Vérification du portail terminée sans erreur critique.
2025-10-25 10:24:49,854 [INFO] ✅ Clés Bybit présentes dans .env
2025-10-25 10:24:49,855 [INFO] 🔧 Vérification du portail terminée sans erreur critique.
2025-10-25 10:25:20,358 [INFO] ✅ Clés Bybit présentes dans .env
2025-10-25 10:25:20,359 [INFO] 🔧 Vérification du portail terminée sans erreur critique.
2025-10-25 10:25:50,793 [INFO] ✅ Clés Bybit présentes dans .env
2025-10-25 10:25:50,793 [INFO] 🔧 Vérification du portail terminée sans erreur critique.
2025-10-25 10:26:21,156 [INFO] ✅ Clés Bybit présentes dans .env
2025-10-25 10:26:21,157 [INFO] 🔧 Vérification du portail terminée sans erreur critique.
2025-10-25 10:26:51,466 [INFO] ✅ Clés Bybit présentes dans .env
2025-10-25 10:26:51,466 [INFO] 🔧 Vérification du portail terminée sans erreur critique.
2025-10-25 10:27:21,789 [INFO] ✅ Clés Bybit présentes dans .env
2025-10-25 10:27:21,789 [INFO] 🔧 Vérification du portail terminée sans erreur critique.
2025-10-25 10:27:52,087 [INFO] ✅ Clés Bybit présentes dans .env
2025-10-25 10:27:52,087 [INFO] 🔧 Vérification du portail terminée sans erreur critique.
2025-10-25 10:28:22,375 [INFO] ✅ Clés Bybit présentes dans .env
2025-10-25 10:28:22,375 [INFO] 🔧 Vérification du portail terminée sans erreur critique.
2025-10-25 10:28:52,676 [INFO] ✅ Clés Bybit présentes dans .env
2025-10-25 10:28:52,676 [INFO] 🔧 Vérification du portail terminée sans erreur critique.
2025-10-25 10:29:22,997 [INFO] ✅ Clés Bybit présentes dans .env
2025-10-25 10:29:22,997 [INFO] 🔧 Vérification du portail terminée sans erreur critique.
2025-10-25 10:29:53,280 [INFO] ✅ Clés Bybit présentes dans .env
2025-10-25 10:29:53,280 [INFO] 🔧 Vérification du portail terminée sans erreur critique.
2025-10-25 10:30:23,592 [INFO] ✅ Clés Bybit présentes dans .env
2025-10-25 10:30:23,592 [INFO] 🔧 Vérification du portail terminée sans erreur critique.
2025-10-25 10:30:53,941 [INFO] ✅ Clés Bybit présentes dans .env
2025-10-25 10:30:53,941 [INFO] 🔧 Vérification du portail terminée sans erreur critique.
2025-10-25 10:31:24,291 [INFO] ✅ Clés Bybit présentes dans .env
2025-10-25 10:31:24,291 [INFO] 🔧 Vérification du portail terminée sans erreur critique.
2025-10-25 10:31:54,618 [INFO] ✅ Clés Bybit présentes dans .env
2025-10-25 10:31:54,618 [INFO] 🔧 Vérification du portail terminée sans erreur critique.
2025-10-25 10:32:24,954 [INFO] ✅ Clés Bybit présentes dans .env
2025-10-25 10:32:24,954 [INFO] 🔧 Vérification du portail terminée sans erreur critique.
2025-10-25 10:32:55,297 [INFO] ✅ Clés Bybit présentes dans .env
2025-10-25 10:32:55,297 [INFO] 🔧 Vérification du portail terminée sans erreur critique.
2025-10-25 10:33:25,630 [INFO] ✅ Clés Bybit présentes dans .env
2025-10-25 10:33:25,630 [INFO] 🔧 Vérification du portail terminée sans erreur critique.
2025-10-25 10:33:55,946 [INFO] ✅ Clés Bybit présentes dans .env
2025-10-25 10:33:55,946 [INFO] 🔧 Vérification du portail terminée sans erreur critique.
2025-10-25 10:34:26,294 [INFO] ✅ Clés Bybit présentes dans .env
2025-10-25 10:34:26,294 [INFO] 🔧 Vérification du portail terminée sans erreur critique.
2025-10-25 10:34:56,642 [INFO] ✅ Clés Bybit présentes dans .env
2025-10-25 10:34:56,642 [INFO] 🔧 Vérification du portail terminée sans erreur critique.
2025-10-25 10:35:26,952 [INFO] ✅ Clés Bybit présentes dans .env
2025-10-25 10:35:26,952 [INFO] 🔧 Vérification du portail terminée sans erreur critique.
2025-10-25 10:35:57,236 [INFO] ✅ Clés Bybit présentes dans .env
2025-10-25 10:35:57,236 [INFO] 🔧 Vérification du portail terminée sans erreur critique.
2025-10-25 10:36:27,617 [INFO] ✅ Clés Bybit présentes dans .env
2025-10-25 10:36:27,617 [INFO] 🔧 Vérification du portail terminée sans erreur critique.
2025-10-25 10:36:57,924 [INFO] ✅ Clés Bybit présentes dans .env
2025-10-25 10:36:57,925 [INFO] 🔧 Vérification du portail terminée sans erreur critique.
2025-10-25 10:37:28,257 [INFO] ✅ Clés Bybit présentes dans .env
2025-10-25 10:37:28,257 [INFO] 🔧 Vérification du portail terminée sans erreur critique.
2025-10-25 10:37:58,586 [INFO] ✅ Clés Bybit présentes dans .env
2025-10-25 10:37:58,586 [INFO] 🔧 Vérification du portail terminée sans erreur critique.
2025-10-25 10:38:28,957 [INFO] ✅ Clés Bybit présentes dans .env
2025-10-25 10:38:28,957 [INFO] 🔧 Vérification du portail terminée sans erreur critique.
2025-10-25 10:38:59,251 [INFO] ✅ Clés Bybit présentes dans .env
2025-10-25 10:38:59,251 [INFO] 🔧 Vérification du portail terminée sans erreur critique.
2025-10-25 10:39:29,589 [INFO] ✅ Clés Bybit présentes dans .env
2025-10-25 10:39:29,589 [INFO] 🔧 Vérification du portail terminée sans erreur critique.
2025-10-25 10:39:59,926 [INFO] ✅ Clés Bybit présentes dans .env
2025-10-25 10:39:59,926 [INFO] 🔧 Vérification du portail terminée sans erreur critique.
2025-10-25 10:40:30,253 [INFO] ✅ Clés Bybit présentes dans .env
2025-10-25 10:40:30,253 [INFO] 🔧 Vérification du portail terminée sans erreur critique.
2025-10-25 10:41:00,554 [INFO] ✅ Clés Bybit présentes dans .env
2025-10-25 10:41:00,554 [INFO] 🔧 Vérification du portail terminée sans erreur critique.
2025-10-25 10:41:30,899 [INFO] ✅ Clés Bybit présentes dans .env
2025-10-25 10:41:30,899 [INFO] 🔧 Vérification du portail terminée sans erreur critique.
2025-10-25 10:42:01,226 [INFO] ✅ Clés Bybit présentes dans .env
2025-10-25 10:42:01,226 [INFO] 🔧 Vérification du portail terminée sans erreur critique.
2025-10-25 10:42:31,544 [INFO] ✅ Clés Bybit présentes dans .env
2025-10-25 10:42:31,544 [INFO] 🔧 Vérification du portail terminée sans erreur critique.
2025-10-25 10:43:01,891 [INFO] ✅ Clés Bybit présentes dans .env
2025-10-25 10:43:01,891 [INFO] 🔧 Vérification du portail terminée sans erreur critique.
2025-10-25 10:43:32,204 [INFO] ✅ Clés Bybit présentes dans .env
2025-10-25 10:43:32,204 [INFO] 🔧 Vérification du portail terminée sans erreur critique.
2025-10-25 10:44:02,529 [INFO] ✅ Clés Bybit présentes dans .env
2025-10-25 10:44:02,529 [INFO] 🔧 Vérification du portail terminée sans erreur critique.
2025-10-25 10:44:32,872 [INFO] ✅ Clés Bybit présentes dans .env
2025-10-25 10:44:32,872 [INFO] 🔧 Vérification du portail terminée sans erreur critique.
2025-10-25 10:45:03,192 [INFO] ✅ Clés Bybit présentes dans .env
2025-10-25 10:45:03,192 [INFO] 🔧 Vérification du portail terminée sans erreur critique.
2025-10-25 10:45:33,529 [INFO] ✅ Clés Bybit présentes dans .env
2025-10-25 10:45:33,529 [INFO] 🔧 Vérification du portail terminée sans erreur critique.
2025-10-25 10:46:03,870 [INFO] ✅ Clés Bybit présentes dans .env
2025-10-25 10:46:03,870 [INFO] 🔧 Vérification du portail terminée sans erreur critique.
2025-10-25 10:46:34,409 [INFO] ✅ Clés Bybit présentes dans .env
2025-10-25 10:46:34,409 [INFO] 🔧 Vérification du portail terminée sans erreur critique.
2025-10-25 10:47:04,806 [INFO] ✅ Clés Bybit présentes dans .env
2025-10-25 10:47:04,806 [INFO] 🔧 Vérification du portail terminée sans erreur critique.
2025-10-25 10:47:35,091 [INFO] ✅ Clés Bybit présentes dans .env
2025-10-25 10:47:35,091 [INFO] 🔧 Vérification du portail terminée sans erreur critique.
2025-10-25 10:48:05,396 [INFO] ✅ Clés Bybit présentes dans .env
2025-10-25 10:48:05,396 [INFO] 🔧 Vérification du portail terminée sans erreur critique.
2025-10-25 10:48:35,735 [INFO] ✅ Clés Bybit présentes dans .env
2025-10-25 10:48:35,735 [INFO] 🔧 Vérification du portail terminée sans erreur critique.
2025-10-25 10:49:06,104 [INFO] ✅ Clés Bybit présentes dans .env
2025-10-25 10:49:06,105 [INFO] 🔧 Vérification du portail terminée sans erreur critique.
2025-10-25 10:49:36,455 [INFO] ✅ Clés Bybit présentes dans .env
2025-10-25 10:49:36,455 [INFO] 🔧 Vérification du portail terminée sans erreur critique.
2025-10-25 10:50:06,777 [INFO] ✅ Clés Bybit présentes dans .env
2025-10-25 10:50:06,778 [INFO] 🔧 Vérification du portail terminée sans erreur critique.
2025-10-25 10:50:37,145 [INFO] ✅ Clés Bybit présentes dans .env
2025-10-25 10:50:37,145 [INFO] 🔧 Vérification du portail terminée sans erreur critique.
2025-10-25 10:51:07,482 [INFO] ✅ Clés Bybit présentes dans .env
2025-10-25 10:51:07,483 [INFO] 🔧 Vérification du portail terminée sans erreur critique.
2025-10-25 10:51:37,811 [INFO] ✅ Clés Bybit présentes dans .env
2025-10-25 10:51:37,811 [INFO] 🔧 Vérification du portail terminée sans erreur critique.
2025-10-25 10:52:08,122 [INFO] ✅ Clés Bybit présentes dans .env
2025-10-25 10:52:08,122 [INFO] 🔧 Vérification du portail terminée sans erreur critique.
2025-10-25 10:52:38,410 [INFO] ✅ Clés Bybit présentes dans .env
2025-10-25 10:52:38,410 [INFO] 🔧 Vérification du portail terminée sans erreur critique.
2025-10-25 10:53:08,739 [INFO] ✅ Clés Bybit présentes dans .env
2025-10-25 10:53:08,739 [INFO] 🔧 Vérification du portail terminée sans erreur critique.
2025-10-25 10:53:39,070 [INFO] ✅ Clés Bybit présentes dans .env
2025-10-25 10:53:39,070 [INFO] 🔧 Vérification du portail terminée sans erreur critique.
2025-10-25 10:54:09,378 [INFO] ✅ Clés Bybit présentes dans .env
2025-10-25 10:54:09,378 [INFO] 🔧 Vérification du portail terminée sans erreur critique.
2025-10-25 10:54:39,687 [INFO] ✅ Clés Bybit présentes dans .env
2025-10-25 10:54:39,687 [INFO] 🔧 Vérification du portail terminée sans erreur critique.
2025-10-25 10:55:09,960 [INFO] ✅ Clés Bybit présentes dans .env
2025-10-25 10:55:09,961 [INFO] 🔧 Vérification du portail terminée sans erreur critique.
2025-10-25 10:55:40,273 [INFO] ✅ Clés Bybit présentes dans .env
2025-10-25 10:55:40,273 [INFO] 🔧 Vérification du portail terminée sans erreur critique.
2025-10-25 10:56:10,647 [INFO] ✅ Clés Bybit présentes dans .env
2025-10-25 10:56:10,647 [INFO] 🔧 Vérification du portail terminée sans erreur critique.
2025-10-25 10:56:40,965 [INFO] ✅ Clés Bybit présentes dans .env
2025-10-25 10:56:40,965 [INFO] 🔧 Vérification du portail terminée sans erreur critique.
2025-10-25 10:57:11,290 [INFO] ✅ Clés Bybit présentes dans .env
2025-10-25 10:57:11,290 [INFO] 🔧 Vérification du portail terminée sans erreur critique.
2025-10-25 10:57:41,616 [INFO] ✅ Clés Bybit présentes dans .env
2025-10-25 10:57:41,617 [INFO] 🔧 Vérification du portail terminée sans erreur critique.
2025-10-25 10:58:11,934 [INFO] ✅ Clés Bybit présentes dans .env
2025-10-25 10:58:11,934 [INFO] 🔧 Vérification du portail terminée sans erreur critique.
2025-10-25 10:58:42,256 [INFO] ✅ Clés Bybit présentes dans .env
2025-10-25 10:58:42,256 [INFO] 🔧 Vérification du portail terminée sans erreur critique.
2025-10-25 10:59:12,584 [INFO] ✅ Clés Bybit présentes dans .env
2025-10-25 10:59:12,584 [INFO] 🔧 Vérification du portail terminée sans erreur critique.
2025-10-25 10:59:42,911 [INFO] ✅ Clés Bybit présentes dans .env
2025-10-25 10:59:42,911 [INFO] 🔧 Vérification du portail terminée sans erreur critique.
2025-10-25 11:00:13,206 [INFO] ✅ Clés Bybit présentes dans .env
2025-10-25 11:00:13,207 [INFO] 🔧 Vérification du portail terminée sans erreur critique.
2025-10-25 11:00:43,505 [INFO] ✅ Clés Bybit présentes dans .env
2025-10-25 11:00:43,505 [INFO] 🔧 Vérification du portail terminée sans erreur critique.
2025-10-25 11:01:13,863 [INFO] ✅ Clés Bybit présentes dans .env
2025-10-25 11:01:13,863 [INFO] 🔧 Vérification du portail terminée sans erreur critique.
2025-10-25 11:01:44,172 [INFO] ✅ Clés Bybit présentes dans .env
2025-10-25 11:01:44,172 [INFO] 🔧 Vérification du portail terminée sans erreur critique.
2025-10-25 11:02:14,471 [INFO] ✅ Clés Bybit présentes dans .env
2025-10-25 11:02:14,471 [INFO] 🔧 Vérification du portail terminée sans erreur critique.
2025-10-25 11:02:44,808 [INFO] ✅ Clés Bybit présentes dans .env
2025-10-25 11:02:44,808 [INFO] 🔧 Vérification du portail terminée sans erreur critique.
2025-10-25 11:03:15,141 [INFO] ✅ Clés Bybit présentes dans .env
2025-10-25 11:03:15,141 [INFO] 🔧 Vérification du portail terminée sans erreur critique.
2025-10-25 11:03:45,490 [INFO] ✅ Clés Bybit présentes dans .env
2025-10-25 11:03:45,490 [INFO] 🔧 Vérification du portail terminée sans erreur critique.
2025-10-25 11:04:15,801 [INFO] ✅ Clés Bybit présentes dans .env
2025-10-25 11:04:15,801 [INFO] 🔧 Vérification du portail terminée sans erreur critique.
2025-10-25 11:04:46,096 [INFO] ✅ Clés Bybit présentes dans .env
2025-10-25 11:04:46,096 [INFO] 🔧 Vérification du portail terminée sans erreur critique.
2025-10-25 11:05:16,407 [INFO] ✅ Clés Bybit présentes dans .env
2025-10-25 11:05:16,407 [INFO] 🔧 Vérification du portail terminée sans erreur critique.
2025-10-25 11:05:46,851 [INFO] ✅ Clés Bybit présentes dans .env
2025-10-25 11:05:46,851 [INFO] 🔧 Vérification du portail terminée sans erreur critique.
2025-10-25 11:06:17,226 [INFO] ✅ Clés Bybit présentes dans .env
2025-10-25 11:06:17,226 [INFO] 🔧 Vérification du portail terminée sans erreur critique.
2025-10-25 11:06:47,571 [INFO] ✅ Clés Bybit présentes dans .env
2025-10-25 11:06:47,571 [INFO] 🔧 Vérification du portail terminée sans erreur critique.
2025-10-25 11:07:17,873 [INFO] ✅ Clés Bybit présentes dans .env
2025-10-25 11:07:17,873 [INFO] 🔧 Vérification du portail terminée sans erreur critique.
2025-10-25 11:07:48,211 [INFO] ✅ Clés Bybit présentes dans .env
2025-10-25 11:07:48,211 [INFO] 🔧 Vérification du portail terminée sans erreur critique.
2025-10-25 11:08:18,528 [INFO] ✅ Clés Bybit présentes dans .env
2025-10-25 11:08:18,529 [INFO] 🔧 Vérification du portail terminée sans erreur critique.
2025-10-25 11:08:48,844 [INFO] ✅ Clés Bybit présentes dans .env
2025-10-25 11:08:48,844 [INFO] 🔧 Vérification du portail terminée sans erreur critique.
2025-10-25 11:09:19,168 [INFO] ✅ Clés Bybit présentes dans .env
2025-10-25 11:09:19,168 [INFO] 🔧 Vérification du portail terminée sans erreur critique.
2025-10-25 11:09:49,494 [INFO] ✅ Clés Bybit présentes dans .env
2025-10-25 11:09:49,494 [INFO] 🔧 Vérification du portail terminée sans erreur critique.
2025-10-25 11:10:19,867 [INFO] ✅ Clés Bybit présentes dans .env
2025-10-25 11:10:19,867 [INFO] 🔧 Vérification du portail terminée sans erreur critique.
2025-10-25 11:10:50,193 [INFO] ✅ Clés Bybit présentes dans .env
2025-10-25 11:10:50,193 [INFO] 🔧 Vérification du portail terminée sans erreur critique.
2025-10-25 11:11:20,503 [INFO] ✅ Clés Bybit présentes dans .env
2025-10-25 11:11:20,503 [INFO] 🔧 Vérification du portail terminée sans erreur critique.
2025-10-25 11:11:50,826 [INFO] ✅ Clés Bybit présentes dans .env
2025-10-25 11:11:50,826 [INFO] 🔧 Vérification du portail terminée sans erreur critique.
2025-10-25 11:12:21,238 [INFO] ✅ Clés Bybit présentes dans .env
2025-10-25 11:12:21,238 [INFO] 🔧 Vérification du portail terminée sans erreur critique.
2025-10-25 11:12:51,541 [INFO] ✅ Clés Bybit présentes dans .env
2025-10-25 11:12:51,542 [INFO] 🔧 Vérification du portail terminée sans erreur critique.
2025-10-25 11:13:21,884 [INFO] ✅ Clés Bybit présentes dans .env
2025-10-25 11:13:21,884 [INFO] 🔧 Vérification du portail terminée sans erreur critique.
2025-10-25 11:13:52,239 [INFO] ✅ Clés Bybit présentes dans .env
2025-10-25 11:13:52,239 [INFO] 🔧 Vérification du portail terminée sans erreur critique.
2025-10-25 11:14:22,576 [INFO] ✅ Clés Bybit présentes dans .env
2025-10-25 11:14:22,576 [INFO] 🔧 Vérification du portail terminée sans erreur critique.
2025-10-25 11:14:52,927 [INFO] ✅ Clés Bybit présentes dans .env
2025-10-25 11:14:52,927 [INFO] 🔧 Vérification du portail terminée sans erreur critique.
2025-10-25 11:15:23,265 [INFO] ✅ Clés Bybit présentes dans .env
2025-10-25 11:15:23,265 [INFO] 🔧 Vérification du portail terminée sans erreur critique.
2025-10-25 11:15:53,608 [INFO] ✅ Clés Bybit présentes dans .env
2025-10-25 11:15:53,608 [INFO] 🔧 Vérification du portail terminée sans erreur critique.
2025-10-25 11:16:23,954 [INFO] ✅ Clés Bybit présentes dans .env
2025-10-25 11:16:23,954 [INFO] 🔧 Vérification du portail terminée sans erreur critique.
2025-10-25 11:16:54,308 [INFO] ✅ Clés Bybit présentes dans .env
2025-10-25 11:16:54,308 [INFO] 🔧 Vérification du portail terminée sans erreur critique.
2025-10-25 11:17:24,635 [INFO] ✅ Clés Bybit présentes dans .env
2025-10-25 11:17:24,635 [INFO] 🔧 Vérification du portail terminée sans erreur critique.
2025-10-25 11:17:55,009 [INFO] ✅ Clés Bybit présentes dans .env
2025-10-25 11:17:55,009 [INFO] 🔧 Vérification du portail terminée sans erreur critique.
2025-10-25 11:18:25,309 [INFO] ✅ Clés Bybit présentes dans .env
2025-10-25 11:18:25,309 [INFO] 🔧 Vérification du portail terminée sans erreur critique.
2025-10-25 11:18:55,671 [INFO] ✅ Clés Bybit présentes dans .env
2025-10-25 11:18:55,671 [INFO] 🔧 Vérification du portail terminée sans erreur critique.
2025-10-25 11:19:26,018 [INFO] ✅ Clés Bybit présentes dans .env
2025-10-25 11:19:26,018 [INFO] 🔧 Vérification du portail terminée sans erreur critique.
2025-10-25 11:19:56,320 [INFO] ✅ Clés Bybit présentes dans .env
2025-10-25 11:19:56,320 [INFO] 🔧 Vérification du portail terminée sans erreur critique.
2025-10-25 11:20:26,687 [INFO] ✅ Clés Bybit présentes dans .env
2025-10-25 11:20:26,687 [INFO] 🔧 Vérification du portail terminée sans erreur critique.
2025-10-25 11:20:57,019 [INFO] ✅ Clés Bybit présentes dans .env
2025-10-25 11:20:57,019 [INFO] 🔧 Vérification du portail terminée sans erreur critique.
2025-10-25 11:21:27,341 [INFO] ✅ Clés Bybit présentes dans .env
2025-10-25 11:21:27,342 [INFO] 🔧 Vérification du portail terminée sans erreur critique.
2025-10-25 11:21:57,641 [INFO] ✅ Clés Bybit présentes dans .env
2025-10-25 11:21:57,641 [INFO] 🔧 Vérification du portail terminée sans erreur critique.
2025-10-25 11:22:27,990 [INFO] ✅ Clés Bybit présentes dans .env
2025-10-25 11:22:27,990 [INFO] 🔧 Vérification du portail terminée sans erreur critique.
2025-10-25 11:22:58,310 [INFO] ✅ Clés Bybit présentes dans .env
2025-10-25 11:22:58,310 [INFO] 🔧 Vérification du portail terminée sans erreur critique.
2025-10-25 11:23:28,635 [INFO] ✅ Clés Bybit présentes dans .env
2025-10-25 11:23:28,636 [INFO] 🔧 Vérification du portail terminée sans erreur critique.
2025-10-25 11:23:58,988 [INFO] ✅ Clés Bybit présentes dans .env
2025-10-25 11:23:58,988 [INFO] 🔧 Vérification du portail terminée sans erreur critique.
2025-10-25 11:24:29,275 [INFO] ✅ Clés Bybit présentes dans .env
2025-10-25 11:24:29,275 [INFO] 🔧 Vérification du portail terminée sans erreur critique.
2025-10-25 11:24:59,601 [INFO] ✅ Clés Bybit présentes dans .env
2025-10-25 11:24:59,601 [INFO] 🔧 Vérification du portail terminée sans erreur critique.
2025-10-25 11:25:29,936 [INFO] ✅ Clés Bybit présentes dans .env
2025-10-25 11:25:29,936 [INFO] 🔧 Vérification du portail terminée sans erreur critique.
2025-10-25 11:26:00,271 [INFO] ✅ Clés Bybit présentes dans .env
2025-10-25 11:26:00,271 [INFO] 🔧 Vérification du portail terminée sans erreur critique.
2025-10-25 11:26:30,568 [INFO] ✅ Clés Bybit présentes dans .env
2025-10-25 11:26:30,568 [INFO] 🔧 Vérification du portail terminée sans erreur critique.
2025-10-25 11:27:00,932 [INFO] ✅ Clés Bybit présentes dans .env
2025-10-25 11:27:00,932 [INFO] 🔧 Vérification du portail terminée sans erreur critique.
2025-10-25 11:27:31,332 [INFO] ✅ Clés Bybit présentes dans .env
2025-10-25 11:27:31,332 [INFO] 🔧 Vérification du portail terminée sans erreur critique.
2025-10-25 11:28:01,665 [INFO] ✅ Clés Bybit présentes dans .env
2025-10-25 11:28:01,665 [INFO] 🔧 Vérification du portail terminée sans erreur critique.
2025-10-25 11:28:31,969 [INFO] ✅ Clés Bybit présentes dans .env
2025-10-25 11:28:31,969 [INFO] 🔧 Vérification du portail terminée sans erreur critique.
2025-10-25 11:29:02,263 [INFO] ✅ Clés Bybit présentes dans .env
2025-10-25 11:29:02,263 [INFO] 🔧 Vérification du portail terminée sans erreur critique.
2025-10-25 11:29:32,580 [INFO] ✅ Clés Bybit présentes dans .env
2025-10-25 11:29:32,580 [INFO] 🔧 Vérification du portail terminée sans erreur critique.
2025-10-25 11:30:02,954 [INFO] ✅ Clés Bybit présentes dans .env
2025-10-25 11:30:02,954 [INFO] 🔧 Vérification du portail terminée sans erreur critique.
2025-10-25 11:30:33,269 [INFO] ✅ Clés Bybit présentes dans .env
2025-10-25 11:30:33,269 [INFO] 🔧 Vérification du portail terminée sans erreur critique.
2025-10-25 11:31:03,596 [INFO] ✅ Clés Bybit présentes dans .env
2025-10-25 11:31:03,596 [INFO] 🔧 Vérification du portail terminée sans erreur critique.
2025-10-25 11:31:33,911 [INFO] ✅ Clés Bybit présentes dans .env
2025-10-25 11:31:33,911 [INFO] 🔧 Vérification du portail terminée sans erreur critique.
2025-10-25 11:32:04,265 [INFO] ✅ Clés Bybit présentes dans .env
2025-10-25 11:32:04,265 [INFO] 🔧 Vérification du portail terminée sans erreur critique.
2025-10-25 11:32:34,620 [INFO] ✅ Clés Bybit présentes dans .env
2025-10-25 11:32:34,621 [INFO] 🔧 Vérification du portail terminée sans erreur critique.
2025-10-25 11:33:04,932 [INFO] ✅ Clés Bybit présentes dans .env
2025-10-25 11:33:04,932 [INFO] 🔧 Vérification du portail terminée sans erreur critique.
2025-10-25 11:33:35,265 [INFO] ✅ Clés Bybit présentes dans .env
2025-10-25 11:33:35,265 [INFO] 🔧 Vérification du portail terminée sans erreur critique.
2025-10-25 11:34:05,560 [INFO] ✅ Clés Bybit présentes dans .env
2025-10-25 11:34:05,560 [INFO] 🔧 Vérification du portail terminée sans erreur critique.
2025-10-25 11:34:35,877 [INFO] ✅ Clés Bybit présentes dans .env
2025-10-25 11:34:35,877 [INFO] 🔧 Vérification du portail terminée sans erreur critique.
2025-10-25 11:35:06,179 [INFO] ✅ Clés Bybit présentes dans .env
2025-10-25 11:35:06,180 [INFO] 🔧 Vérification du portail terminée sans erreur critique.
2025-10-25 11:35:36,501 [INFO] ✅ Clés Bybit présentes dans .env
2025-10-25 11:35:36,501 [INFO] 🔧 Vérification du portail terminée sans erreur critique.
2025-10-25 11:36:06,823 [INFO] ✅ Clés Bybit présentes dans .env
2025-10-25 11:36:06,823 [INFO] 🔧 Vérification du portail terminée sans erreur critique.
2025-10-25 11:36:37,143 [INFO] ✅ Clés Bybit présentes dans .env
2025-10-25 11:36:37,143 [INFO] 🔧 Vérification du portail terminée sans erreur critique.
2025-10-25 11:37:07,465 [INFO] ✅ Clés Bybit présentes dans .env
2025-10-25 11:37:07,465 [INFO] 🔧 Vérification du portail terminée sans erreur critique.
2025-10-25 11:37:37,794 [INFO] ✅ Clés Bybit présentes dans .env
2025-10-25 11:37:37,794 [INFO] 🔧 Vérification du portail terminée sans erreur critique.
2025-10-25 11:38:08,120 [INFO] ✅ Clés Bybit présentes dans .env
2025-10-25 11:38:08,120 [INFO] 🔧 Vérification du portail terminée sans erreur critique.
2025-10-25 11:38:38,709 [INFO] ✅ Clés Bybit présentes dans .env
2025-10-25 11:38:38,709 [INFO] 🔧 Vérification du portail terminée sans erreur critique.
2025-10-25 11:39:09,111 [INFO] ✅ Clés Bybit présentes dans .env
2025-10-25 11:39:09,111 [INFO] 🔧 Vérification du portail terminée sans erreur critique.
2025-10-25 11:39:39,411 [INFO] ✅ Clés Bybit présentes dans .env
2025-10-25 11:39:39,412 [INFO] 🔧 Vérification du portail terminée sans erreur critique.
2025-10-25 11:40:09,711 [INFO] ✅ Clés Bybit présentes dans .env
2025-10-25 11:40:09,711 [INFO] 🔧 Vérification du portail terminée sans erreur critique.
2025-10-25 11:40:40,002 [INFO] ✅ Clés Bybit présentes dans .env
2025-10-25 11:40:40,003 [INFO] 🔧 Vérification du portail terminée sans erreur critique.
2025-10-25 11:41:10,322 [INFO] ✅ Clés Bybit présentes dans .env
2025-10-25 11:41:10,322 [INFO] 🔧 Vérification du portail terminée sans erreur critique.
2025-10-25 11:41:40,638 [INFO] ✅ Clés Bybit présentes dans .env
2025-10-25 11:41:40,638 [INFO] 🔧 Vérification du portail terminée sans erreur critique.
2025-10-25 11:42:10,993 [INFO] ✅ Clés Bybit présentes dans .env
2025-10-25 11:42:10,993 [INFO] 🔧 Vérification du portail terminée sans erreur critique.
2025-10-25 11:42:41,326 [INFO] ✅ Clés Bybit présentes dans .env
2025-10-25 11:42:41,326 [INFO] 🔧 Vérification du portail terminée sans erreur critique.
2025-10-25 11:43:11,672 [INFO] ✅ Clés Bybit présentes dans .env
2025-10-25 11:43:11,672 [INFO] 🔧 Vérification du portail terminée sans erreur critique.
2025-10-25 11:43:41,994 [INFO] ✅ Clés Bybit présentes dans .env
2025-10-25 11:43:41,994 [INFO] 🔧 Vérification du portail terminée sans erreur critique.
2025-10-25 11:44:12,325 [INFO] ✅ Clés Bybit présentes dans .env
2025-10-25 11:44:12,325 [INFO] 🔧 Vérification du portail terminée sans erreur critique.
2025-10-25 11:44:42,634 [INFO] ✅ Clés Bybit présentes dans .env
2025-10-25 11:44:42,634 [INFO] 🔧 Vérification du portail terminée sans erreur critique.
2025-10-25 11:45:12,931 [INFO] ✅ Clés Bybit présentes dans .env
2025-10-25 11:45:12,931 [INFO] 🔧 Vérification du portail terminée sans erreur critique.
2025-10-25 11:45:43,248 [INFO] ✅ Clés Bybit présentes dans .env
2025-10-25 11:45:43,248 [INFO] 🔧 Vérification du portail terminée sans erreur critique.
2025-10-25 11:46:13,553 [INFO] ✅ Clés Bybit présentes dans .env
2025-10-25 11:46:13,553 [INFO] 🔧 Vérification du portail terminée sans erreur critique.
2025-10-25 11:46:43,869 [INFO] ✅ Clés Bybit présentes dans .env
2025-10-25 11:46:43,869 [INFO] 🔧 Vérification du portail terminée sans erreur critique.
2025-10-25 11:47:14,198 [INFO] ✅ Clés Bybit présentes dans .env
2025-10-25 11:47:14,198 [INFO] 🔧 Vérification du portail terminée sans erreur critique.
2025-10-25 11:47:44,518 [INFO] ✅ Clés Bybit présentes dans .env
2025-10-25 11:47:44,518 [INFO] 🔧 Vérification du portail terminée sans erreur critique.
2025-10-25 11:48:14,822 [INFO] ✅ Clés Bybit présentes dans .env
2025-10-25 11:48:14,823 [INFO] 🔧 Vérification du portail terminée sans erreur critique.
2025-10-25 11:48:45,136 [INFO] ✅ Clés Bybit présentes dans .env
2025-10-25 11:48:45,136 [INFO] 🔧 Vérification du portail terminée sans erreur critique.
2025-10-25 11:49:15,459 [INFO] ✅ Clés Bybit présentes dans .env
2025-10-25 11:49:15,459 [INFO] 🔧 Vérification du portail terminée sans erreur critique.
2025-10-25 11:49:45,733 [INFO] ✅ Clés Bybit présentes dans .env
2025-10-25 11:49:45,733 [INFO] 🔧 Vérification du portail terminée sans erreur critique.
2025-10-25 11:50:16,018 [INFO] ✅ Clés Bybit présentes dans .env
2025-10-25 11:50:16,018 [INFO] 🔧 Vérification du portail terminée sans erreur critique.
2025-10-25 11:50:46,374 [INFO] ✅ Clés Bybit présentes dans .env
2025-10-25 11:50:46,374 [INFO] 🔧 Vérification du portail terminée sans erreur critique.
2025-10-25 11:51:16,716 [INFO] ✅ Clés Bybit présentes dans .env
2025-10-25 11:51:16,716 [INFO] 🔧 Vérification du portail terminée sans erreur critique.
2025-10-25 11:51:47,007 [INFO] ✅ Clés Bybit présentes dans .env
2025-10-25 11:51:47,007 [INFO] 🔧 Vérification du portail terminée sans erreur critique.
2025-10-25 11:52:17,342 [INFO] ✅ Clés Bybit présentes dans .env
2025-10-25 11:52:17,342 [INFO] 🔧 Vérification du portail terminée sans erreur critique.
2025-10-25 11:52:47,651 [INFO] ✅ Clés Bybit présentes dans .env
2025-10-25 11:52:47,651 [INFO] 🔧 Vérification du portail terminée sans erreur critique.
2025-10-25 11:53:17,964 [INFO] ✅ Clés Bybit présentes dans .env
2025-10-25 11:53:17,964 [INFO] 🔧 Vérification du portail terminée sans erreur critique.
2025-10-25 11:53:48,324 [INFO] ✅ Clés Bybit présentes dans .env
2025-10-25 11:53:48,324 [INFO] 🔧 Vérification du portail terminée sans erreur critique.
2025-10-25 11:54:18,629 [INFO] ✅ Clés Bybit présentes dans .env
2025-10-25 11:54:18,629 [INFO] 🔧 Vérification du portail terminée sans erreur critique.
2025-10-25 11:54:48,950 [INFO] ✅ Clés Bybit présentes dans .env
2025-10-25 11:54:48,950 [INFO] 🔧 Vérification du portail terminée sans erreur critique.
2025-10-25 11:55:19,244 [INFO] ✅ Clés Bybit présentes dans .env
2025-10-25 11:55:19,244 [INFO] 🔧 Vérification du portail terminée sans erreur critique.
2025-10-25 11:55:49,591 [INFO] ✅ Clés Bybit présentes dans .env
2025-10-25 11:55:49,591 [INFO] 🔧 Vérification du portail terminée sans erreur critique.
2025-10-25 11:56:19,932 [INFO] ✅ Clés Bybit présentes dans .env
2025-10-25 11:56:19,932 [INFO] 🔧 Vérification du portail terminée sans erreur critique.
2025-10-25 11:56:50,312 [INFO] ✅ Clés Bybit présentes dans .env
2025-10-25 11:56:50,313 [INFO] 🔧 Vérification du portail terminée sans erreur critique.
2025-10-25 11:57:20,675 [INFO] ✅ Clés Bybit présentes dans .env
2025-10-25 11:57:20,675 [INFO] 🔧 Vérification du portail terminée sans erreur critique.
2025-10-25 11:57:51,026 [INFO] ✅ Clés Bybit présentes dans .env
2025-10-25 11:57:51,026 [INFO] 🔧 Vérification du portail terminée sans erreur critique.
2025-10-25 11:58:21,319 [INFO] ✅ Clés Bybit présentes dans .env
2025-10-25 11:58:21,319 [INFO] 🔧 Vérification du portail terminée sans erreur critique.
2025-10-25 11:58:51,703 [INFO] ✅ Clés Bybit présentes dans .env
2025-10-25 11:58:51,703 [INFO] 🔧 Vérification du portail terminée sans erreur critique.
2025-10-25 11:59:22,013 [INFO] ✅ Clés Bybit présentes dans .env
2025-10-25 11:59:22,013 [INFO] 🔧 Vérification du portail terminée sans erreur critique.
2025-10-25 11:59:52,357 [INFO] ✅ Clés Bybit présentes dans .env
2025-10-25 11:59:52,357 [INFO] 🔧 Vérification du portail terminée sans erreur critique.
2025-10-25 12:00:22,703 [INFO] ✅ Clés Bybit présentes dans .env
2025-10-25 12:00:22,703 [INFO] 🔧 Vérification du portail terminée sans erreur critique.
2025-10-25 12:00:53,038 [INFO] ✅ Clés Bybit présentes dans .env
2025-10-25 12:00:53,038 [INFO] 🔧 Vérification du portail terminée sans erreur critique.
2025-10-25 12:01:23,402 [INFO] ✅ Clés Bybit présentes dans .env
2025-10-25 12:01:23,402 [INFO] 🔧 Vérification du portail terminée sans erreur critique.
2025-10-25 12:01:53,728 [INFO] ✅ Clés Bybit présentes dans .env
2025-10-25 12:01:53,728 [INFO] 🔧 Vérification du portail terminée sans erreur critique.
2025-10-25 12:02:24,038 [INFO] ✅ Clés Bybit présentes dans .env
2025-10-25 12:02:24,038 [INFO] 🔧 Vérification du portail terminée sans erreur critique.
2025-10-25 12:02:54,490 [INFO] ✅ Clés Bybit présentes dans .env
2025-10-25 12:02:54,490 [INFO] 🔧 Vérification du portail terminée sans erreur critique.
2025-10-25 12:03:24,925 [INFO] ✅ Clés Bybit présentes dans .env
2025-10-25 12:03:24,925 [INFO] 🔧 Vérification du portail terminée sans erreur critique.
2025-10-25 12:03:55,242 [INFO] ✅ Clés Bybit présentes dans .env
2025-10-25 12:03:55,242 [INFO] 🔧 Vérification du portail terminée sans erreur critique.
2025-10-25 12:04:25,565 [INFO] ✅ Clés Bybit présentes dans .env
2025-10-25 12:04:25,565 [INFO] 🔧 Vérification du portail terminée sans erreur critique.
2025-10-25 12:04:55,923 [INFO] ✅ Clés Bybit présentes dans .env
2025-10-25 12:04:55,923 [INFO] 🔧 Vérification du portail terminée sans erreur critique.
2025-10-25 12:05:26,295 [INFO] ✅ Clés Bybit présentes dans .env
2025-10-25 12:05:26,295 [INFO] 🔧 Vérification du portail terminée sans erreur critique.
2025-10-25 12:05:56,574 [INFO] ✅ Clés Bybit présentes dans .env
2025-10-25 12:05:56,574 [INFO] 🔧 Vérification du portail terminée sans erreur critique.
2025-10-25 12:06:26,949 [INFO] ✅ Clés Bybit présentes dans .env
2025-10-25 12:06:26,950 [INFO] 🔧 Vérification du portail terminée sans erreur critique.
2025-10-25 12:06:57,242 [INFO] ✅ Clés Bybit présentes dans .env
2025-10-25 12:06:57,242 [INFO] 🔧 Vérification du portail terminée sans erreur critique.
2025-10-25 12:07:27,535 [INFO] ✅ Clés Bybit présentes dans .env
2025-10-25 12:07:27,535 [INFO] 🔧 Vérification du portail terminée sans erreur critique.
2025-10-25 12:07:57,858 [INFO] ✅ Clés Bybit présentes dans .env
2025-10-25 12:07:57,858 [INFO] 🔧 Vérification du portail terminée sans erreur critique.
2025-10-25 12:08:28,243 [INFO] ✅ Clés Bybit présentes dans .env
2025-10-25 12:08:28,243 [INFO] 🔧 Vérification du portail terminée sans erreur critique.
2025-10-25 12:08:58,621 [INFO] ✅ Clés Bybit présentes dans .env
2025-10-25 12:08:58,621 [INFO] 🔧 Vérification du portail terminée sans erreur critique.
2025-10-25 12:09:28,985 [INFO] ✅ Clés Bybit présentes dans .env
2025-10-25 12:09:28,985 [INFO] 🔧 Vérification du portail terminée sans erreur critique.
2025-10-25 12:09:59,322 [INFO] ✅ Clés Bybit présentes dans .env
2025-10-25 12:09:59,322 [INFO] 🔧 Vérification du portail terminée sans erreur critique.
2025-10-25 12:10:29,653 [INFO] ✅ Clés Bybit présentes dans .env
2025-10-25 12:10:29,654 [INFO] 🔧 Vérification du portail terminée sans erreur critique.
2025-10-25 12:11:00,043 [INFO] ✅ Clés Bybit présentes dans .env
2025-10-25 12:11:00,043 [INFO] 🔧 Vérification du portail terminée sans erreur critique.
2025-10-25 12:11:30,431 [INFO] ✅ Clés Bybit présentes dans .env
2025-10-25 12:11:30,431 [INFO] 🔧 Vérification du portail terminée sans erreur critique.
2025-10-25 12:12:00,739 [INFO] ✅ Clés Bybit présentes dans .env
2025-10-25 12:12:00,739 [INFO] 🔧 Vérification du portail terminée sans erreur critique.
2025-10-25 12:12:31,089 [INFO] ✅ Clés Bybit présentes dans .env
2025-10-25 12:12:31,089 [INFO] 🔧 Vérification du portail terminée sans erreur critique.
2025-10-25 12:13:01,455 [INFO] ✅ Clés Bybit présentes dans .env
2025-10-25 12:13:01,455 [INFO] 🔧 Vérification du portail terminée sans erreur critique.
2025-10-25 12:13:31,768 [INFO] ✅ Clés Bybit présentes dans .env
2025-10-25 12:13:31,769 [INFO] 🔧 Vérification du portail terminée sans erreur critique.
2025-10-25 12:14:02,128 [INFO] ✅ Clés Bybit présentes dans .env
2025-10-25 12:14:02,128 [INFO] 🔧 Vérification du portail terminée sans erreur critique.
2025-10-25 12:14:32,468 [INFO] ✅ Clés Bybit présentes dans .env
2025-10-25 12:14:32,468 [INFO] 🔧 Vérification du portail terminée sans erreur critique.
2025-10-25 12:15:02,795 [INFO] ✅ Clés Bybit présentes dans .env
2025-10-25 12:15:02,795 [INFO] 🔧 Vérification du portail terminée sans erreur critique.
2025-10-25 12:15:33,134 [INFO] ✅ Clés Bybit présentes dans .env
2025-10-25 12:15:33,134 [INFO] 🔧 Vérification du portail terminée sans erreur critique.
2025-10-25 12:16:03,476 [INFO] ✅ Clés Bybit présentes dans .env
2025-10-25 12:16:03,476 [INFO] 🔧 Vérification du portail terminée sans erreur critique.
2025-10-25 12:16:33,788 [INFO] ✅ Clés Bybit présentes dans .env
2025-10-25 12:16:33,789 [INFO] 🔧 Vérification du portail terminée sans erreur critique.
2025-10-25 12:17:04,145 [INFO] ✅ Clés Bybit présentes dans .env
2025-10-25 12:17:04,145 [INFO] 🔧 Vérification du portail terminée sans erreur critique.
2025-10-25 12:17:34,444 [INFO] ✅ Clés Bybit présentes dans .env
2025-10-25 12:17:34,444 [INFO] 🔧 Vérification du portail terminée sans erreur critique.
2025-10-25 12:18:04,749 [INFO] ✅ Clés Bybit présentes dans .env
2025-10-25 12:18:04,749 [INFO] 🔧 Vérification du portail terminée sans erreur critique.
2025-10-25 12:18:35,099 [INFO] ✅ Clés Bybit présentes dans .env
2025-10-25 12:18:35,100 [INFO] 🔧 Vérification du portail terminée sans erreur critique.
2025-10-25 12:19:05,463 [INFO] ✅ Clés Bybit présentes dans .env
2025-10-25 12:19:05,464 [INFO] 🔧 Vérification du portail terminée sans erreur critique.
2025-10-25 12:19:35,784 [INFO] ✅ Clés Bybit présentes dans .env
2025-10-25 12:19:35,784 [INFO] 🔧 Vérification du portail terminée sans erreur critique.
2025-10-25 12:20:06,122 [INFO] ✅ Clés Bybit présentes dans .env
2025-10-25 12:20:06,122 [INFO] 🔧 Vérification du portail terminée sans erreur critique.
2025-10-25 12:20:36,458 [INFO] ✅ Clés Bybit présentes dans .env
2025-10-25 12:20:36,458 [INFO] 🔧 Vérification du portail terminée sans erreur critique.
2025-10-25 12:21:06,764 [INFO] ✅ Clés Bybit présentes dans .env
2025-10-25 12:21:06,764 [INFO] 🔧 Vérification du portail terminée sans erreur critique.
2025-10-25 12:21:37,068 [INFO] ✅ Clés Bybit présentes dans .env
2025-10-25 12:21:37,068 [INFO] 🔧 Vérification du portail terminée sans erreur critique.
2025-10-25 12:22:07,364 [INFO] ✅ Clés Bybit présentes dans .env
2025-10-25 12:22:07,364 [INFO] 🔧 Vérification du portail terminée sans erreur critique.
2025-10-25 12:22:37,679 [INFO] ✅ Clés Bybit présentes dans .env
2025-10-25 12:22:37,680 [INFO] 🔧 Vérification du portail terminée sans erreur critique.
2025-10-25 12:23:08,031 [INFO] ✅ Clés Bybit présentes dans .env
2025-10-25 12:23:08,031 [INFO] 🔧 Vérification du portail terminée sans erreur critique.
2025-10-25 12:23:38,357 [INFO] ✅ Clés Bybit présentes dans .env
2025-10-25 12:23:38,357 [INFO] 🔧 Vérification du portail terminée sans erreur critique.
2025-10-25 12:24:08,652 [INFO] ✅ Clés Bybit présentes dans .env
2025-10-25 12:24:08,652 [INFO] 🔧 Vérification du portail terminée sans erreur critique.
2025-10-25 12:24:38,981 [INFO] ✅ Clés Bybit présentes dans .env
2025-10-25 12:24:38,981 [INFO] 🔧 Vérification du portail terminée sans erreur critique.
2025-10-25 12:25:09,328 [INFO] ✅ Clés Bybit présentes dans .env
2025-10-25 12:25:09,328 [INFO] 🔧 Vérification du portail terminée sans erreur critique.
2025-10-25 12:25:39,709 [INFO] ✅ Clés Bybit présentes dans .env
2025-10-25 12:25:39,710 [INFO] 🔧 Vérification du portail terminée sans erreur critique.
2025-10-25 12:26:10,045 [INFO] ✅ Clés Bybit présentes dans .env
2025-10-25 12:26:10,045 [INFO] 🔧 Vérification du portail terminée sans erreur critique.
2025-10-25 12:26:40,419 [INFO] ✅ Clés Bybit présentes dans .env
2025-10-25 12:26:40,419 [INFO] 🔧 Vérification du portail terminée sans erreur critique.
2025-10-25 12:27:10,829 [INFO] ✅ Clés Bybit présentes dans .env
2025-10-25 12:27:10,829 [INFO] 🔧 Vérification du portail terminée sans erreur critique.
2025-10-25 12:27:41,182 [INFO] ✅ Clés Bybit présentes dans .env
2025-10-25 12:27:41,182 [INFO] 🔧 Vérification du portail terminée sans erreur critique.
2025-10-25 12:28:11,531 [INFO] ✅ Clés Bybit présentes dans .env
2025-10-25 12:28:11,531 [INFO] 🔧 Vérification du portail terminée sans erreur critique.
2025-10-25 12:28:41,884 [INFO] ✅ Clés Bybit présentes dans .env
2025-10-25 12:28:41,884 [INFO] 🔧 Vérification du portail terminée sans erreur critique.
2025-10-25 12:29:12,224 [INFO] ✅ Clés Bybit présentes dans .env
2025-10-25 12:29:12,224 [INFO] 🔧 Vérification du portail terminée sans erreur critique.
2025-10-25 12:29:42,522 [INFO] ✅ Clés Bybit présentes dans .env
2025-10-25 12:29:42,522 [INFO] 🔧 Vérification du portail terminée sans erreur critique.
2025-10-25 12:30:12,894 [INFO] ✅ Clés Bybit présentes dans .env
2025-10-25 12:30:12,894 [INFO] 🔧 Vérification du portail terminée sans erreur critique.
2025-10-25 12:30:43,266 [INFO] ✅ Clés Bybit présentes dans .env
2025-10-25 12:30:43,266 [INFO] 🔧 Vérification du portail terminée sans erreur critique.
2025-10-25 12:31:13,616 [INFO] ✅ Clés Bybit présentes dans .env
2025-10-25 12:31:13,616 [INFO] 🔧 Vérification du portail terminée sans erreur critique.
2025-10-25 12:31:43,938 [INFO] ✅ Clés Bybit présentes dans .env
2025-10-25 12:31:43,938 [INFO] 🔧 Vérification du portail terminée sans erreur critique.
2025-10-25 12:32:14,317 [INFO] ✅ Clés Bybit présentes dans .env
2025-10-25 12:32:14,317 [INFO] 🔧 Vérification du portail terminée sans erreur critique.
2025-10-25 12:32:44,650 [INFO] ✅ Clés Bybit présentes dans .env
2025-10-25 12:32:44,650 [INFO] 🔧 Vérification du portail terminée sans erreur critique.
2025-10-25 12:33:15,000 [INFO] ✅ Clés Bybit présentes dans .env
2025-10-25 12:33:15,001 [INFO] 🔧 Vérification du portail terminée sans erreur critique.
2025-10-25 12:33:45,318 [INFO] ✅ Clés Bybit présentes dans .env
2025-10-25 12:33:45,318 [INFO] 🔧 Vérification du portail terminée sans erreur critique.
2025-10-25 12:34:15,645 [INFO] ✅ Clés Bybit présentes dans .env
2025-10-25 12:34:15,645 [INFO] 🔧 Vérification du portail terminée sans erreur critique.
2025-10-25 12:34:46,006 [INFO] ✅ Clés Bybit présentes dans .env
2025-10-25 12:34:46,007 [INFO] 🔧 Vérification du portail terminée sans erreur critique.
2025-10-25 12:35:16,317 [INFO] ✅ Clés Bybit présentes dans .env
2025-10-25 12:35:16,317 [INFO] 🔧 Vérification du portail terminée sans erreur critique.
2025-10-25 12:35:46,655 [INFO] ✅ Clés Bybit présentes dans .env
2025-10-25 12:35:46,655 [INFO] 🔧 Vérification du portail terminée sans erreur critique.
2025-10-25 12:36:16,938 [INFO] ✅ Clés Bybit présentes dans .env
2025-10-25 12:36:16,938 [INFO] 🔧 Vérification du portail terminée sans erreur critique.
2025-10-25 12:36:47,262 [INFO] ✅ Clés Bybit présentes dans .env
2025-10-25 12:36:47,262 [INFO] 🔧 Vérification du portail terminée sans erreur critique.
2025-10-25 12:37:17,584 [INFO] ✅ Clés Bybit présentes dans .env
2025-10-25 12:37:17,584 [INFO] 🔧 Vérification du portail terminée sans erreur critique.
2025-10-25 12:37:47,960 [INFO] ✅ Clés Bybit présentes dans .env
2025-10-25 12:37:47,961 [INFO] 🔧 Vérification du portail terminée sans erreur critique.
2025-10-25 12:38:18,329 [INFO] ✅ Clés Bybit présentes dans .env
2025-10-25 12:38:18,329 [INFO] 🔧 Vérification du portail terminée sans erreur critique.
2025-10-25 12:38:48,616 [INFO] ✅ Clés Bybit présentes dans .env
2025-10-25 12:38:48,616 [INFO] 🔧 Vérification du portail terminée sans erreur critique.
2025-10-25 12:39:18,913 [INFO] ✅ Clés Bybit présentes dans .env
2025-10-25 12:39:18,914 [INFO] 🔧 Vérification du portail terminée sans erreur critique.
2025-10-25 12:39:49,211 [INFO] ✅ Clés Bybit présentes dans .env
2025-10-25 12:39:49,211 [INFO] 🔧 Vérification du portail terminée sans erreur critique.
2025-10-25 12:40:19,522 [INFO] ✅ Clés Bybit présentes dans .env
2025-10-25 12:40:19,522 [INFO] 🔧 Vérification du portail terminée sans erreur critique.
2025-10-25 12:40:49,871 [INFO] ✅ Clés Bybit présentes dans .env
2025-10-25 12:40:49,871 [INFO] 🔧 Vérification du portail terminée sans erreur critique.
2025-10-25 12:41:20,224 [INFO] ✅ Clés Bybit présentes dans .env
2025-10-25 12:41:20,224 [INFO] 🔧 Vérification du portail terminée sans erreur critique.
2025-10-25 12:41:50,571 [INFO] ✅ Clés Bybit présentes dans .env
2025-10-25 12:41:50,571 [INFO] 🔧 Vérification du portail terminée sans erreur critique.
2025-10-25 12:42:20,886 [INFO] ✅ Clés Bybit présentes dans .env
2025-10-25 12:42:20,887 [INFO] 🔧 Vérification du portail terminée sans erreur critique.
2025-10-25 12:42:51,220 [INFO] ✅ Clés Bybit présentes dans .env
2025-10-25 12:42:51,220 [INFO] 🔧 Vérification du portail terminée sans erreur critique.
2025-10-25 12:43:21,507 [INFO] ✅ Clés Bybit présentes dans .env
2025-10-25 12:43:21,507 [INFO] 🔧 Vérification du portail terminée sans erreur critique.
2025-10-25 12:43:51,882 [INFO] ✅ Clés Bybit présentes dans .env
2025-10-25 12:43:51,882 [INFO] 🔧 Vérification du portail terminée sans erreur critique.
2025-10-25 12:44:22,240 [INFO] ✅ Clés Bybit présentes dans .env
2025-10-25 12:44:22,240 [INFO] 🔧 Vérification du portail terminée sans erreur critique.
2025-10-25 12:44:52,609 [INFO] ✅ Clés Bybit présentes dans .env
2025-10-25 12:44:52,609 [INFO] 🔧 Vérification du portail terminée sans erreur critique.
2025-10-25 12:45:22,984 [INFO] ✅ Clés Bybit présentes dans .env
2025-10-25 12:45:22,984 [INFO] 🔧 Vérification du portail terminée sans erreur critique.
2025-10-25 12:45:53,346 [INFO] ✅ Clés Bybit présentes dans .env
2025-10-25 12:45:53,346 [INFO] 🔧 Vérification du portail terminée sans erreur critique.
2025-10-25 12:46:23,639 [INFO] ✅ Clés Bybit présentes dans .env
2025-10-25 12:46:23,639 [INFO] 🔧 Vérification du portail terminée sans erreur critique.
2025-10-25 12:46:53,965 [INFO] ✅ Clés Bybit présentes dans .env
2025-10-25 12:46:53,965 [INFO] 🔧 Vérification du portail terminée sans erreur critique.
2025-10-25 12:47:24,262 [INFO] ✅ Clés Bybit présentes dans .env
2025-10-25 12:47:24,262 [INFO] 🔧 Vérification du portail terminée sans erreur critique.
2025-10-25 12:47:54,568 [INFO] ✅ Clés Bybit présentes dans .env
2025-10-25 12:47:54,568 [INFO] 🔧 Vérification du portail terminée sans erreur critique.
2025-10-25 12:48:24,854 [INFO] ✅ Clés Bybit présentes dans .env
2025-10-25 12:48:24,854 [INFO] 🔧 Vérification du portail terminée sans erreur critique.
2025-10-25 12:48:55,115 [INFO] ✅ Clés Bybit présentes dans .env
2025-10-25 12:48:55,115 [INFO] 🔧 Vérification du portail terminée sans erreur critique.
2025-10-25 12:49:25,388 [INFO] ✅ Clés Bybit présentes dans .env
2025-10-25 12:49:25,388 [INFO] 🔧 Vérification du portail terminée sans erreur critique.
2025-10-25 12:49:55,694 [INFO] ✅ Clés Bybit présentes dans .env
2025-10-25 12:49:55,694 [INFO] 🔧 Vérification du portail terminée sans erreur critique.
2025-10-25 12:50:26,036 [INFO] ✅ Clés Bybit présentes dans .env
2025-10-25 12:50:26,036 [INFO] 🔧 Vérification du portail terminée sans erreur critique.
2025-10-25 12:50:56,391 [INFO] ✅ Clés Bybit présentes dans .env
2025-10-25 12:50:56,391 [INFO] 🔧 Vérification du portail terminée sans erreur critique.
2025-10-25 12:51:26,748 [INFO] ✅ Clés Bybit présentes dans .env
2025-10-25 12:51:26,748 [INFO] 🔧 Vérification du portail terminée sans erreur critique.
2025-10-25 12:51:57,119 [INFO] ✅ Clés Bybit présentes dans .env
2025-10-25 12:51:57,120 [INFO] 🔧 Vérification du portail terminée sans erreur critique.
2025-10-25 12:52:27,480 [INFO] ✅ Clés Bybit présentes dans .env
2025-10-25 12:52:27,480 [INFO] 🔧 Vérification du portail terminée sans erreur critique.
2025-10-25 12:52:57,798 [INFO] ✅ Clés Bybit présentes dans .env
2025-10-25 12:52:57,798 [INFO] 🔧 Vérification du portail terminée sans erreur critique.
2025-10-25 12:53:28,145 [INFO] ✅ Clés Bybit présentes dans .env
2025-10-25 12:53:28,145 [INFO] 🔧 Vérification du portail terminée sans erreur critique.
2025-10-25 12:53:58,477 [INFO] ✅ Clés Bybit présentes dans .env
2025-10-25 12:53:58,477 [INFO] 🔧 Vérification du portail terminée sans erreur critique.
2025-10-25 12:54:28,831 [INFO] ✅ Clés Bybit présentes dans .env
2025-10-25 12:54:28,831 [INFO] 🔧 Vérification du portail terminée sans erreur critique.
2025-10-25 12:54:59,155 [INFO] ✅ Clés Bybit présentes dans .env
2025-10-25 12:54:59,156 [INFO] 🔧 Vérification du portail terminée sans erreur critique.
2025-10-25 12:55:29,485 [INFO] ✅ Clés Bybit présentes dans .env
2025-10-25 12:55:29,485 [INFO] 🔧 Vérification du portail terminée sans erreur critique.
2025-10-25 12:55:59,787 [INFO] ✅ Clés Bybit présentes dans .env
2025-10-25 12:55:59,787 [INFO] 🔧 Vérification du portail terminée sans erreur critique.
2025-10-25 12:56:30,113 [INFO] ✅ Clés Bybit présentes dans .env
2025-10-25 12:56:30,113 [INFO] 🔧 Vérification du portail terminée sans erreur critique.
2025-10-25 12:57:00,404 [INFO] ✅ Clés Bybit présentes dans .env
2025-10-25 12:57:00,404 [INFO] 🔧 Vérification du portail terminée sans erreur critique.
2025-10-25 12:57:30,735 [INFO] ✅ Clés Bybit présentes dans .env
2025-10-25 12:57:30,735 [INFO] 🔧 Vérification du portail terminée sans erreur critique.
2025-10-25 12:58:01,064 [INFO] ✅ Clés Bybit présentes dans .env
2025-10-25 12:58:01,064 [INFO] 🔧 Vérification du portail terminée sans erreur critique.
2025-10-25 12:58:31,361 [INFO] ✅ Clés Bybit présentes dans .env
2025-10-25 12:58:31,362 [INFO] 🔧 Vérification du portail terminée sans erreur critique.
2025-10-25 12:59:01,669 [INFO] ✅ Clés Bybit présentes dans .env
2025-10-25 12:59:01,669 [INFO] 🔧 Vérification du portail terminée sans erreur critique.
2025-10-25 12:59:31,954 [INFO] ✅ Clés Bybit présentes dans .env
2025-10-25 12:59:31,954 [INFO] 🔧 Vérification du portail terminée sans erreur critique.
2025-10-25 13:00:02,342 [INFO] ✅ Clés Bybit présentes dans .env
2025-10-25 13:00:02,342 [INFO] 🔧 Vérification du portail terminée sans erreur critique.
2025-10-25 13:00:32,683 [INFO] ✅ Clés Bybit présentes dans .env
2025-10-25 13:00:32,684 [INFO] 🔧 Vérification du portail terminée sans erreur critique.
2025-10-25 13:01:03,006 [INFO] ✅ Clés Bybit présentes dans .env
2025-10-25 13:01:03,006 [INFO] 🔧 Vérification du portail terminée sans erreur critique.
2025-10-25 13:01:33,345 [INFO] ✅ Clés Bybit présentes dans .env
2025-10-25 13:01:33,345 [INFO] 🔧 Vérification du portail terminée sans erreur critique.
2025-10-25 13:02:03,704 [INFO] ✅ Clés Bybit présentes dans .env
2025-10-25 13:02:03,704 [INFO] 🔧 Vérification du portail terminée sans erreur critique.
2025-10-25 13:02:34,040 [INFO] ✅ Clés Bybit présentes dans .env
2025-10-25 13:02:34,040 [INFO] 🔧 Vérification du portail terminée sans erreur critique.
2025-10-25 13:03:04,366 [INFO] ✅ Clés Bybit présentes dans .env
2025-10-25 13:03:04,366 [INFO] 🔧 Vérification du portail terminée sans erreur critique.
2025-10-25 13:03:34,693 [INFO] ✅ Clés Bybit présentes dans .env
2025-10-25 13:03:34,693 [INFO] 🔧 Vérification du portail terminée sans erreur critique.
2025-10-25 13:04:05,021 [INFO] ✅ Clés Bybit présentes dans .env
2025-10-25 13:04:05,021 [INFO] 🔧 Vérification du portail terminée sans erreur critique.
2025-10-25 13:04:35,385 [INFO] ✅ Clés Bybit présentes dans .env
2025-10-25 13:04:35,385 [INFO] 🔧 Vérification du portail terminée sans erreur critique.
2025-10-25 13:05:05,720 [INFO] ✅ Clés Bybit présentes dans .env
2025-10-25 13:05:05,720 [INFO] 🔧 Vérification du portail terminée sans erreur critique.
2025-10-25 13:05:36,102 [INFO] ✅ Clés Bybit présentes dans .env
2025-10-25 13:05:36,102 [INFO] 🔧 Vérification du portail terminée sans erreur critique.
2025-10-25 13:06:06,439 [INFO] ✅ Clés Bybit présentes dans .env
2025-10-25 13:06:06,439 [INFO] 🔧 Vérification du portail terminée sans erreur critique.
2025-10-25 13:06:36,789 [INFO] ✅ Clés Bybit présentes dans .env
2025-10-25 13:06:36,789 [INFO] 🔧 Vérification du portail terminée sans erreur critique.
2025-10-25 13:07:07,177 [INFO] ✅ Clés Bybit présentes dans .env
2025-10-25 13:07:07,177 [INFO] 🔧 Vérification du portail terminée sans erreur critique.
2025-10-25 13:07:37,498 [INFO] ✅ Clés Bybit présentes dans .env
2025-10-25 13:07:37,498 [INFO] 🔧 Vérification du portail terminée sans erreur critique.
2025-10-25 13:08:07,845 [INFO] ✅ Clés Bybit présentes dans .env
2025-10-25 13:08:07,845 [INFO] 🔧 Vérification du portail terminée sans erreur critique.
2025-10-25 13:08:38,187 [INFO] ✅ Clés Bybit présentes dans .env
2025-10-25 13:08:38,187 [INFO] 🔧 Vérification du portail terminée sans erreur critique.
2025-10-25 13:09:08,519 [INFO] ✅ Clés Bybit présentes dans .env
2025-10-25 13:09:08,519 [INFO] 🔧 Vérification du portail terminée sans erreur critique.
2025-10-25 13:09:38,864 [INFO] ✅ Clés Bybit présentes dans .env
2025-10-25 13:09:38,864 [INFO] 🔧 Vérification du portail terminée sans erreur critique.
2025-10-25 13:10:09,209 [INFO] ✅ Clés Bybit présentes dans .env
2025-10-25 13:10:09,209 [INFO] 🔧 Vérification du portail terminée sans erreur critique.
2025-10-25 13:10:39,541 [INFO] ✅ Clés Bybit présentes dans .env
2025-10-25 13:10:39,541 [INFO] 🔧 Vérification du portail terminée sans erreur critique.
2025-10-25 13:11:09,854 [INFO] ✅ Clés Bybit présentes dans .env
2025-10-25 13:11:09,855 [INFO] 🔧 Vérification du portail terminée sans erreur critique.
2025-10-25 13:11:40,240 [INFO] ✅ Clés Bybit présentes dans .env
2025-10-25 13:11:40,241 [INFO] 🔧 Vérification du portail terminée sans erreur critique.
2025-10-25 13:12:10,549 [INFO] ✅ Clés Bybit présentes dans .env
2025-10-25 13:12:10,549 [INFO] 🔧 Vérification du portail terminée sans erreur critique.
2025-10-25 13:12:40,904 [INFO] ✅ Clés Bybit présentes dans .env
2025-10-25 13:12:40,904 [INFO] 🔧 Vérification du portail terminée sans erreur critique.
2025-10-25 13:13:11,239 [INFO] ✅ Clés Bybit présentes dans .env
2025-10-25 13:13:11,239 [INFO] 🔧 Vérification du portail terminée sans erreur critique.
2025-10-25 13:13:41,537 [INFO] ✅ Clés Bybit présentes dans .env
2025-10-25 13:13:41,537 [INFO] 🔧 Vérification du portail terminée sans erreur critique.
2025-10-25 13:14:11,838 [INFO] ✅ Clés Bybit présentes dans .env
2025-10-25 13:14:11,838 [INFO] 🔧 Vérification du portail terminée sans erreur critique.
2025-10-25 13:14:42,200 [INFO] ✅ Clés Bybit présentes dans .env
2025-10-25 13:14:42,200 [INFO] 🔧 Vérification du portail terminée sans erreur critique.
2025-10-25 13:15:12,567 [INFO] ✅ Clés Bybit présentes dans .env
2025-10-25 13:15:12,567 [INFO] 🔧 Vérification du portail terminée sans erreur critique.
2025-10-25 13:15:42,901 [INFO] ✅ Clés Bybit présentes dans .env
2025-10-25 13:15:42,901 [INFO] 🔧 Vérification du portail terminée sans erreur critique.
2025-10-25 13:16:13,250 [INFO] ✅ Clés Bybit présentes dans .env
2025-10-25 13:16:13,250 [INFO] 🔧 Vérification du portail terminée sans erreur critique.
2025-10-25 13:16:43,565 [INFO] ✅ Clés Bybit présentes dans .env
2025-10-25 13:16:43,565 [INFO] 🔧 Vérification du portail terminée sans erreur critique.
2025-10-25 13:17:13,926 [INFO] ✅ Clés Bybit présentes dans .env
2025-10-25 13:17:13,926 [INFO] 🔧 Vérification du portail terminée sans erreur critique.
2025-10-25 13:17:44,249 [INFO] ✅ Clés Bybit présentes dans .env
2025-10-25 13:17:44,249 [INFO] 🔧 Vérification du portail terminée sans erreur critique.
2025-10-25 13:18:14,604 [INFO] ✅ Clés Bybit présentes dans .env
2025-10-25 13:18:14,604 [INFO] 🔧 Vérification du portail terminée sans erreur critique.
2025-10-25 13:18:44,959 [INFO] ✅ Clés Bybit présentes dans .env
2025-10-25 13:18:44,959 [INFO] 🔧 Vérification du portail terminée sans erreur critique.
2025-10-25 13:19:15,266 [INFO] ✅ Clés Bybit présentes dans .env
2025-10-25 13:19:15,266 [INFO] 🔧 Vérification du portail terminée sans erreur critique.
2025-10-25 13:19:45,596 [INFO] ✅ Clés Bybit présentes dans .env
2025-10-25 13:19:45,596 [INFO] 🔧 Vérification du portail terminée sans erreur critique.
2025-10-25 13:20:15,933 [INFO] ✅ Clés Bybit présentes dans .env
2025-10-25 13:20:15,933 [INFO] 🔧 Vérification du portail terminée sans erreur critique.
2025-10-25 13:20:46,236 [INFO] ✅ Clés Bybit présentes dans .env
2025-10-25 13:20:46,236 [INFO] 🔧 Vérification du portail terminée sans erreur critique.
2025-10-25 13:21:16,541 [INFO] ✅ Clés Bybit présentes dans .env
2025-10-25 13:21:16,541 [INFO] 🔧 Vérification du portail terminée sans erreur critique.
2025-10-25 13:21:46,919 [INFO] ✅ Clés Bybit présentes dans .env
2025-10-25 13:21:46,919 [INFO] 🔧 Vérification du portail terminée sans erreur critique.
2025-10-25 13:22:17,239 [INFO] ✅ Clés Bybit présentes dans .env
2025-10-25 13:22:17,239 [INFO] 🔧 Vérification du portail terminée sans erreur critique.
2025-10-25 13:22:47,594 [INFO] ✅ Clés Bybit présentes dans .env
2025-10-25 13:22:47,594 [INFO] 🔧 Vérification du portail terminée sans erreur critique.
2025-10-25 13:23:17,951 [INFO] ✅ Clés Bybit présentes dans .env
2025-10-25 13:23:17,951 [INFO] 🔧 Vérification du portail terminée sans erreur critique.
2025-10-25 13:23:48,265 [INFO] ✅ Clés Bybit présentes dans .env
2025-10-25 13:23:48,265 [INFO] 🔧 Vérification du portail terminée sans erreur critique.
2025-10-25 13:24:18,604 [INFO] ✅ Clés Bybit présentes dans .env
2025-10-25 13:24:18,604 [INFO] 🔧 Vérification du portail terminée sans erreur critique.
2025-10-25 13:24:48,958 [INFO] ✅ Clés Bybit présentes dans .env
2025-10-25 13:24:48,958 [INFO] 🔧 Vérification du portail terminée sans erreur critique.
2025-10-25 13:25:19,296 [INFO] ✅ Clés Bybit présentes dans .env
2025-10-25 13:25:19,296 [INFO] 🔧 Vérification du portail terminée sans erreur critique.
2025-10-25 13:25:49,596 [INFO] ✅ Clés Bybit présentes dans .env
2025-10-25 13:25:49,596 [INFO] 🔧 Vérification du portail terminée sans erreur critique.
2025-10-25 13:26:19,940 [INFO] ✅ Clés Bybit présentes dans .env
2025-10-25 13:26:19,940 [INFO] 🔧 Vérification du portail terminée sans erreur critique.
2025-10-25 13:26:50,229 [INFO] ✅ Clés Bybit présentes dans .env
2025-10-25 13:26:50,229 [INFO] 🔧 Vérification du portail terminée sans erreur critique.
2025-10-25 13:27:20,548 [INFO] ✅ Clés Bybit présentes dans .env
2025-10-25 13:27:20,548 [INFO] 🔧 Vérification du portail terminée sans erreur critique.
2025-10-25 13:27:50,877 [INFO] ✅ Clés Bybit présentes dans .env
2025-10-25 13:27:50,877 [INFO] 🔧 Vérification du portail terminée sans erreur critique.
2025-10-25 13:28:21,208 [INFO] ✅ Clés Bybit présentes dans .env
2025-10-25 13:28:21,208 [INFO] 🔧 Vérification du portail terminée sans erreur critique.
2025-10-25 13:28:51,556 [INFO] ✅ Clés Bybit présentes dans .env
2025-10-25 13:28:51,556 [INFO] 🔧 Vérification du portail terminée sans erreur critique.
2025-10-25 13:29:21,848 [INFO] ✅ Clés Bybit présentes dans .env
2025-10-25 13:29:21,849 [INFO] 🔧 Vérification du portail terminée sans erreur critique.
2025-10-25 13:29:52,204 [INFO] ✅ Clés Bybit présentes dans .env
2025-10-25 13:29:52,204 [INFO] 🔧 Vérification du portail terminée sans erreur critique.
2025-10-25 13:30:22,544 [INFO] ✅ Clés Bybit présentes dans .env
2025-10-25 13:30:22,545 [INFO] 🔧 Vérification du portail terminée sans erreur critique.
2025-10-25 13:30:52,922 [INFO] ✅ Clés Bybit présentes dans .env
2025-10-25 13:30:52,922 [INFO] 🔧 Vérification du portail terminée sans erreur critique.
2025-10-25 13:31:23,270 [INFO] ✅ Clés Bybit présentes dans .env
2025-10-25 13:31:23,270 [INFO] 🔧 Vérification du portail terminée sans erreur critique.
2025-10-25 13:31:53,571 [INFO] ✅ Clés Bybit présentes dans .env
2025-10-25 13:31:53,571 [INFO] 🔧 Vérification du portail terminée sans erreur critique.
2025-10-25 13:32:23,916 [INFO] ✅ Clés Bybit présentes dans .env
2025-10-25 13:32:23,916 [INFO] 🔧 Vérification du portail terminée sans erreur critique.
2025-10-25 13:32:54,261 [INFO] ✅ Clés Bybit présentes dans .env
2025-10-25 13:32:54,261 [INFO] 🔧 Vérification du portail terminée sans erreur critique.
2025-10-25 13:33:24,598 [INFO] ✅ Clés Bybit présentes dans .env
2025-10-25 13:33:24,598 [INFO] 🔧 Vérification du portail terminée sans erreur critique.
2025-10-25 13:33:54,960 [INFO] ✅ Clés Bybit présentes dans .env
2025-10-25 13:33:54,960 [INFO] 🔧 Vérification du portail terminée sans erreur critique.
2025-10-25 13:34:25,290 [INFO] ✅ Clés Bybit présentes dans .env
2025-10-25 13:34:25,290 [INFO] 🔧 Vérification du portail terminée sans erreur critique.
2025-10-25 13:34:55,634 [INFO] ✅ Clés Bybit présentes dans .env
2025-10-25 13:34:55,634 [INFO] 🔧 Vérification du portail terminée sans erreur critique.
2025-10-25 13:35:25,961 [INFO] ✅ Clés Bybit présentes dans .env
2025-10-25 13:35:25,961 [INFO] 🔧 Vérification du portail terminée sans erreur critique.
2025-10-25 13:35:56,310 [INFO] ✅ Clés Bybit présentes dans .env
2025-10-25 13:35:56,310 [INFO] 🔧 Vérification du portail terminée sans erreur critique.
2025-10-25 13:36:26,618 [INFO] ✅ Clés Bybit présentes dans .env
2025-10-25 13:36:26,618 [INFO] 🔧 Vérification du portail terminée sans erreur critique.
2025-10-25 13:36:56,939 [INFO] ✅ Clés Bybit présentes dans .env
2025-10-25 13:36:56,939 [INFO] 🔧 Vérification du portail terminée sans erreur critique.
2025-10-25 13:37:27,278 [INFO] ✅ Clés Bybit présentes dans .env
2025-10-25 13:37:27,278 [INFO] 🔧 Vérification du portail terminée sans erreur critique.
2025-10-25 13:37:57,590 [INFO] ✅ Clés Bybit présentes dans .env
2025-10-25 13:37:57,590 [INFO] 🔧 Vérification du portail terminée sans erreur critique.
2025-10-25 13:38:27,930 [INFO] ✅ Clés Bybit présentes dans .env
2025-10-25 13:38:27,930 [INFO] 🔧 Vérification du portail terminée sans erreur critique.
2025-10-25 13:38:58,218 [INFO] ✅ Clés Bybit présentes dans .env
2025-10-25 13:38:58,218 [INFO] 🔧 Vérification du portail terminée sans erreur critique.
2025-10-25 13:39:28,520 [INFO] ✅ Clés Bybit présentes dans .env
2025-10-25 13:39:28,520 [INFO] 🔧 Vérification du portail terminée sans erreur critique.
2025-10-25 13:39:58,864 [INFO] ✅ Clés Bybit présentes dans .env
2025-10-25 13:39:58,864 [INFO] 🔧 Vérification du portail terminée sans erreur critique.
2025-10-25 13:40:29,236 [INFO] ✅ Clés Bybit présentes dans .env
2025-10-25 13:40:29,236 [INFO] 🔧 Vérification du portail terminée sans erreur critique.
2025-10-25 13:40:59,590 [INFO] ✅ Clés Bybit présentes dans .env
2025-10-25 13:40:59,591 [INFO] 🔧 Vérification du portail terminée sans erreur critique.
2025-10-25 13:41:29,908 [INFO] ✅ Clés Bybit présentes dans .env
2025-10-25 13:41:29,908 [INFO] 🔧 Vérification du portail terminée sans erreur critique.
2025-10-25 13:42:00,241 [INFO] ✅ Clés Bybit présentes dans .env
2025-10-25 13:42:00,241 [INFO] 🔧 Vérification du portail terminée sans erreur critique.
2025-10-25 13:42:30,617 [INFO] ✅ Clés Bybit présentes dans .env
2025-10-25 13:42:30,617 [INFO] 🔧 Vérification du portail terminée sans erreur critique.
2025-10-25 13:43:00,988 [INFO] ✅ Clés Bybit présentes dans .env
2025-10-25 13:43:00,988 [INFO] 🔧 Vérification du portail terminée sans erreur critique.
2025-10-25 13:43:31,335 [INFO] ✅ Clés Bybit présentes dans .env
2025-10-25 13:43:31,336 [INFO] 🔧 Vérification du portail terminée sans erreur critique.
2025-10-25 13:44:01,663 [INFO] ✅ Clés Bybit présentes dans .env
2025-10-25 13:44:01,663 [INFO] 🔧 Vérification du portail terminée sans erreur critique.
2025-10-25 13:44:31,982 [INFO] ✅ Clés Bybit présentes dans .env
2025-10-25 13:44:31,982 [INFO] 🔧 Vérification du portail terminée sans erreur critique.
2025-10-25 13:45:02,328 [INFO] ✅ Clés Bybit présentes dans .env
2025-10-25 13:45:02,329 [INFO] 🔧 Vérification du portail terminée sans erreur critique.
2025-10-25 13:45:32,630 [INFO] ✅ Clés Bybit présentes dans .env
2025-10-25 13:45:32,630 [INFO] 🔧 Vérification du portail terminée sans erreur critique.
2025-10-25 13:46:02,934 [INFO] ✅ Clés Bybit présentes dans .env
2025-10-25 13:46:02,934 [INFO] 🔧 Vérification du portail terminée sans erreur critique.
2025-10-25 13:46:33,281 [INFO] ✅ Clés Bybit présentes dans .env
2025-10-25 13:46:33,282 [INFO] 🔧 Vérification du portail terminée sans erreur critique.
2025-10-25 13:47:01,034 [INFO] ✅ Clés Bybit présentes dans .env
2025-10-25 13:47:01,034 [INFO] 🔧 Vérification du portail terminée sans erreur critique.
2025-10-25 13:47:03,567 [INFO] ✅ Clés Bybit présentes dans .env
2025-10-25 13:47:03,567 [INFO] 🔧 Vérification du portail terminée sans erreur critique.
2025-10-25 13:47:33,879 [INFO] ✅ Clés Bybit présentes dans .env
2025-10-25 13:47:33,880 [INFO] 🔧 Vérification du portail terminée sans erreur critique.
2025-10-25 13:47:49,756 [INFO] ✅ Clés Bybit présentes dans .env
2025-10-25 13:47:49,756 [INFO] 🔧 Vérification du portail terminée sans erreur critique.
2025-10-25 13:48:04,162 [INFO] ✅ Clés Bybit présentes dans .env
2025-10-25 13:48:04,163 [INFO] 🔧 Vérification du portail terminée sans erreur critique.
2025-10-25 13:48:20,079 [INFO] ✅ Clés Bybit présentes dans .env
2025-10-25 13:48:20,079 [INFO] 🔧 Vérification du portail terminée sans erreur critique.
2025-10-25 13:48:34,443 [INFO] ✅ Clés Bybit présentes dans .env
2025-10-25 13:48:34,443 [INFO] 🔧 Vérification du portail terminée sans erreur critique.
2025-10-25 13:48:50,462 [INFO] ✅ Clés Bybit présentes dans .env
2025-10-25 13:48:50,463 [INFO] 🔧 Vérification du portail terminée sans erreur critique.
2025-10-25 13:49:04,796 [INFO] ✅ Clés Bybit présentes dans .env
2025-10-25 13:49:04,796 [INFO] 🔧 Vérification du portail terminée sans erreur critique.
2025-10-25 13:49:20,779 [INFO] ✅ Clés Bybit présentes dans .env
2025-10-25 13:49:20,779 [INFO] 🔧 Vérification du portail terminée sans erreur critique.
2025-10-25 13:49:35,070 [INFO] ✅ Clés Bybit présentes dans .env
2025-10-25 13:49:35,070 [INFO] 🔧 Vérification du portail terminée sans erreur critique.
2025-10-25 13:49:51,108 [INFO] ✅ Clés Bybit présentes dans .env
2025-10-25 13:49:51,109 [INFO] 🔧 Vérification du portail terminée sans erreur critique.
2025-10-25 13:50:05,360 [INFO] ✅ Clés Bybit présentes dans .env
2025-10-25 13:50:05,360 [INFO] 🔧 Vérification du portail terminée sans erreur critique.
2025-10-25 13:50:21,374 [INFO] ✅ Clés Bybit présentes dans .env
2025-10-25 13:50:21,374 [INFO] 🔧 Vérification du portail terminée sans erreur critique.
2025-10-25 13:50:35,715 [INFO] ✅ Clés Bybit présentes dans .env
2025-10-25 13:50:35,715 [INFO] 🔧 Vérification du portail terminée sans erreur critique.
2025-10-25 13:50:51,708 [INFO] ✅ Clés Bybit présentes dans .env
2025-10-25 13:50:51,708 [INFO] 🔧 Vérification du portail terminée sans erreur critique.
2025-10-25 13:51:06,025 [INFO] ✅ Clés Bybit présentes dans .env
2025-10-25 13:51:06,025 [INFO] 🔧 Vérification du portail terminée sans erreur critique.
2025-10-25 13:51:21,966 [INFO] ✅ Clés Bybit présentes dans .env
2025-10-25 13:51:21,967 [INFO] 🔧 Vérification du portail terminée sans erreur critique.
2025-10-25 13:51:36,298 [INFO] ✅ Clés Bybit présentes dans .env
2025-10-25 13:51:36,298 [INFO] 🔧 Vérification du portail terminée sans erreur critique.
2025-10-25 13:51:52,309 [INFO] ✅ Clés Bybit présentes dans .env
2025-10-25 13:51:52,309 [INFO] 🔧 Vérification du portail terminée sans erreur critique.
2025-10-25 13:52:06,577 [INFO] ✅ Clés Bybit présentes dans .env
2025-10-25 13:52:06,577 [INFO] 🔧 Vérification du portail terminée sans erreur critique.
2025-10-25 13:52:22,652 [INFO] ✅ Clés Bybit présentes dans .env
2025-10-25 13:52:22,652 [INFO] 🔧 Vérification du portail terminée sans erreur critique.
2025-10-25 13:52:36,901 [INFO] ✅ Clés Bybit présentes dans .env
2025-10-25 13:52:36,901 [INFO] 🔧 Vérification du portail terminée sans erreur critique.
2025-10-25 13:52:53,075 [INFO] ✅ Clés Bybit présentes dans .env
2025-10-25 13:52:53,075 [INFO] 🔧 Vérification du portail terminée sans erreur critique.
2025-10-25 13:53:07,198 [INFO] ✅ Clés Bybit présentes dans .env
2025-10-25 13:53:07,198 [INFO] 🔧 Vérification du portail terminée sans erreur critique.
2025-10-25 13:53:23,448 [INFO] ✅ Clés Bybit présentes dans .env
2025-10-25 13:53:23,449 [INFO] 🔧 Vérification du portail terminée sans erreur critique.
2025-10-25 13:53:37,519 [INFO] ✅ Clés Bybit présentes dans .env
2025-10-25 13:53:37,519 [INFO] 🔧 Vérification du portail terminée sans erreur critique.
2025-10-25 13:53:53,798 [INFO] ✅ Clés Bybit présentes dans .env
2025-10-25 13:53:53,798 [INFO] 🔧 Vérification du portail terminée sans erreur critique.
2025-10-25 13:54:07,798 [INFO] ✅ Clés Bybit présentes dans .env
2025-10-25 13:54:07,798 [INFO] 🔧 Vérification du portail terminée sans erreur critique.
2025-10-25 13:54:24,140 [INFO] ✅ Clés Bybit présentes dans .env
2025-10-25 13:54:24,140 [INFO] 🔧 Vérification du portail terminée sans erreur critique.
2025-10-25 13:54:38,086 [INFO] ✅ Clés Bybit présentes dans .env
2025-10-25 13:54:38,086 [INFO] 🔧 Vérification du portail terminée sans erreur critique.
2025-10-25 13:54:54,457 [INFO] ✅ Clés Bybit présentes dans .env
2025-10-25 13:54:54,457 [INFO] 🔧 Vérification du portail terminée sans erreur critique.
2025-10-25 13:55:08,404 [INFO] ✅ Clés Bybit présentes dans .env
2025-10-25 13:55:08,404 [INFO] 🔧 Vérification du portail terminée sans erreur critique.
2025-10-25 13:55:24,802 [INFO] ✅ Clés Bybit présentes dans .env
2025-10-25 13:55:24,802 [INFO] 🔧 Vérification du portail terminée sans erreur critique.
2025-10-25 13:55:38,741 [INFO] ✅ Clés Bybit présentes dans .env
2025-10-25 13:55:38,742 [INFO] 🔧 Vérification du portail terminée sans erreur critique.
2025-10-25 13:55:55,060 [INFO] ✅ Clés Bybit présentes dans .env
2025-10-25 13:55:55,060 [INFO] 🔧 Vérification du portail terminée sans erreur critique.
2025-10-25 13:56:09,077 [INFO] ✅ Clés Bybit présentes dans .env
2025-10-25 13:56:09,077 [INFO] 🔧 Vérification du portail terminée sans erreur critique.
2025-10-25 13:56:25,367 [INFO] ✅ Clés Bybit présentes dans .env
2025-10-25 13:56:25,367 [INFO] 🔧 Vérification du portail terminée sans erreur critique.
2025-10-25 13:56:39,388 [INFO] ✅ Clés Bybit présentes dans .env
2025-10-25 13:56:39,388 [INFO] 🔧 Vérification du portail terminée sans erreur critique.
2025-10-25 13:56:55,657 [INFO] ✅ Clés Bybit présentes dans .env
2025-10-25 13:56:55,657 [INFO] 🔧 Vérification du portail terminée sans erreur critique.
2025-10-25 13:57:09,741 [INFO] ✅ Clés Bybit présentes dans .env
2025-10-25 13:57:09,741 [INFO] 🔧 Vérification du portail terminée sans erreur critique.
2025-10-25 13:57:25,972 [INFO] ✅ Clés Bybit présentes dans .env
2025-10-25 13:57:25,972 [INFO] 🔧 Vérification du portail terminée sans erreur critique.
2025-10-25 13:57:40,058 [INFO] ✅ Clés Bybit présentes dans .env
2025-10-25 13:57:40,058 [INFO] 🔧 Vérification du portail terminée sans erreur critique.
2025-10-25 13:57:56,255 [INFO] ✅ Clés Bybit présentes dans .env
2025-10-25 13:57:56,255 [INFO] 🔧 Vérification du portail terminée sans erreur critique.
2025-10-25 13:58:10,353 [INFO] ✅ Clés Bybit présentes dans .env
2025-10-25 13:58:10,353 [INFO] 🔧 Vérification du portail terminée sans erreur critique.
2025-10-25 13:58:26,622 [INFO] ✅ Clés Bybit présentes dans .env
2025-10-25 13:58:26,622 [INFO] 🔧 Vérification du portail terminée sans erreur critique.
2025-10-25 13:58:40,684 [INFO] ✅ Clés Bybit présentes dans .env
2025-10-25 13:58:40,684 [INFO] 🔧 Vérification du portail terminée sans erreur critique.
2025-10-25 13:58:56,937 [INFO] ✅ Clés Bybit présentes dans .env
2025-10-25 13:58:56,937 [INFO] 🔧 Vérification du portail terminée sans erreur critique.
2025-10-25 13:59:11,005 [INFO] ✅ Clés Bybit présentes dans .env
2025-10-25 13:59:11,005 [INFO] 🔧 Vérification du portail terminée sans erreur critique.
2025-10-25 13:59:27,291 [INFO] ✅ Clés Bybit présentes dans .env
2025-10-25 13:59:27,291 [INFO] 🔧 Vérification du portail terminée sans erreur critique.
2025-10-25 13:59:41,289 [INFO] ✅ Clés Bybit présentes dans .env
2025-10-25 13:59:41,289 [INFO] 🔧 Vérification du portail terminée sans erreur critique.
2025-10-25 13:59:57,580 [INFO] ✅ Clés Bybit présentes dans .env
2025-10-25 13:59:57,581 [INFO] 🔧 Vérification du portail terminée sans erreur critique.
2025-10-25 14:00:11,628 [INFO] ✅ Clés Bybit présentes dans .env
2025-10-25 14:00:11,628 [INFO] 🔧 Vérification du portail terminée sans erreur critique.
2025-10-25 14:00:27,910 [INFO] ✅ Clés Bybit présentes dans .env
2025-10-25 14:00:27,911 [INFO] 🔧 Vérification du portail terminée sans erreur critique.
2025-10-25 14:00:41,987 [INFO] ✅ Clés Bybit présentes dans .env
2025-10-25 14:00:41,987 [INFO] 🔧 Vérification du portail terminée sans erreur critique.
2025-10-25 14:00:58,188 [INFO] ✅ Clés Bybit présentes dans .env
2025-10-25 14:00:58,188 [INFO] 🔧 Vérification du portail terminée sans erreur critique.
2025-10-25 14:01:12,355 [INFO] ✅ Clés Bybit présentes dans .env
2025-10-25 14:01:12,355 [INFO] 🔧 Vérification du portail terminée sans erreur critique.
2025-10-25 14:01:28,553 [INFO] ✅ Clés Bybit présentes dans .env
2025-10-25 14:01:28,553 [INFO] 🔧 Vérification du portail terminée sans erreur critique.
2025-10-25 14:01:42,720 [INFO] ✅ Clés Bybit présentes dans .env
2025-10-25 14:01:42,720 [INFO] 🔧 Vérification du portail terminée sans erreur critique.
2025-10-25 14:01:58,906 [INFO] ✅ Clés Bybit présentes dans .env
2025-10-25 14:01:58,906 [INFO] 🔧 Vérification du portail terminée sans erreur critique.
2025-10-25 14:02:13,039 [INFO] ✅ Clés Bybit présentes dans .env
2025-10-25 14:02:13,039 [INFO] 🔧 Vérification du portail terminée sans erreur critique.
2025-10-25 14:02:29,208 [INFO] ✅ Clés Bybit présentes dans .env
2025-10-25 14:02:29,208 [INFO] 🔧 Vérification du portail terminée sans erreur critique.
2025-10-25 14:02:43,315 [INFO] ✅ Clés Bybit présentes dans .env
2025-10-25 14:02:43,316 [INFO] 🔧 Vérification du portail terminée sans erreur critique.
2025-10-25 14:02:59,507 [INFO] ✅ Clés Bybit présentes dans .env
2025-10-25 14:02:59,507 [INFO] 🔧 Vérification du portail terminée sans erreur critique.
2025-10-25 14:03:13,641 [INFO] ✅ Clés Bybit présentes dans .env
2025-10-25 14:03:13,641 [INFO] 🔧 Vérification du portail terminée sans erreur critique.
2025-10-25 14:03:29,775 [INFO] ✅ Clés Bybit présentes dans .env
2025-10-25 14:03:29,775 [INFO] 🔧 Vérification du portail terminée sans erreur critique.
2025-10-25 14:03:43,995 [INFO] ✅ Clés Bybit présentes dans .env
2025-10-25 14:03:43,995 [INFO] 🔧 Vérification du portail terminée sans erreur critique.
2025-10-25 14:04:00,160 [INFO] ✅ Clés Bybit présentes dans .env
2025-10-25 14:04:00,160 [INFO] 🔧 Vérification du portail terminée sans erreur critique.
2025-10-25 14:04:14,319 [INFO] ✅ Clés Bybit présentes dans .env
2025-10-25 14:04:14,319 [INFO] 🔧 Vérification du portail terminée sans erreur critique.
2025-10-25 14:04:30,480 [INFO] ✅ Clés Bybit présentes dans .env
2025-10-25 14:04:30,480 [INFO] 🔧 Vérification du portail terminée sans erreur critique.
2025-10-25 14:04:44,591 [INFO] ✅ Clés Bybit présentes dans .env
2025-10-25 14:04:44,591 [INFO] 🔧 Vérification du portail terminée sans erreur critique.
2025-10-25 14:05:00,772 [INFO] ✅ Clés Bybit présentes dans .env
2025-10-25 14:05:00,772 [INFO] 🔧 Vérification du portail terminée sans erreur critique.
2025-10-25 14:05:14,933 [INFO] ✅ Clés Bybit présentes dans .env
2025-10-25 14:05:14,933 [INFO] 🔧 Vérification du portail terminée sans erreur critique.
2025-10-25 14:05:31,059 [INFO] ✅ Clés Bybit présentes dans .env
2025-10-25 14:05:31,059 [INFO] 🔧 Vérification du portail terminée sans erreur critique.
2025-10-25 14:05:45,219 [INFO] ✅ Clés Bybit présentes dans .env
2025-10-25 14:05:45,219 [INFO] 🔧 Vérification du portail terminée sans erreur critique.
2025-10-25 14:06:01,326 [INFO] ✅ Clés Bybit présentes dans .env
2025-10-25 14:06:01,326 [INFO] 🔧 Vérification du portail terminée sans erreur critique.
2025-10-25 14:06:15,534 [INFO] ✅ Clés Bybit présentes dans .env
2025-10-25 14:06:15,534 [INFO] 🔧 Vérification du portail terminée sans erreur critique.
2025-10-25 14:06:31,598 [INFO] ✅ Clés Bybit présentes dans .env
2025-10-25 14:06:31,598 [INFO] 🔧 Vérification du portail terminée sans erreur critique.
2025-10-25 14:06:45,854 [INFO] ✅ Clés Bybit présentes dans .env
2025-10-25 14:06:45,854 [INFO] 🔧 Vérification du portail terminée sans erreur critique.
2025-10-25 14:07:01,938 [INFO] ✅ Clés Bybit présentes dans .env
2025-10-25 14:07:01,938 [INFO] 🔧 Vérification du portail terminée sans erreur critique.
2025-10-25 14:07:16,175 [INFO] ✅ Clés Bybit présentes dans .env
2025-10-25 14:07:16,175 [INFO] 🔧 Vérification du portail terminée sans erreur critique.
2025-10-25 14:07:32,214 [INFO] ✅ Clés Bybit présentes dans .env
2025-10-25 14:07:32,215 [INFO] 🔧 Vérification du portail terminée sans erreur critique.
2025-10-25 14:07:46,526 [INFO] ✅ Clés Bybit présentes dans .env
2025-10-25 14:07:46,526 [INFO] 🔧 Vérification du portail terminée sans erreur critique.
2025-10-25 14:08:02,472 [INFO] ✅ Clés Bybit présentes dans .env
2025-10-25 14:08:02,472 [INFO] 🔧 Vérification du portail terminée sans erreur critique.
2025-10-25 14:08:16,906 [INFO] ✅ Clés Bybit présentes dans .env
2025-10-25 14:08:16,906 [INFO] 🔧 Vérification du portail terminée sans erreur critique.
2025-10-25 14:08:32,835 [INFO] ✅ Clés Bybit présentes dans .env
2025-10-25 14:08:32,835 [INFO] 🔧 Vérification du portail terminée sans erreur critique.
2025-10-25 14:08:47,175 [INFO] ✅ Clés Bybit présentes dans .env
2025-10-25 14:08:47,175 [INFO] 🔧 Vérification du portail terminée sans erreur critique.
2025-10-25 14:09:03,158 [INFO] ✅ Clés Bybit présentes dans .env
2025-10-25 14:09:03,158 [INFO] 🔧 Vérification du portail terminée sans erreur critique.
2025-10-25 14:09:17,529 [INFO] ✅ Clés Bybit présentes dans .env
2025-10-25 14:09:17,529 [INFO] 🔧 Vérification du portail terminée sans erreur critique.
2025-10-25 14:09:33,510 [INFO] ✅ Clés Bybit présentes dans .env
2025-10-25 14:09:33,510 [INFO] 🔧 Vérification du portail terminée sans erreur critique.
2025-10-25 14:09:47,867 [INFO] ✅ Clés Bybit présentes dans .env
2025-10-25 14:09:47,867 [INFO] 🔧 Vérification du portail terminée sans erreur critique.
2025-10-25 14:10:03,818 [INFO] ✅ Clés Bybit présentes dans .env
2025-10-25 14:10:03,818 [INFO] 🔧 Vérification du portail terminée sans erreur critique.
2025-10-25 14:10:18,224 [INFO] ✅ Clés Bybit présentes dans .env
2025-10-25 14:10:18,224 [INFO] 🔧 Vérification du portail terminée sans erreur critique.
2025-10-25 14:10:34,127 [INFO] ✅ Clés Bybit présentes dans .env
2025-10-25 14:10:34,127 [INFO] 🔧 Vérification du portail terminée sans erreur critique.
2025-10-25 14:10:48,587 [INFO] ✅ Clés Bybit présentes dans .env
2025-10-25 14:10:48,587 [INFO] 🔧 Vérification du portail terminée sans erreur critique.
2025-10-25 14:11:04,439 [INFO] ✅ Clés Bybit présentes dans .env
2025-10-25 14:11:04,439 [INFO] 🔧 Vérification du portail terminée sans erreur critique.
2025-10-25 14:11:18,905 [INFO] ✅ Clés Bybit présentes dans .env
2025-10-25 14:11:18,906 [INFO] 🔧 Vérification du portail terminée sans erreur critique.
2025-10-25 14:11:34,778 [INFO] ✅ Clés Bybit présentes dans .env
2025-10-25 14:11:34,778 [INFO] 🔧 Vérification du portail terminée sans erreur critique.
2025-10-25 14:11:49,162 [INFO] ✅ Clés Bybit présentes dans .env
2025-10-25 14:11:49,162 [INFO] 🔧 Vérification du portail terminée sans erreur critique.
2025-10-25 14:12:05,025 [INFO] ✅ Clés Bybit présentes dans .env
2025-10-25 14:12:05,025 [INFO] 🔧 Vérification du portail terminée sans erreur critique.
2025-10-25 14:12:19,493 [INFO] ✅ Clés Bybit présentes dans .env
2025-10-25 14:12:19,493 [INFO] 🔧 Vérification du portail terminée sans erreur critique.
2025-10-25 14:12:35,405 [INFO] ✅ Clés Bybit présentes dans .env
2025-10-25 14:12:35,405 [INFO] 🔧 Vérification du portail terminée sans erreur critique.
2025-10-25 14:12:49,820 [INFO] ✅ Clés Bybit présentes dans .env
2025-10-25 14:12:49,820 [INFO] 🔧 Vérification du portail terminée sans erreur critique.
2025-10-25 14:13:05,716 [INFO] ✅ Clés Bybit présentes dans .env
2025-10-25 14:13:05,716 [INFO] 🔧 Vérification du portail terminée sans erreur critique.
2025-10-25 14:13:20,111 [INFO] ✅ Clés Bybit présentes dans .env
2025-10-25 14:13:20,111 [INFO] 🔧 Vérification du portail terminée sans erreur critique.
2025-10-25 14:13:36,021 [INFO] ✅ Clés Bybit présentes dans .env
2025-10-25 14:13:36,021 [INFO] 🔧 Vérification du portail terminée sans erreur critique.
2025-10-25 14:13:50,364 [INFO] ✅ Clés Bybit présentes dans .env
2025-10-25 14:13:50,364 [INFO] 🔧 Vérification du portail terminée sans erreur critique.
2025-10-25 14:14:06,349 [INFO] ✅ Clés Bybit présentes dans .env
2025-10-25 14:14:06,349 [INFO] 🔧 Vérification du portail terminée sans erreur critique.
2025-10-25 14:14:20,773 [INFO] ✅ Clés Bybit présentes dans .env
2025-10-25 14:14:20,773 [INFO] 🔧 Vérification du portail terminée sans erreur critique.
2025-10-25 14:14:36,744 [INFO] ✅ Clés Bybit présentes dans .env
2025-10-25 14:14:36,744 [INFO] 🔧 Vérification du portail terminée sans erreur critique.
2025-10-25 14:14:51,154 [INFO] ✅ Clés Bybit présentes dans .env
2025-10-25 14:14:51,154 [INFO] 🔧 Vérification du portail terminée sans erreur critique.
2025-10-25 14:15:07,040 [INFO] ✅ Clés Bybit présentes dans .env
2025-10-25 14:15:07,040 [INFO] 🔧 Vérification du portail terminée sans erreur critique.
2025-10-25 14:15:21,467 [INFO] ✅ Clés Bybit présentes dans .env
2025-10-25 14:15:21,467 [INFO] 🔧 Vérification du portail terminée sans erreur critique.
2025-10-25 14:15:37,344 [INFO] ✅ Clés Bybit présentes dans .env
2025-10-25 14:15:37,344 [INFO] 🔧 Vérification du portail terminée sans erreur critique.
2025-10-25 14:15:51,809 [INFO] ✅ Clés Bybit présentes dans .env
2025-10-25 14:15:51,809 [INFO] 🔧 Vérification du portail terminée sans erreur critique.
2025-10-25 14:16:07,666 [INFO] ✅ Clés Bybit présentes dans .env
2025-10-25 14:16:07,666 [INFO] 🔧 Vérification du portail terminée sans erreur critique.
2025-10-25 14:16:22,123 [INFO] ✅ Clés Bybit présentes dans .env
2025-10-25 14:16:22,123 [INFO] 🔧 Vérification du portail terminée sans erreur critique.
2025-10-25 14:16:37,950 [INFO] ✅ Clés Bybit présentes dans .env
2025-10-25 14:16:37,950 [INFO] 🔧 Vérification du portail terminée sans erreur critique.
2025-10-25 14:16:52,408 [INFO] ✅ Clés Bybit présentes dans .env
2025-10-25 14:16:52,408 [INFO] 🔧 Vérification du portail terminée sans erreur critique.
2025-10-25 14:17:08,315 [INFO] ✅ Clés Bybit présentes dans .env
2025-10-25 14:17:08,315 [INFO] 🔧 Vérification du portail terminée sans erreur critique.
2025-10-25 14:17:22,769 [INFO] ✅ Clés Bybit présentes dans .env
2025-10-25 14:17:22,769 [INFO] 🔧 Vérification du portail terminée sans erreur critique.
2025-10-25 14:17:38,585 [INFO] ✅ Clés Bybit présentes dans .env
2025-10-25 14:17:38,585 [INFO] 🔧 Vérification du portail terminée sans erreur critique.
2025-10-25 14:17:53,060 [INFO] ✅ Clés Bybit présentes dans .env
2025-10-25 14:17:53,060 [INFO] 🔧 Vérification du portail terminée sans erreur critique.
2025-10-25 14:18:08,925 [INFO] ✅ Clés Bybit présentes dans .env
2025-10-25 14:18:08,925 [INFO] 🔧 Vérification du portail terminée sans erreur critique.
2025-10-25 14:18:23,417 [INFO] ✅ Clés Bybit présentes dans .env
2025-10-25 14:18:23,417 [INFO] 🔧 Vérification du portail terminée sans erreur critique.
2025-10-25 14:18:39,215 [INFO] ✅ Clés Bybit présentes dans .env
2025-10-25 14:18:39,215 [INFO] 🔧 Vérification du portail terminée sans erreur critique.
2025-10-25 14:18:53,751 [INFO] ✅ Clés Bybit présentes dans .env
2025-10-25 14:18:53,751 [INFO] 🔧 Vérification du portail terminée sans erreur critique.
2025-10-25 14:19:09,532 [INFO] ✅ Clés Bybit présentes dans .env
2025-10-25 14:19:09,532 [INFO] 🔧 Vérification du portail terminée sans erreur critique.
2025-10-25 14:19:24,058 [INFO] ✅ Clés Bybit présentes dans .env
2025-10-25 14:19:24,058 [INFO] 🔧 Vérification du portail terminée sans erreur critique.
2025-10-25 14:19:39,868 [INFO] ✅ Clés Bybit présentes dans .env
2025-10-25 14:19:39,868 [INFO] 🔧 Vérification du portail terminée sans erreur critique.
2025-10-25 14:19:54,412 [INFO] ✅ Clés Bybit présentes dans .env
2025-10-25 14:19:54,412 [INFO] 🔧 Vérification du portail terminée sans erreur critique.
2025-10-25 14:20:10,179 [INFO] ✅ Clés Bybit présentes dans .env
2025-10-25 14:20:10,179 [INFO] 🔧 Vérification du portail terminée sans erreur critique.
2025-10-25 14:20:24,667 [INFO] ✅ Clés Bybit présentes dans .env
2025-10-25 14:20:24,667 [INFO] 🔧 Vérification du portail terminée sans erreur critique.
2025-10-25 14:20:40,512 [INFO] ✅ Clés Bybit présentes dans .env
2025-10-25 14:20:40,512 [INFO] 🔧 Vérification du portail terminée sans erreur critique.
2025-10-25 14:20:54,965 [INFO] ✅ Clés Bybit présentes dans .env
2025-10-25 14:20:54,965 [INFO] 🔧 Vérification du portail terminée sans erreur critique.
2025-10-25 14:21:10,880 [INFO] ✅ Clés Bybit présentes dans .env
2025-10-25 14:21:10,880 [INFO] 🔧 Vérification du portail terminée sans erreur critique.
2025-10-25 14:21:25,313 [INFO] ✅ Clés Bybit présentes dans .env
2025-10-25 14:21:25,313 [INFO] 🔧 Vérification du portail terminée sans erreur critique.
2025-10-25 14:21:41,156 [INFO] ✅ Clés Bybit présentes dans .env
2025-10-25 14:21:41,156 [INFO] 🔧 Vérification du portail terminée sans erreur critique.
2025-10-25 14:21:55,614 [INFO] ✅ Clés Bybit présentes dans .env
2025-10-25 14:21:55,614 [INFO] 🔧 Vérification du portail terminée sans erreur critique.
2025-10-25 14:22:11,509 [INFO] ✅ Clés Bybit présentes dans .env
2025-10-25 14:22:11,509 [INFO] 🔧 Vérification du portail terminée sans erreur critique.
2025-10-25 14:22:25,911 [INFO] ✅ Clés Bybit présentes dans .env
2025-10-25 14:22:25,911 [INFO] 🔧 Vérification du portail terminée sans erreur critique.
2025-10-25 14:22:41,770 [INFO] ✅ Clés Bybit présentes dans .env
2025-10-25 14:22:41,770 [INFO] 🔧 Vérification du portail terminée sans erreur critique.
2025-10-25 14:22:56,206 [INFO] ✅ Clés Bybit présentes dans .env
2025-10-25 14:22:56,206 [INFO] 🔧 Vérification du portail terminée sans erreur critique.
2025-10-25 14:23:12,122 [INFO] ✅ Clés Bybit présentes dans .env
2025-10-25 14:23:12,123 [INFO] 🔧 Vérification du portail terminée sans erreur critique.
2025-10-25 14:23:26,509 [INFO] ✅ Clés Bybit présentes dans .env
2025-10-25 14:23:26,509 [INFO] 🔧 Vérification du portail terminée sans erreur critique.
2025-10-25 14:23:42,491 [INFO] ✅ Clés Bybit présentes dans .env
2025-10-25 14:23:42,491 [INFO] 🔧 Vérification du portail terminée sans erreur critique.
2025-10-25 14:23:56,803 [INFO] ✅ Clés Bybit présentes dans .env
2025-10-25 14:23:56,804 [INFO] 🔧 Vérification du portail terminée sans erreur critique.
2025-10-25 14:24:12,844 [INFO] ✅ Clés Bybit présentes dans .env
2025-10-25 14:24:12,844 [INFO] 🔧 Vérification du portail terminée sans erreur critique.
2025-10-25 14:24:27,105 [INFO] ✅ Clés Bybit présentes dans .env
2025-10-25 14:24:27,105 [INFO] 🔧 Vérification du portail terminée sans erreur critique.
2025-10-25 14:24:43,219 [INFO] ✅ Clés Bybit présentes dans .env
2025-10-25 14:24:43,219 [INFO] 🔧 Vérification du portail terminée sans erreur critique.
2025-10-25 14:24:57,456 [INFO] ✅ Clés Bybit présentes dans .env
2025-10-25 14:24:57,456 [INFO] 🔧 Vérification du portail terminée sans erreur critique.
2025-10-25 14:25:13,514 [INFO] ✅ Clés Bybit présentes dans .env
2025-10-25 14:25:13,515 [INFO] 🔧 Vérification du portail terminée sans erreur critique.
2025-10-25 14:25:27,816 [INFO] ✅ Clés Bybit présentes dans .env
2025-10-25 14:25:27,816 [INFO] 🔧 Vérification du portail terminée sans erreur critique.
2025-10-25 14:25:43,824 [INFO] ✅ Clés Bybit présentes dans .env
2025-10-25 14:25:43,824 [INFO] 🔧 Vérification du portail terminée sans erreur critique.
2025-10-25 14:25:58,103 [INFO] ✅ Clés Bybit présentes dans .env
2025-10-25 14:25:58,103 [INFO] 🔧 Vérification du portail terminée sans erreur critique.
2025-10-25 14:26:14,191 [INFO] ✅ Clés Bybit présentes dans .env
2025-10-25 14:26:14,191 [INFO] 🔧 Vérification du portail terminée sans erreur critique.
2025-10-25 14:26:28,425 [INFO] ✅ Clés Bybit présentes dans .env
2025-10-25 14:26:28,425 [INFO] 🔧 Vérification du portail terminée sans erreur critique.
2025-10-25 14:26:44,494 [INFO] ✅ Clés Bybit présentes dans .env
2025-10-25 14:26:44,494 [INFO] 🔧 Vérification du portail terminée sans erreur critique.
2025-10-25 14:26:58,680 [INFO] ✅ Clés Bybit présentes dans .env
2025-10-25 14:26:58,680 [INFO] 🔧 Vérification du portail terminée sans erreur critique.
2025-10-25 14:27:14,774 [INFO] ✅ Clés Bybit présentes dans .env
2025-10-25 14:27:14,774 [INFO] 🔧 Vérification du portail terminée sans erreur critique.
2025-10-25 14:27:28,993 [INFO] ✅ Clés Bybit présentes dans .env
2025-10-25 14:27:28,993 [INFO] 🔧 Vérification du portail terminée sans erreur critique.
2025-10-25 14:27:45,080 [INFO] ✅ Clés Bybit présentes dans .env
2025-10-25 14:27:45,080 [INFO] 🔧 Vérification du portail terminée sans erreur critique.
2025-10-25 14:27:59,354 [INFO] ✅ Clés Bybit présentes dans .env
2025-10-25 14:27:59,354 [INFO] 🔧 Vérification du portail terminée sans erreur critique.
2025-10-25 14:28:15,431 [INFO] ✅ Clés Bybit présentes dans .env
2025-10-25 14:28:15,431 [INFO] 🔧 Vérification du portail terminée sans erreur critique.
2025-10-25 14:28:29,704 [INFO] ✅ Clés Bybit présentes dans .env
2025-10-25 14:28:29,704 [INFO] 🔧 Vérification du portail terminée sans erreur critique.
2025-10-25 14:28:45,713 [INFO] ✅ Clés Bybit présentes dans .env
2025-10-25 14:28:45,713 [INFO] 🔧 Vérification du portail terminée sans erreur critique.
2025-10-25 14:29:00,085 [INFO] ✅ Clés Bybit présentes dans .env
2025-10-25 14:29:00,085 [INFO] 🔧 Vérification du portail terminée sans erreur critique.
2025-10-25 14:29:16,053 [INFO] ✅ Clés Bybit présentes dans .env
2025-10-25 14:29:16,053 [INFO] 🔧 Vérification du portail terminée sans erreur critique.
2025-10-25 14:29:30,434 [INFO] ✅ Clés Bybit présentes dans .env
2025-10-25 14:29:30,434 [INFO] 🔧 Vérification du portail terminée sans erreur critique.
2025-10-25 14:29:46,402 [INFO] ✅ Clés Bybit présentes dans .env
2025-10-25 14:29:46,402 [INFO] 🔧 Vérification du portail terminée sans erreur critique.
2025-10-25 14:30:00,748 [INFO] ✅ Clés Bybit présentes dans .env
2025-10-25 14:30:00,748 [INFO] 🔧 Vérification du portail terminée sans erreur critique.
2025-10-25 14:30:16,720 [INFO] ✅ Clés Bybit présentes dans .env
2025-10-25 14:30:16,720 [INFO] 🔧 Vérification du portail terminée sans erreur critique.
2025-10-25 14:30:31,037 [INFO] ✅ Clés Bybit présentes dans .env
2025-10-25 14:30:31,037 [INFO] 🔧 Vérification du portail terminée sans erreur critique.
2025-10-25 14:30:47,018 [INFO] ✅ Clés Bybit présentes dans .env
2025-10-25 14:30:47,018 [INFO] 🔧 Vérification du portail terminée sans erreur critique.
2025-10-25 14:31:01,397 [INFO] ✅ Clés Bybit présentes dans .env
2025-10-25 14:31:01,397 [INFO] 🔧 Vérification du portail terminée sans erreur critique.
2025-10-25 14:31:17,356 [INFO] ✅ Clés Bybit présentes dans .env
2025-10-25 14:31:17,356 [INFO] 🔧 Vérification du portail terminée sans erreur critique.
2025-10-25 14:31:31,749 [INFO] ✅ Clés Bybit présentes dans .env
2025-10-25 14:31:31,749 [INFO] 🔧 Vérification du portail terminée sans erreur critique.
2025-10-25 14:31:47,707 [INFO] ✅ Clés Bybit présentes dans .env
2025-10-25 14:31:47,707 [INFO] 🔧 Vérification du portail terminée sans erreur critique.
2025-10-25 14:32:02,081 [INFO] ✅ Clés Bybit présentes dans .env
2025-10-25 14:32:02,081 [INFO] 🔧 Vérification du portail terminée sans erreur critique.
2025-10-25 14:32:17,980 [INFO] ✅ Clés Bybit présentes dans .env
2025-10-25 14:32:17,980 [INFO] 🔧 Vérification du portail terminée sans erreur critique.
2025-10-25 14:32:32,445 [INFO] ✅ Clés Bybit présentes dans .env
2025-10-25 14:32:32,445 [INFO] 🔧 Vérification du portail terminée sans erreur critique.
2025-10-25 14:32:48,268 [INFO] ✅ Clés Bybit présentes dans .env
2025-10-25 14:32:48,268 [INFO] 🔧 Vérification du portail terminée sans erreur critique.
2025-10-25 14:33:02,738 [INFO] ✅ Clés Bybit présentes dans .env
2025-10-25 14:33:02,738 [INFO] 🔧 Vérification du portail terminée sans erreur critique.
2025-10-25 14:33:18,537 [INFO] ✅ Clés Bybit présentes dans .env
2025-10-25 14:33:18,537 [INFO] 🔧 Vérification du portail terminée sans erreur critique.
2025-10-25 14:33:33,129 [INFO] ✅ Clés Bybit présentes dans .env
2025-10-25 14:33:33,129 [INFO] 🔧 Vérification du portail terminée sans erreur critique.
2025-10-25 14:33:48,880 [INFO] ✅ Clés Bybit présentes dans .env
2025-10-25 14:33:48,880 [INFO] 🔧 Vérification du portail terminée sans erreur critique.
2025-10-25 14:34:03,460 [INFO] ✅ Clés Bybit présentes dans .env
2025-10-25 14:34:03,460 [INFO] 🔧 Vérification du portail terminée sans erreur critique.
2025-10-25 14:34:19,150 [INFO] ✅ Clés Bybit présentes dans .env
2025-10-25 14:34:19,150 [INFO] 🔧 Vérification du portail terminée sans erreur critique.
2025-10-25 14:34:33,804 [INFO] ✅ Clés Bybit présentes dans .env
2025-10-25 14:34:33,804 [INFO] 🔧 Vérification du portail terminée sans erreur critique.
2025-10-25 14:34:49,485 [INFO] ✅ Clés Bybit présentes dans .env
2025-10-25 14:34:49,485 [INFO] 🔧 Vérification du portail terminée sans erreur critique.
2025-10-25 14:35:04,152 [INFO] ✅ Clés Bybit présentes dans .env
2025-10-25 14:35:04,152 [INFO] 🔧 Vérification du portail terminée sans erreur critique.
2025-10-25 14:35:19,802 [INFO] ✅ Clés Bybit présentes dans .env
2025-10-25 14:35:19,802 [INFO] 🔧 Vérification du portail terminée sans erreur critique.
2025-10-25 14:35:34,503 [INFO] ✅ Clés Bybit présentes dans .env
2025-10-25 14:35:34,503 [INFO] 🔧 Vérification du portail terminée sans erreur critique.
2025-10-25 14:35:50,076 [INFO] ✅ Clés Bybit présentes dans .env
2025-10-25 14:35:50,076 [INFO] 🔧 Vérification du portail terminée sans erreur critique.
2025-10-25 14:36:04,802 [INFO] ✅ Clés Bybit présentes dans .env
2025-10-25 14:36:04,802 [INFO] 🔧 Vérification du portail terminée sans erreur critique.
2025-10-25 14:36:20,402 [INFO] ✅ Clés Bybit présentes dans .env
2025-10-25 14:36:20,402 [INFO] 🔧 Vérification du portail terminée sans erreur critique.
2025-10-25 14:36:35,135 [INFO] ✅ Clés Bybit présentes dans .env
2025-10-25 14:36:35,135 [INFO] 🔧 Vérification du portail terminée sans erreur critique.
2025-10-25 14:36:50,692 [INFO] ✅ Clés Bybit présentes dans .env
2025-10-25 14:36:50,693 [INFO] 🔧 Vérification du portail terminée sans erreur critique.
2025-10-25 14:37:05,430 [INFO] ✅ Clés Bybit présentes dans .env
2025-10-25 14:37:05,430 [INFO] 🔧 Vérification du portail terminée sans erreur critique.
2025-10-25 14:37:20,984 [INFO] ✅ Clés Bybit présentes dans .env
2025-10-25 14:37:20,984 [INFO] 🔧 Vérification du portail terminée sans erreur critique.
2025-10-25 14:37:35,745 [INFO] ✅ Clés Bybit présentes dans .env
2025-10-25 14:37:35,745 [INFO] 🔧 Vérification du portail terminée sans erreur critique.
2025-10-25 14:37:51,293 [INFO] ✅ Clés Bybit présentes dans .env
2025-10-25 14:37:51,293 [INFO] 🔧 Vérification du portail terminée sans erreur critique.
2025-10-25 14:38:06,090 [INFO] ✅ Clés Bybit présentes dans .env
2025-10-25 14:38:06,090 [INFO] 🔧 Vérification du portail terminée sans erreur critique.
2025-10-25 14:38:21,680 [INFO] ✅ Clés Bybit présentes dans .env
2025-10-25 14:38:21,680 [INFO] 🔧 Vérification du portail terminée sans erreur critique.
2025-10-25 14:38:36,438 [INFO] ✅ Clés Bybit présentes dans .env
2025-10-25 14:38:36,438 [INFO] 🔧 Vérification du portail terminée sans erreur critique.
2025-10-25 14:38:51,985 [INFO] ✅ Clés Bybit présentes dans .env
2025-10-25 14:38:51,985 [INFO] 🔧 Vérification du portail terminée sans erreur critique.
2025-10-25 14:39:06,768 [INFO] ✅ Clés Bybit présentes dans .env
2025-10-25 14:39:06,769 [INFO] 🔧 Vérification du portail terminée sans erreur critique.
2025-10-25 14:39:22,329 [INFO] ✅ Clés Bybit présentes dans .env
2025-10-25 14:39:22,329 [INFO] 🔧 Vérification du portail terminée sans erreur critique.
2025-10-25 14:39:37,086 [INFO] ✅ Clés Bybit présentes dans .env
2025-10-25 14:39:37,086 [INFO] 🔧 Vérification du portail terminée sans erreur critique.
2025-10-25 14:39:52,574 [INFO] ✅ Clés Bybit présentes dans .env
2025-10-25 14:39:52,575 [INFO] 🔧 Vérification du portail terminée sans erreur critique.
2025-10-25 14:40:07,437 [INFO] ✅ Clés Bybit présentes dans .env
2025-10-25 14:40:07,437 [INFO] 🔧 Vérification du portail terminée sans erreur critique.
2025-10-25 14:40:22,916 [INFO] ✅ Clés Bybit présentes dans .env
2025-10-25 14:40:22,916 [INFO] 🔧 Vérification du portail terminée sans erreur critique.
2025-10-25 14:40:37,763 [INFO] ✅ Clés Bybit présentes dans .env
2025-10-25 14:40:37,763 [INFO] 🔧 Vérification du portail terminée sans erreur critique.
2025-10-25 14:40:53,194 [INFO] ✅ Clés Bybit présentes dans .env
2025-10-25 14:40:53,194 [INFO] 🔧 Vérification du portail terminée sans erreur critique.
2025-10-25 14:41:08,044 [INFO] ✅ Clés Bybit présentes dans .env
2025-10-25 14:41:08,044 [INFO] 🔧 Vérification du portail terminée sans erreur critique.
2025-10-25 14:41:23,489 [INFO] ✅ Clés Bybit présentes dans .env
2025-10-25 14:41:23,489 [INFO] 🔧 Vérification du portail terminée sans erreur critique.
2025-10-25 14:41:38,316 [INFO] ✅ Clés Bybit présentes dans .env
2025-10-25 14:41:38,316 [INFO] 🔧 Vérification du portail terminée sans erreur critique.
2025-10-25 14:41:53,821 [INFO] ✅ Clés Bybit présentes dans .env
2025-10-25 14:41:53,821 [INFO] 🔧 Vérification du portail terminée sans erreur critique.
2025-10-25 14:42:08,595 [INFO] ✅ Clés Bybit présentes dans .env
2025-10-25 14:42:08,595 [INFO] 🔧 Vérification du portail terminée sans erreur critique.
2025-10-25 14:42:24,155 [INFO] ✅ Clés Bybit présentes dans .env
2025-10-25 14:42:24,156 [INFO] 🔧 Vérification du portail terminée sans erreur critique.
2025-10-25 14:42:38,924 [INFO] ✅ Clés Bybit présentes dans .env
2025-10-25 14:42:38,925 [INFO] 🔧 Vérification du portail terminée sans erreur critique.
2025-10-25 14:42:54,489 [INFO] ✅ Clés Bybit présentes dans .env
2025-10-25 14:42:54,489 [INFO] 🔧 Vérification du portail terminée sans erreur critique.
2025-10-25 14:43:09,231 [INFO] ✅ Clés Bybit présentes dans .env
2025-10-25 14:43:09,232 [INFO] 🔧 Vérification du portail terminée sans erreur critique.
2025-10-25 14:43:24,789 [INFO] ✅ Clés Bybit présentes dans .env
2025-10-25 14:43:24,789 [INFO] 🔧 Vérification du portail terminée sans erreur critique.
2025-10-25 14:43:39,494 [INFO] ✅ Clés Bybit présentes dans .env
2025-10-25 14:43:39,494 [INFO] 🔧 Vérification du portail terminée sans erreur critique.
2025-10-25 14:43:55,077 [INFO] ✅ Clés Bybit présentes dans .env
2025-10-25 14:43:55,077 [INFO] 🔧 Vérification du portail terminée sans erreur critique.
2025-10-25 14:44:09,833 [INFO] ✅ Clés Bybit présentes dans .env
2025-10-25 14:44:09,833 [INFO] 🔧 Vérification du portail terminée sans erreur critique.
2025-10-25 14:44:25,424 [INFO] ✅ Clés Bybit présentes dans .env
2025-10-25 14:44:25,424 [INFO] 🔧 Vérification du portail terminée sans erreur critique.
2025-10-25 14:44:40,117 [INFO] ✅ Clés Bybit présentes dans .env
2025-10-25 14:44:40,117 [INFO] 🔧 Vérification du portail terminée sans erreur critique.
2025-10-25 14:44:55,689 [INFO] ✅ Clés Bybit présentes dans .env
2025-10-25 14:44:55,690 [INFO] 🔧 Vérification du portail terminée sans erreur critique.
2025-10-25 14:45:10,470 [INFO] ✅ Clés Bybit présentes dans .env
2025-10-25 14:45:10,470 [INFO] 🔧 Vérification du portail terminée sans erreur critique.
2025-10-25 14:45:25,978 [INFO] ✅ Clés Bybit présentes dans .env
2025-10-25 14:45:25,978 [INFO] 🔧 Vérification du portail terminée sans erreur critique.
2025-10-25 14:45:40,818 [INFO] ✅ Clés Bybit présentes dans .env
2025-10-25 14:45:40,818 [INFO] 🔧 Vérification du portail terminée sans erreur critique.
2025-10-25 14:45:56,296 [INFO] ✅ Clés Bybit présentes dans .env
2025-10-25 14:45:56,296 [INFO] 🔧 Vérification du portail terminée sans erreur critique.
2025-10-25 14:46:11,175 [INFO] ✅ Clés Bybit présentes dans .env
2025-10-25 14:46:11,176 [INFO] 🔧 Vérification du portail terminée sans erreur critique.
2025-10-25 14:46:26,542 [INFO] ✅ Clés Bybit présentes dans .env
2025-10-25 14:46:26,542 [INFO] 🔧 Vérification du portail terminée sans erreur critique.
2025-10-25 14:46:41,492 [INFO] ✅ Clés Bybit présentes dans .env
2025-10-25 14:46:41,492 [INFO] 🔧 Vérification du portail terminée sans erreur critique.
2025-10-25 14:46:56,841 [INFO] ✅ Clés Bybit présentes dans .env
2025-10-25 14:46:56,841 [INFO] 🔧 Vérification du portail terminée sans erreur critique.
2025-10-25 14:47:11,772 [INFO] ✅ Clés Bybit présentes dans .env
2025-10-25 14:47:11,772 [INFO] 🔧 Vérification du portail terminée sans erreur critique.
2025-10-25 14:47:27,135 [INFO] ✅ Clés Bybit présentes dans .env
2025-10-25 14:47:27,135 [INFO] 🔧 Vérification du portail terminée sans erreur critique.
2025-10-25 14:47:42,107 [INFO] ✅ Clés Bybit présentes dans .env
2025-10-25 14:47:42,107 [INFO] 🔧 Vérification du portail terminée sans erreur critique.
2025-10-25 14:47:57,460 [INFO] ✅ Clés Bybit présentes dans .env
2025-10-25 14:47:57,460 [INFO] 🔧 Vérification du portail terminée sans erreur critique.
2025-10-25 14:48:12,434 [INFO] ✅ Clés Bybit présentes dans .env
2025-10-25 14:48:12,434 [INFO] 🔧 Vérification du portail terminée sans erreur critique.
2025-10-25 14:48:27,820 [INFO] ✅ Clés Bybit présentes dans .env
2025-10-25 14:48:27,820 [INFO] 🔧 Vérification du portail terminée sans erreur critique.
2025-10-25 14:48:42,776 [INFO] ✅ Clés Bybit présentes dans .env
2025-10-25 14:48:42,776 [INFO] 🔧 Vérification du portail terminée sans erreur critique.
2025-10-25 14:48:58,165 [INFO] ✅ Clés Bybit présentes dans .env
2025-10-25 14:48:58,165 [INFO] 🔧 Vérification du portail terminée sans erreur critique.
2025-10-25 14:49:13,091 [INFO] ✅ Clés Bybit présentes dans .env
2025-10-25 14:49:13,091 [INFO] 🔧 Vérification du portail terminée sans erreur critique.
2025-10-25 14:49:28,434 [INFO] ✅ Clés Bybit présentes dans .env
2025-10-25 14:49:28,434 [INFO] 🔧 Vérification du portail terminée sans erreur critique.
2025-10-25 14:49:43,439 [INFO] ✅ Clés Bybit présentes dans .env
2025-10-25 14:49:43,439 [INFO] 🔧 Vérification du portail terminée sans erreur critique.
2025-10-25 14:49:58,721 [INFO] ✅ Clés Bybit présentes dans .env
2025-10-25 14:49:58,722 [INFO] 🔧 Vérification du portail terminée sans erreur critique.
2025-10-25 14:50:13,776 [INFO] ✅ Clés Bybit présentes dans .env
2025-10-25 14:50:13,776 [INFO] 🔧 Vérification du portail terminée sans erreur critique.
2025-10-25 14:50:29,036 [INFO] ✅ Clés Bybit présentes dans .env
2025-10-25 14:50:29,036 [INFO] 🔧 Vérification du portail terminée sans erreur critique.
2025-10-25 14:50:44,143 [INFO] ✅ Clés Bybit présentes dans .env
2025-10-25 14:50:44,143 [INFO] 🔧 Vérification du portail terminée sans erreur critique.
2025-10-25 14:50:59,340 [INFO] ✅ Clés Bybit présentes dans .env
2025-10-25 14:50:59,340 [INFO] 🔧 Vérification du portail terminée sans erreur critique.
2025-10-25 14:51:14,484 [INFO] ✅ Clés Bybit présentes dans .env
2025-10-25 14:51:14,484 [INFO] 🔧 Vérification du portail terminée sans erreur critique.
2025-10-25 14:51:29,644 [INFO] ✅ Clés Bybit présentes dans .env
2025-10-25 14:51:29,644 [INFO] 🔧 Vérification du portail terminée sans erreur critique.
2025-10-25 14:51:44,870 [INFO] ✅ Clés Bybit présentes dans .env
2025-10-25 14:51:44,870 [INFO] 🔧 Vérification du portail terminée sans erreur critique.
2025-10-25 14:51:59,911 [INFO] ✅ Clés Bybit présentes dans .env
2025-10-25 14:51:59,911 [INFO] 🔧 Vérification du portail terminée sans erreur critique.
2025-10-25 14:52:15,205 [INFO] ✅ Clés Bybit présentes dans .env
2025-10-25 14:52:15,205 [INFO] 🔧 Vérification du portail terminée sans erreur critique.
2025-10-25 14:52:30,268 [INFO] ✅ Clés Bybit présentes dans .env
2025-10-25 14:52:30,268 [INFO] 🔧 Vérification du portail terminée sans erreur critique.
2025-10-25 14:52:45,513 [INFO] ✅ Clés Bybit présentes dans .env
2025-10-25 14:52:45,513 [INFO] 🔧 Vérification du portail terminée sans erreur critique.
2025-10-25 14:53:00,614 [INFO] ✅ Clés Bybit présentes dans .env
2025-10-25 14:53:00,614 [INFO] 🔧 Vérification du portail terminée sans erreur critique.
2025-10-25 14:53:15,813 [INFO] ✅ Clés Bybit présentes dans .env
2025-10-25 14:53:15,813 [INFO] 🔧 Vérification du portail terminée sans erreur critique.
2025-10-25 14:53:30,921 [INFO] ✅ Clés Bybit présentes dans .env
2025-10-25 14:53:30,922 [INFO] 🔧 Vérification du portail terminée sans erreur critique.
2025-10-25 14:53:46,114 [INFO] ✅ Clés Bybit présentes dans .env
2025-10-25 14:53:46,114 [INFO] 🔧 Vérification du portail terminée sans erreur critique.
2025-10-25 14:54:01,293 [INFO] ✅ Clés Bybit présentes dans .env
2025-10-25 14:54:01,293 [INFO] 🔧 Vérification du portail terminée sans erreur critique.
2025-10-25 14:54:16,452 [INFO] ✅ Clés Bybit présentes dans .env
2025-10-25 14:54:16,452 [INFO] 🔧 Vérification du portail terminée sans erreur critique.
2025-10-25 14:54:31,601 [INFO] ✅ Clés Bybit présentes dans .env
2025-10-25 14:54:31,601 [INFO] 🔧 Vérification du portail terminée sans erreur critique.
2025-10-25 14:54:46,738 [INFO] ✅ Clés Bybit présentes dans .env
2025-10-25 14:54:46,738 [INFO] 🔧 Vérification du portail terminée sans erreur critique.
2025-10-25 14:55:01,862 [INFO] ✅ Clés Bybit présentes dans .env
2025-10-25 14:55:01,862 [INFO] 🔧 Vérification du portail terminée sans erreur critique.
2025-10-25 14:55:17,072 [INFO] ✅ Clés Bybit présentes dans .env
2025-10-25 14:55:17,072 [INFO] 🔧 Vérification du portail terminée sans erreur critique.
2025-10-25 14:55:32,154 [INFO] ✅ Clés Bybit présentes dans .env
2025-10-25 14:55:32,154 [INFO] 🔧 Vérification du portail terminée sans erreur critique.
2025-10-25 14:55:47,417 [INFO] ✅ Clés Bybit présentes dans .env
2025-10-25 14:55:47,417 [INFO] 🔧 Vérification du portail terminée sans erreur critique.
2025-10-25 14:56:02,497 [INFO] ✅ Clés Bybit présentes dans .env
2025-10-25 14:56:02,497 [INFO] 🔧 Vérification du portail terminée sans erreur critique.
2025-10-25 14:56:17,736 [INFO] ✅ Clés Bybit présentes dans .env
2025-10-25 14:56:17,736 [INFO] 🔧 Vérification du portail terminée sans erreur critique.
2025-10-25 14:56:32,868 [INFO] ✅ Clés Bybit présentes dans .env
2025-10-25 14:56:32,868 [INFO] 🔧 Vérification du portail terminée sans erreur critique.
2025-10-25 14:56:48,020 [INFO] ✅ Clés Bybit présentes dans .env
2025-10-25 14:56:48,020 [INFO] 🔧 Vérification du portail terminée sans erreur critique.
2025-10-25 14:57:03,193 [INFO] ✅ Clés Bybit présentes dans .env
2025-10-25 14:57:03,193 [INFO] 🔧 Vérification du portail terminée sans erreur critique.
2025-10-25 14:57:18,332 [INFO] ✅ Clés Bybit présentes dans .env
2025-10-25 14:57:18,333 [INFO] 🔧 Vérification du portail terminée sans erreur critique.
2025-10-25 14:57:33,504 [INFO] ✅ Clés Bybit présentes dans .env
2025-10-25 14:57:33,504 [INFO] 🔧 Vérification du portail terminée sans erreur critique.
2025-10-25 14:57:48,661 [INFO] ✅ Clés Bybit présentes dans .env
2025-10-25 14:57:48,661 [INFO] 🔧 Vérification du portail terminée sans erreur critique.
2025-10-25 14:58:03,832 [INFO] ✅ Clés Bybit présentes dans .env
2025-10-25 14:58:03,832 [INFO] 🔧 Vérification du portail terminée sans erreur critique.
2025-10-25 14:58:19,025 [INFO] ✅ Clés Bybit présentes dans .env
2025-10-25 14:58:19,025 [INFO] 🔧 Vérification du portail terminée sans erreur critique.
2025-10-25 14:58:34,169 [INFO] ✅ Clés Bybit présentes dans .env
2025-10-25 14:58:34,169 [INFO] 🔧 Vérification du portail terminée sans erreur critique.
2025-10-25 14:58:49,335 [INFO] ✅ Clés Bybit présentes dans .env
2025-10-25 14:58:49,336 [INFO] 🔧 Vérification du portail terminée sans erreur critique.
2025-10-25 14:59:04,482 [INFO] ✅ Clés Bybit présentes dans .env
2025-10-25 14:59:04,482 [INFO] 🔧 Vérification du portail terminée sans erreur critique.
2025-10-25 14:59:19,627 [INFO] ✅ Clés Bybit présentes dans .env
2025-10-25 14:59:19,627 [INFO] 🔧 Vérification du portail terminée sans erreur critique.
2025-10-25 14:59:34,755 [INFO] ✅ Clés Bybit présentes dans .env
2025-10-25 14:59:34,755 [INFO] 🔧 Vérification du portail terminée sans erreur critique.
2025-10-25 14:59:49,921 [INFO] ✅ Clés Bybit présentes dans .env
2025-10-25 14:59:49,921 [INFO] 🔧 Vérification du portail terminée sans erreur critique.
2025-10-25 15:00:05,115 [INFO] ✅ Clés Bybit présentes dans .env
2025-10-25 15:00:05,115 [INFO] 🔧 Vérification du portail terminée sans erreur critique.
2025-10-25 15:00:20,260 [INFO] ✅ Clés Bybit présentes dans .env
2025-10-25 15:00:20,260 [INFO] 🔧 Vérification du portail terminée sans erreur critique.
2025-10-25 15:00:35,410 [INFO] ✅ Clés Bybit présentes dans .env
2025-10-25 15:00:35,410 [INFO] 🔧 Vérification du portail terminée sans erreur critique.
2025-10-25 15:00:50,568 [INFO] ✅ Clés Bybit présentes dans .env
2025-10-25 15:00:50,568 [INFO] 🔧 Vérification du portail terminée sans erreur critique.
2025-10-25 15:01:05,737 [INFO] ✅ Clés Bybit présentes dans .env
2025-10-25 15:01:05,738 [INFO] 🔧 Vérification du portail terminée sans erreur critique.
2025-10-25 15:01:20,934 [INFO] ✅ Clés Bybit présentes dans .env
2025-10-25 15:01:20,934 [INFO] 🔧 Vérification du portail terminée sans erreur critique.
2025-10-25 15:01:36,082 [INFO] ✅ Clés Bybit présentes dans .env
2025-10-25 15:01:36,082 [INFO] 🔧 Vérification du portail terminée sans erreur critique.
2025-10-25 15:01:51,210 [INFO] ✅ Clés Bybit présentes dans .env
2025-10-25 15:01:51,210 [INFO] 🔧 Vérification du portail terminée sans erreur critique.
2025-10-25 15:02:06,342 [INFO] ✅ Clés Bybit présentes dans .env
2025-10-25 15:02:06,342 [INFO] 🔧 Vérification du portail terminée sans erreur critique.
2025-10-25 15:02:21,567 [INFO] ✅ Clés Bybit présentes dans .env
2025-10-25 15:02:21,567 [INFO] 🔧 Vérification du portail terminée sans erreur critique.
2025-10-25 15:02:36,614 [INFO] ✅ Clés Bybit présentes dans .env
2025-10-25 15:02:36,614 [INFO] 🔧 Vérification du portail terminée sans erreur critique.
2025-10-25 15:02:51,821 [INFO] ✅ Clés Bybit présentes dans .env
2025-10-25 15:02:51,821 [INFO] 🔧 Vérification du portail terminée sans erreur critique.
2025-10-25 15:03:06,872 [INFO] ✅ Clés Bybit présentes dans .env
2025-10-25 15:03:06,872 [INFO] 🔧 Vérification du portail terminée sans erreur critique.
2025-10-25 15:03:22,160 [INFO] ✅ Clés Bybit présentes dans .env
2025-10-25 15:03:22,160 [INFO] 🔧 Vérification du portail terminée sans erreur critique.
2025-10-25 15:03:37,139 [INFO] ✅ Clés Bybit présentes dans .env
2025-10-25 15:03:37,139 [INFO] 🔧 Vérification du portail terminée sans erreur critique.
2025-10-25 15:03:52,560 [INFO] ✅ Clés Bybit présentes dans .env
2025-10-25 15:03:52,560 [INFO] 🔧 Vérification du portail terminée sans erreur critique.
2025-10-25 15:04:07,463 [INFO] ✅ Clés Bybit présentes dans .env
2025-10-25 15:04:07,463 [INFO] 🔧 Vérification du portail terminée sans erreur critique.
2025-10-25 15:04:22,908 [INFO] ✅ Clés Bybit présentes dans .env
2025-10-25 15:04:22,908 [INFO] 🔧 Vérification du portail terminée sans erreur critique.
2025-10-25 15:04:37,809 [INFO] ✅ Clés Bybit présentes dans .env
2025-10-25 15:04:37,809 [INFO] 🔧 Vérification du portail terminée sans erreur critique.
2025-10-25 15:04:53,175 [INFO] ✅ Clés Bybit présentes dans .env
2025-10-25 15:04:53,175 [INFO] 🔧 Vérification du portail terminée sans erreur critique.
2025-10-25 15:05:08,136 [INFO] ✅ Clés Bybit présentes dans .env
2025-10-25 15:05:08,136 [INFO] 🔧 Vérification du portail terminée sans erreur critique.
2025-10-25 15:05:23,525 [INFO] ✅ Clés Bybit présentes dans .env
2025-10-25 15:05:23,525 [INFO] 🔧 Vérification du portail terminée sans erreur critique.
2025-10-25 15:05:38,473 [INFO] ✅ Clés Bybit présentes dans .env
2025-10-25 15:05:38,473 [INFO] 🔧 Vérification du portail terminée sans erreur critique.
2025-10-25 15:05:53,820 [INFO] ✅ Clés Bybit présentes dans .env
2025-10-25 15:05:53,820 [INFO] 🔧 Vérification du portail terminée sans erreur critique.
2025-10-25 15:06:08,717 [INFO] ✅ Clés Bybit présentes dans .env
2025-10-25 15:06:08,717 [INFO] 🔧 Vérification du portail terminée sans erreur critique.
2025-10-25 15:06:24,103 [INFO] ✅ Clés Bybit présentes dans .env
2025-10-25 15:06:24,103 [INFO] 🔧 Vérification du portail terminée sans erreur critique.
2025-10-25 15:06:39,064 [INFO] ✅ Clés Bybit présentes dans .env
2025-10-25 15:06:39,064 [INFO] 🔧 Vérification du portail terminée sans erreur critique.
2025-10-25 15:06:54,433 [INFO] ✅ Clés Bybit présentes dans .env
2025-10-25 15:06:54,433 [INFO] 🔧 Vérification du portail terminée sans erreur critique.
2025-10-25 15:07:09,324 [INFO] ✅ Clés Bybit présentes dans .env
2025-10-25 15:07:09,324 [INFO] 🔧 Vérification du portail terminée sans erreur critique.
2025-10-25 15:07:24,768 [INFO] ✅ Clés Bybit présentes dans .env
2025-10-25 15:07:24,768 [INFO] 🔧 Vérification du portail terminée sans erreur critique.
2025-10-25 15:07:39,649 [INFO] ✅ Clés Bybit présentes dans .env
2025-10-25 15:07:39,649 [INFO] 🔧 Vérification du portail terminée sans erreur critique.
2025-10-25 15:07:55,134 [INFO] ✅ Clés Bybit présentes dans .env
2025-10-25 15:07:55,134 [INFO] 🔧 Vérification du portail terminée sans erreur critique.
2025-10-25 15:08:10,008 [INFO] ✅ Clés Bybit présentes dans .env
2025-10-25 15:08:10,008 [INFO] 🔧 Vérification du portail terminée sans erreur critique.
2025-10-25 15:08:25,414 [INFO] ✅ Clés Bybit présentes dans .env
2025-10-25 15:08:25,414 [INFO] 🔧 Vérification du portail terminée sans erreur critique.
2025-10-25 15:08:40,397 [INFO] ✅ Clés Bybit présentes dans .env
2025-10-25 15:08:40,397 [INFO] 🔧 Vérification du portail terminée sans erreur critique.
2025-10-25 15:08:55,674 [INFO] ✅ Clés Bybit présentes dans .env
2025-10-25 15:08:55,674 [INFO] 🔧 Vérification du portail terminée sans erreur critique.
2025-10-25 15:09:10,699 [INFO] ✅ Clés Bybit présentes dans .env
2025-10-25 15:09:10,699 [INFO] 🔧 Vérification du portail terminée sans erreur critique.
2025-10-25 15:09:26,000 [INFO] ✅ Clés Bybit présentes dans .env
2025-10-25 15:09:26,000 [INFO] 🔧 Vérification du portail terminée sans erreur critique.
2025-10-25 15:09:40,981 [INFO] ✅ Clés Bybit présentes dans .env
2025-10-25 15:09:40,981 [INFO] 🔧 Vérification du portail terminée sans erreur critique.
2025-10-25 15:09:56,317 [INFO] ✅ Clés Bybit présentes dans .env
2025-10-25 15:09:56,317 [INFO] 🔧 Vérification du portail terminée sans erreur critique.
2025-10-25 15:10:11,240 [INFO] ✅ Clés Bybit présentes dans .env
2025-10-25 15:10:11,240 [INFO] 🔧 Vérification du portail terminée sans erreur critique.
2025-10-25 15:10:26,629 [INFO] ✅ Clés Bybit présentes dans .env
2025-10-25 15:10:26,629 [INFO] 🔧 Vérification du portail terminée sans erreur critique.
2025-10-25 15:10:41,597 [INFO] ✅ Clés Bybit présentes dans .env
2025-10-25 15:10:41,597 [INFO] 🔧 Vérification du portail terminée sans erreur critique.
2025-10-25 15:10:56,987 [INFO] ✅ Clés Bybit présentes dans .env
2025-10-25 15:10:56,988 [INFO] 🔧 Vérification du portail terminée sans erreur critique.
2025-10-25 15:11:11,891 [INFO] ✅ Clés Bybit présentes dans .env
2025-10-25 15:11:11,891 [INFO] 🔧 Vérification du portail terminée sans erreur critique.
2025-10-25 15:11:27,266 [INFO] ✅ Clés Bybit présentes dans .env
2025-10-25 15:11:27,266 [INFO] 🔧 Vérification du portail terminée sans erreur critique.
2025-10-25 15:11:42,168 [INFO] ✅ Clés Bybit présentes dans .env
2025-10-25 15:11:42,168 [INFO] 🔧 Vérification du portail terminée sans erreur critique.
2025-10-25 15:11:57,572 [INFO] ✅ Clés Bybit présentes dans .env
2025-10-25 15:11:57,572 [INFO] 🔧 Vérification du portail terminée sans erreur critique.
2025-10-25 15:12:12,519 [INFO] ✅ Clés Bybit présentes dans .env
2025-10-25 15:12:12,519 [INFO] 🔧 Vérification du portail terminée sans erreur critique.
2025-10-25 15:12:27,896 [INFO] ✅ Clés Bybit présentes dans .env
2025-10-25 15:12:27,896 [INFO] 🔧 Vérification du portail terminée sans erreur critique.
2025-10-25 15:12:42,826 [INFO] ✅ Clés Bybit présentes dans .env
2025-10-25 15:12:42,826 [INFO] 🔧 Vérification du portail terminée sans erreur critique.
2025-10-25 15:12:58,195 [INFO] ✅ Clés Bybit présentes dans .env
2025-10-25 15:12:58,195 [INFO] 🔧 Vérification du portail terminée sans erreur critique.
2025-10-25 15:13:13,122 [INFO] ✅ Clés Bybit présentes dans .env
2025-10-25 15:13:13,122 [INFO] 🔧 Vérification du portail terminée sans erreur critique.
2025-10-25 15:13:28,542 [INFO] ✅ Clés Bybit présentes dans .env
2025-10-25 15:13:28,542 [INFO] 🔧 Vérification du portail terminée sans erreur critique.
2025-10-25 15:13:43,416 [INFO] ✅ Clés Bybit présentes dans .env
2025-10-25 15:13:43,416 [INFO] 🔧 Vérification du portail terminée sans erreur critique.
2025-10-25 15:13:58,889 [INFO] ✅ Clés Bybit présentes dans .env
2025-10-25 15:13:58,889 [INFO] 🔧 Vérification du portail terminée sans erreur critique.
2025-10-25 15:14:13,717 [INFO] ✅ Clés Bybit présentes dans .env
2025-10-25 15:14:13,717 [INFO] 🔧 Vérification du portail terminée sans erreur critique.
2025-10-25 15:14:29,168 [INFO] ✅ Clés Bybit présentes dans .env
2025-10-25 15:14:29,169 [INFO] 🔧 Vérification du portail terminée sans erreur critique.
2025-10-25 15:14:43,986 [INFO] ✅ Clés Bybit présentes dans .env
2025-10-25 15:14:43,986 [INFO] 🔧 Vérification du portail terminée sans erreur critique.
2025-10-25 15:14:59,511 [INFO] ✅ Clés Bybit présentes dans .env
2025-10-25 15:14:59,511 [INFO] 🔧 Vérification du portail terminée sans erreur critique.
2025-10-25 15:15:14,300 [INFO] ✅ Clés Bybit présentes dans .env
2025-10-25 15:15:14,301 [INFO] 🔧 Vérification du portail terminée sans erreur critique.
2025-10-25 15:15:29,866 [INFO] ✅ Clés Bybit présentes dans .env
2025-10-25 15:15:29,866 [INFO] 🔧 Vérification du portail terminée sans erreur critique.
2025-10-25 15:15:44,582 [INFO] ✅ Clés Bybit présentes dans .env
2025-10-25 15:15:44,582 [INFO] 🔧 Vérification du portail terminée sans erreur critique.
2025-10-25 15:16:00,152 [INFO] ✅ Clés Bybit présentes dans .env
2025-10-25 15:16:00,152 [INFO] 🔧 Vérification du portail terminée sans erreur critique.
2025-10-25 15:16:14,863 [INFO] ✅ Clés Bybit présentes dans .env
2025-10-25 15:16:14,863 [INFO] 🔧 Vérification du portail terminée sans erreur critique.
2025-10-25 15:16:30,490 [INFO] ✅ Clés Bybit présentes dans .env
2025-10-25 15:16:30,490 [INFO] 🔧 Vérification du portail terminée sans erreur critique.
2025-10-25 15:16:45,103 [INFO] ✅ Clés Bybit présentes dans .env
2025-10-25 15:16:45,103 [INFO] 🔧 Vérification du portail terminée sans erreur critique.
2025-10-25 15:17:00,845 [INFO] ✅ Clés Bybit présentes dans .env
2025-10-25 15:17:00,845 [INFO] 🔧 Vérification du portail terminée sans erreur critique.
2025-10-25 15:17:15,437 [INFO] ✅ Clés Bybit présentes dans .env
2025-10-25 15:17:15,437 [INFO] 🔧 Vérification du portail terminée sans erreur critique.
2025-10-25 15:17:31,179 [INFO] ✅ Clés Bybit présentes dans .env
2025-10-25 15:17:31,179 [INFO] 🔧 Vérification du portail terminée sans erreur critique.
2025-10-25 15:17:45,770 [INFO] ✅ Clés Bybit présentes dans .env
2025-10-25 15:17:45,770 [INFO] 🔧 Vérification du portail terminée sans erreur critique.
2025-10-25 15:18:01,522 [INFO] ✅ Clés Bybit présentes dans .env
2025-10-25 15:18:01,522 [INFO] 🔧 Vérification du portail terminée sans erreur critique.
2025-10-25 15:18:16,106 [INFO] ✅ Clés Bybit présentes dans .env
2025-10-25 15:18:16,106 [INFO] 🔧 Vérification du portail terminée sans erreur critique.
2025-10-25 15:18:31,842 [INFO] ✅ Clés Bybit présentes dans .env
2025-10-25 15:18:31,842 [INFO] 🔧 Vérification du portail terminée sans erreur critique.
2025-10-25 15:18:46,413 [INFO] ✅ Clés Bybit présentes dans .env
2025-10-25 15:18:46,413 [INFO] 🔧 Vérification du portail terminée sans erreur critique.
2025-10-25 15:19:02,142 [INFO] ✅ Clés Bybit présentes dans .env
2025-10-25 15:19:02,142 [INFO] 🔧 Vérification du portail terminée sans erreur critique.
2025-10-25 15:19:16,761 [INFO] ✅ Clés Bybit présentes dans .env
2025-10-25 15:19:16,761 [INFO] 🔧 Vérification du portail terminée sans erreur critique.
2025-10-25 15:19:32,461 [INFO] ✅ Clés Bybit présentes dans .env
2025-10-25 15:19:32,461 [INFO] 🔧 Vérification du portail terminée sans erreur critique.
2025-10-25 15:19:47,116 [INFO] ✅ Clés Bybit présentes dans .env
2025-10-25 15:19:47,116 [INFO] 🔧 Vérification du portail terminée sans erreur critique.
2025-10-25 15:20:02,786 [INFO] ✅ Clés Bybit présentes dans .env
2025-10-25 15:20:02,786 [INFO] 🔧 Vérification du portail terminée sans erreur critique.
2025-10-25 15:20:17,394 [INFO] ✅ Clés Bybit présentes dans .env
2025-10-25 15:20:17,394 [INFO] 🔧 Vérification du portail terminée sans erreur critique.
2025-10-25 15:20:33,065 [INFO] ✅ Clés Bybit présentes dans .env
2025-10-25 15:20:33,065 [INFO] 🔧 Vérification du portail terminée sans erreur critique.
2025-10-25 15:20:47,713 [INFO] ✅ Clés Bybit présentes dans .env
2025-10-25 15:20:47,713 [INFO] 🔧 Vérification du portail terminée sans erreur critique.
2025-10-25 15:21:03,392 [INFO] ✅ Clés Bybit présentes dans .env
2025-10-25 15:21:03,393 [INFO] 🔧 Vérification du portail terminée sans erreur critique.
2025-10-25 15:21:18,032 [INFO] ✅ Clés Bybit présentes dans .env
2025-10-25 15:21:18,032 [INFO] 🔧 Vérification du portail terminée sans erreur critique.
2025-10-25 15:21:33,705 [INFO] ✅ Clés Bybit présentes dans .env
2025-10-25 15:21:33,705 [INFO] 🔧 Vérification du portail terminée sans erreur critique.
2025-10-25 15:21:48,373 [INFO] ✅ Clés Bybit présentes dans .env
2025-10-25 15:21:48,373 [INFO] 🔧 Vérification du portail terminée sans erreur critique.
2025-10-25 15:22:04,020 [INFO] ✅ Clés Bybit présentes dans .env
2025-10-25 15:22:04,020 [INFO] 🔧 Vérification du portail terminée sans erreur critique.
2025-10-25 15:22:18,688 [INFO] ✅ Clés Bybit présentes dans .env
2025-10-25 15:22:18,688 [INFO] 🔧 Vérification du portail terminée sans erreur critique.
2025-10-25 15:22:34,337 [INFO] ✅ Clés Bybit présentes dans .env
2025-10-25 15:22:34,337 [INFO] 🔧 Vérification du portail terminée sans erreur critique.
2025-10-25 15:22:49,051 [INFO] ✅ Clés Bybit présentes dans .env
2025-10-25 15:22:49,051 [INFO] 🔧 Vérification du portail terminée sans erreur critique.
2025-10-25 15:23:04,614 [INFO] ✅ Clés Bybit présentes dans .env
2025-10-25 15:23:04,614 [INFO] 🔧 Vérification du portail terminée sans erreur critique.
2025-10-25 15:23:19,371 [INFO] ✅ Clés Bybit présentes dans .env
2025-10-25 15:23:19,371 [INFO] 🔧 Vérification du portail terminée sans erreur critique.
2025-10-25 15:23:34,948 [INFO] ✅ Clés Bybit présentes dans .env
2025-10-25 15:23:34,948 [INFO] 🔧 Vérification du portail terminée sans erreur critique.
2025-10-25 15:23:49,668 [INFO] ✅ Clés Bybit présentes dans .env
2025-10-25 15:23:49,668 [INFO] 🔧 Vérification du portail terminée sans erreur critique.
2025-10-25 15:24:05,242 [INFO] ✅ Clés Bybit présentes dans .env
2025-10-25 15:24:05,242 [INFO] 🔧 Vérification du portail terminée sans erreur critique.
2025-10-25 15:24:20,006 [INFO] ✅ Clés Bybit présentes dans .env
2025-10-25 15:24:20,006 [INFO] 🔧 Vérification du portail terminée sans erreur critique.
2025-10-25 15:24:35,543 [INFO] ✅ Clés Bybit présentes dans .env
2025-10-25 15:24:35,543 [INFO] 🔧 Vérification du portail terminée sans erreur critique.
2025-10-25 15:24:50,316 [INFO] ✅ Clés Bybit présentes dans .env
2025-10-25 15:24:50,316 [INFO] 🔧 Vérification du portail terminée sans erreur critique.
2025-10-25 15:25:05,886 [INFO] ✅ Clés Bybit présentes dans .env
2025-10-25 15:25:05,886 [INFO] 🔧 Vérification du portail terminée sans erreur critique.
2025-10-25 15:25:20,643 [INFO] ✅ Clés Bybit présentes dans .env
2025-10-25 15:25:20,643 [INFO] 🔧 Vérification du portail terminée sans erreur critique.
2025-10-25 15:25:36,290 [INFO] ✅ Clés Bybit présentes dans .env
2025-10-25 15:25:36,290 [INFO] 🔧 Vérification du portail terminée sans erreur critique.
2025-10-25 15:25:50,960 [INFO] ✅ Clés Bybit présentes dans .env
2025-10-25 15:25:50,960 [INFO] 🔧 Vérification du portail terminée sans erreur critique.
2025-10-25 15:26:06,571 [INFO] ✅ Clés Bybit présentes dans .env
2025-10-25 15:26:06,571 [INFO] 🔧 Vérification du portail terminée sans erreur critique.
2025-10-25 15:26:21,342 [INFO] ✅ Clés Bybit présentes dans .env
2025-10-25 15:26:21,342 [INFO] 🔧 Vérification du portail terminée sans erreur critique.
2025-10-25 15:26:36,910 [INFO] ✅ Clés Bybit présentes dans .env
2025-10-25 15:26:36,910 [INFO] 🔧 Vérification du portail terminée sans erreur critique.
2025-10-25 15:26:51,685 [INFO] ✅ Clés Bybit présentes dans .env
2025-10-25 15:26:51,685 [INFO] 🔧 Vérification du portail terminée sans erreur critique.
2025-10-25 15:27:07,258 [INFO] ✅ Clés Bybit présentes dans .env
2025-10-25 15:27:07,258 [INFO] 🔧 Vérification du portail terminée sans erreur critique.
2025-10-25 15:27:21,997 [INFO] ✅ Clés Bybit présentes dans .env
2025-10-25 15:27:21,997 [INFO] 🔧 Vérification du portail terminée sans erreur critique.
2025-10-25 15:27:37,573 [INFO] ✅ Clés Bybit présentes dans .env
2025-10-25 15:27:37,573 [INFO] 🔧 Vérification du portail terminée sans erreur critique.
2025-10-25 15:27:52,308 [INFO] ✅ Clés Bybit présentes dans .env
2025-10-25 15:27:52,308 [INFO] 🔧 Vérification du portail terminée sans erreur critique.
2025-10-25 15:28:07,857 [INFO] ✅ Clés Bybit présentes dans .env
2025-10-25 15:28:07,857 [INFO] 🔧 Vérification du portail terminée sans erreur critique.
2025-10-25 15:28:22,628 [INFO] ✅ Clés Bybit présentes dans .env
2025-10-25 15:28:22,628 [INFO] 🔧 Vérification du portail terminée sans erreur critique.
2025-10-25 15:28:38,161 [INFO] ✅ Clés Bybit présentes dans .env
2025-10-25 15:28:38,161 [INFO] 🔧 Vérification du portail terminée sans erreur critique.
2025-10-25 15:28:52,910 [INFO] ✅ Clés Bybit présentes dans .env
2025-10-25 15:28:52,910 [INFO] 🔧 Vérification du portail terminée sans erreur critique.
2025-10-25 15:29:08,440 [INFO] ✅ Clés Bybit présentes dans .env
2025-10-25 15:29:08,441 [INFO] 🔧 Vérification du portail terminée sans erreur critique.
2025-10-25 15:29:23,232 [INFO] ✅ Clés Bybit présentes dans .env
2025-10-25 15:29:23,232 [INFO] 🔧 Vérification du portail terminée sans erreur critique.
2025-10-25 15:29:38,764 [INFO] ✅ Clés Bybit présentes dans .env
2025-10-25 15:29:38,764 [INFO] 🔧 Vérification du portail terminée sans erreur critique.
2025-10-25 15:29:53,511 [INFO] ✅ Clés Bybit présentes dans .env
2025-10-25 15:29:53,511 [INFO] 🔧 Vérification du portail terminée sans erreur critique.
2025-10-25 15:30:09,081 [INFO] ✅ Clés Bybit présentes dans .env
2025-10-25 15:30:09,081 [INFO] 🔧 Vérification du portail terminée sans erreur critique.
2025-10-25 15:30:23,820 [INFO] ✅ Clés Bybit présentes dans .env
2025-10-25 15:30:23,820 [INFO] 🔧 Vérification du portail terminée sans erreur critique.
2025-10-25 15:30:39,421 [INFO] ✅ Clés Bybit présentes dans .env
2025-10-25 15:30:39,421 [INFO] 🔧 Vérification du portail terminée sans erreur critique.
2025-10-25 15:30:54,175 [INFO] ✅ Clés Bybit présentes dans .env
2025-10-25 15:30:54,175 [INFO] 🔧 Vérification du portail terminée sans erreur critique.
2025-10-25 15:31:09,670 [INFO] ✅ Clés Bybit présentes dans .env
2025-10-25 15:31:09,670 [INFO] 🔧 Vérification du portail terminée sans erreur critique.
2025-10-25 15:31:24,476 [INFO] ✅ Clés Bybit présentes dans .env
2025-10-25 15:31:24,476 [INFO] 🔧 Vérification du portail terminée sans erreur critique.
2025-10-25 15:31:39,991 [INFO] ✅ Clés Bybit présentes dans .env
2025-10-25 15:31:39,991 [INFO] 🔧 Vérification du portail terminée sans erreur critique.
2025-10-25 15:31:54,798 [INFO] ✅ Clés Bybit présentes dans .env
2025-10-25 15:31:54,798 [INFO] 🔧 Vérification du portail terminée sans erreur critique.
2025-10-25 15:32:10,349 [INFO] ✅ Clés Bybit présentes dans .env
2025-10-25 15:32:10,349 [INFO] 🔧 Vérification du portail terminée sans erreur critique.
2025-10-25 15:32:25,049 [INFO] ✅ Clés Bybit présentes dans .env
2025-10-25 15:32:25,049 [INFO] 🔧 Vérification du portail terminée sans erreur critique.
2025-10-25 15:32:40,641 [INFO] ✅ Clés Bybit présentes dans .env
2025-10-25 15:32:40,641 [INFO] 🔧 Vérification du portail terminée sans erreur critique.
2025-10-25 15:32:55,325 [INFO] ✅ Clés Bybit présentes dans .env
2025-10-25 15:32:55,325 [INFO] 🔧 Vérification du portail terminée sans erreur critique.
2025-10-25 15:33:10,961 [INFO] ✅ Clés Bybit présentes dans .env
2025-10-25 15:33:10,961 [INFO] 🔧 Vérification du portail terminée sans erreur critique.
2025-10-25 15:33:25,585 [INFO] ✅ Clés Bybit présentes dans .env
2025-10-25 15:33:25,585 [INFO] 🔧 Vérification du portail terminée sans erreur critique.
2025-10-25 15:33:41,313 [INFO] ✅ Clés Bybit présentes dans .env
2025-10-25 15:33:41,313 [INFO] 🔧 Vérification du portail terminée sans erreur critique.
2025-10-25 15:33:55,860 [INFO] ✅ Clés Bybit présentes dans .env
2025-10-25 15:33:55,860 [INFO] 🔧 Vérification du portail terminée sans erreur critique.
2025-10-25 15:34:11,637 [INFO] ✅ Clés Bybit présentes dans .env
2025-10-25 15:34:11,638 [INFO] 🔧 Vérification du portail terminée sans erreur critique.
2025-10-25 15:34:26,132 [INFO] ✅ Clés Bybit présentes dans .env
2025-10-25 15:34:26,132 [INFO] 🔧 Vérification du portail terminée sans erreur critique.
2025-10-25 15:34:41,983 [INFO] ✅ Clés Bybit présentes dans .env
2025-10-25 15:34:41,984 [INFO] 🔧 Vérification du portail terminée sans erreur critique.
2025-10-25 15:34:56,449 [INFO] ✅ Clés Bybit présentes dans .env
2025-10-25 15:34:56,449 [INFO] 🔧 Vérification du portail terminée sans erreur critique.
2025-10-25 15:35:12,315 [INFO] ✅ Clés Bybit présentes dans .env
2025-10-25 15:35:12,315 [INFO] 🔧 Vérification du portail terminée sans erreur critique.
2025-10-25 15:35:26,741 [INFO] ✅ Clés Bybit présentes dans .env
2025-10-25 15:35:26,741 [INFO] 🔧 Vérification du portail terminée sans erreur critique.
2025-10-25 15:35:42,689 [INFO] ✅ Clés Bybit présentes dans .env
2025-10-25 15:35:42,690 [INFO] 🔧 Vérification du portail terminée sans erreur critique.
2025-10-25 15:35:57,017 [INFO] ✅ Clés Bybit présentes dans .env
2025-10-25 15:35:57,017 [INFO] 🔧 Vérification du portail terminée sans erreur critique.
2025-10-25 15:36:13,007 [INFO] ✅ Clés Bybit présentes dans .env
2025-10-25 15:36:13,007 [INFO] 🔧 Vérification du portail terminée sans erreur critique.
2025-10-25 15:36:27,277 [INFO] ✅ Clés Bybit présentes dans .env
2025-10-25 15:36:27,278 [INFO] 🔧 Vérification du portail terminée sans erreur critique.
2025-10-25 15:36:43,356 [INFO] ✅ Clés Bybit présentes dans .env
2025-10-25 15:36:43,356 [INFO] 🔧 Vérification du portail terminée sans erreur critique.
2025-10-25 15:36:57,631 [INFO] ✅ Clés Bybit présentes dans .env
2025-10-25 15:36:57,631 [INFO] 🔧 Vérification du portail terminée sans erreur critique.
2025-10-25 15:37:13,675 [INFO] ✅ Clés Bybit présentes dans .env
2025-10-25 15:37:13,675 [INFO] 🔧 Vérification du portail terminée sans erreur critique.
2025-10-25 15:37:27,899 [INFO] ✅ Clés Bybit présentes dans .env
2025-10-25 15:37:27,900 [INFO] 🔧 Vérification du portail terminée sans erreur critique.
2025-10-25 15:37:43,993 [INFO] ✅ Clés Bybit présentes dans .env
2025-10-25 15:37:43,994 [INFO] 🔧 Vérification du portail terminée sans erreur critique.
2025-10-25 15:37:58,183 [INFO] ✅ Clés Bybit présentes dans .env
2025-10-25 15:37:58,183 [INFO] 🔧 Vérification du portail terminée sans erreur critique.
2025-10-25 15:38:14,324 [INFO] ✅ Clés Bybit présentes dans .env
2025-10-25 15:38:14,324 [INFO] 🔧 Vérification du portail terminée sans erreur critique.
2025-10-25 15:38:28,466 [INFO] ✅ Clés Bybit présentes dans .env
2025-10-25 15:38:28,466 [INFO] 🔧 Vérification du portail terminée sans erreur critique.
2025-10-25 15:38:44,731 [INFO] ✅ Clés Bybit présentes dans .env
2025-10-25 15:38:44,731 [INFO] 🔧 Vérification du portail terminée sans erreur critique.
2025-10-25 15:38:58,778 [INFO] ✅ Clés Bybit présentes dans .env
2025-10-25 15:38:58,779 [INFO] 🔧 Vérification du portail terminée sans erreur critique.
2025-10-25 15:39:15,066 [INFO] ✅ Clés Bybit présentes dans .env
2025-10-25 15:39:15,066 [INFO] 🔧 Vérification du portail terminée sans erreur critique.
2025-10-25 15:39:29,115 [INFO] ✅ Clés Bybit présentes dans .env
2025-10-25 15:39:29,115 [INFO] 🔧 Vérification du portail terminée sans erreur critique.
2025-10-25 15:39:45,348 [INFO] ✅ Clés Bybit présentes dans .env
2025-10-25 15:39:45,349 [INFO] 🔧 Vérification du portail terminée sans erreur critique.
2025-10-25 15:39:59,439 [INFO] ✅ Clés Bybit présentes dans .env
2025-10-25 15:39:59,439 [INFO] 🔧 Vérification du portail terminée sans erreur critique.
2025-10-25 15:40:15,736 [INFO] ✅ Clés Bybit présentes dans .env
2025-10-25 15:40:15,736 [INFO] 🔧 Vérification du portail terminée sans erreur critique.
2025-10-25 15:40:29,771 [INFO] ✅ Clés Bybit présentes dans .env
2025-10-25 15:40:29,771 [INFO] 🔧 Vérification du portail terminée sans erreur critique.
2025-10-25 15:40:46,043 [INFO] ✅ Clés Bybit présentes dans .env
2025-10-25 15:40:46,043 [INFO] 🔧 Vérification du portail terminée sans erreur critique.
2025-10-25 15:41:00,116 [INFO] ✅ Clés Bybit présentes dans .env
2025-10-25 15:41:00,116 [INFO] 🔧 Vérification du portail terminée sans erreur critique.
2025-10-25 15:41:16,416 [INFO] ✅ Clés Bybit présentes dans .env
2025-10-25 15:41:16,416 [INFO] 🔧 Vérification du portail terminée sans erreur critique.
2025-10-25 15:41:30,460 [INFO] ✅ Clés Bybit présentes dans .env
2025-10-25 15:41:30,460 [INFO] 🔧 Vérification du portail terminée sans erreur critique.
2025-10-25 15:41:46,705 [INFO] ✅ Clés Bybit présentes dans .env
2025-10-25 15:41:46,705 [INFO] 🔧 Vérification du portail terminée sans erreur critique.
2025-10-25 15:42:00,734 [INFO] ✅ Clés Bybit présentes dans .env
2025-10-25 15:42:00,734 [INFO] 🔧 Vérification du portail terminée sans erreur critique.
2025-10-25 15:42:17,016 [INFO] ✅ Clés Bybit présentes dans .env
2025-10-25 15:42:17,016 [INFO] 🔧 Vérification du portail terminée sans erreur critique.
2025-10-25 15:42:31,046 [INFO] ✅ Clés Bybit présentes dans .env
2025-10-25 15:42:31,046 [INFO] 🔧 Vérification du portail terminée sans erreur critique.
2025-10-25 15:42:47,298 [INFO] ✅ Clés Bybit présentes dans .env
2025-10-25 15:42:47,298 [INFO] 🔧 Vérification du portail terminée sans erreur critique.
2025-10-25 15:43:01,284 [INFO] ✅ Clés Bybit présentes dans .env
2025-10-25 15:43:01,284 [INFO] 🔧 Vérification du portail terminée sans erreur critique.
2025-10-25 15:43:17,576 [INFO] ✅ Clés Bybit présentes dans .env
2025-10-25 15:43:17,576 [INFO] 🔧 Vérification du portail terminée sans erreur critique.
2025-10-25 15:43:31,635 [INFO] ✅ Clés Bybit présentes dans .env
2025-10-25 15:43:31,635 [INFO] 🔧 Vérification du portail terminée sans erreur critique.
2025-10-25 15:43:47,946 [INFO] ✅ Clés Bybit présentes dans .env
2025-10-25 15:43:47,946 [INFO] 🔧 Vérification du portail terminée sans erreur critique.
2025-10-25 15:44:01,943 [INFO] ✅ Clés Bybit présentes dans .env
2025-10-25 15:44:01,943 [INFO] 🔧 Vérification du portail terminée sans erreur critique.
2025-10-25 15:44:18,310 [INFO] ✅ Clés Bybit présentes dans .env
2025-10-25 15:44:18,310 [INFO] 🔧 Vérification du portail terminée sans erreur critique.
2025-10-25 15:44:32,200 [INFO] ✅ Clés Bybit présentes dans .env
2025-10-25 15:44:32,200 [INFO] 🔧 Vérification du portail terminée sans erreur critique.
2025-10-25 15:44:48,573 [INFO] ✅ Clés Bybit présentes dans .env
2025-10-25 15:44:48,573 [INFO] 🔧 Vérification du portail terminée sans erreur critique.
2025-10-25 15:45:02,515 [INFO] ✅ Clés Bybit présentes dans .env
2025-10-25 15:45:02,515 [INFO] 🔧 Vérification du portail terminée sans erreur critique.
2025-10-25 15:45:18,893 [INFO] ✅ Clés Bybit présentes dans .env
2025-10-25 15:45:18,893 [INFO] 🔧 Vérification du portail terminée sans erreur critique.
2025-10-25 15:45:32,792 [INFO] ✅ Clés Bybit présentes dans .env
2025-10-25 15:45:32,792 [INFO] 🔧 Vérification du portail terminée sans erreur critique.
2025-10-25 15:45:49,253 [INFO] ✅ Clés Bybit présentes dans .env
2025-10-25 15:45:49,253 [INFO] 🔧 Vérification du portail terminée sans erreur critique.
2025-10-25 15:46:03,156 [INFO] ✅ Clés Bybit présentes dans .env
2025-10-25 15:46:03,156 [INFO] 🔧 Vérification du portail terminée sans erreur critique.
2025-10-25 15:46:19,573 [INFO] ✅ Clés Bybit présentes dans .env
2025-10-25 15:46:19,573 [INFO] 🔧 Vérification du portail terminée sans erreur critique.
2025-10-25 15:46:33,422 [INFO] ✅ Clés Bybit présentes dans .env
2025-10-25 15:46:33,422 [INFO] 🔧 Vérification du portail terminée sans erreur critique.
2025-10-25 15:46:49,890 [INFO] ✅ Clés Bybit présentes dans .env
2025-10-25 15:46:49,890 [INFO] 🔧 Vérification du portail terminée sans erreur critique.
2025-10-25 15:47:03,754 [INFO] ✅ Clés Bybit présentes dans .env
2025-10-25 15:47:03,755 [INFO] 🔧 Vérification du portail terminée sans erreur critique.
2025-10-25 15:47:20,157 [INFO] ✅ Clés Bybit présentes dans .env
2025-10-25 15:47:20,157 [INFO] 🔧 Vérification du portail terminée sans erreur critique.
2025-10-25 15:47:34,114 [INFO] ✅ Clés Bybit présentes dans .env
2025-10-25 15:47:34,114 [INFO] 🔧 Vérification du portail terminée sans erreur critique.
2025-10-25 15:47:50,495 [INFO] ✅ Clés Bybit présentes dans .env
2025-10-25 15:47:50,495 [INFO] 🔧 Vérification du portail terminée sans erreur critique.
2025-10-25 15:48:04,459 [INFO] ✅ Clés Bybit présentes dans .env
2025-10-25 15:48:04,459 [INFO] 🔧 Vérification du portail terminée sans erreur critique.
2025-10-25 15:48:20,849 [INFO] ✅ Clés Bybit présentes dans .env
2025-10-25 15:48:20,849 [INFO] 🔧 Vérification du portail terminée sans erreur critique.
2025-10-25 15:48:34,746 [INFO] ✅ Clés Bybit présentes dans .env
2025-10-25 15:48:34,746 [INFO] 🔧 Vérification du portail terminée sans erreur critique.
2025-10-25 15:48:51,211 [INFO] ✅ Clés Bybit présentes dans .env
2025-10-25 15:48:51,211 [INFO] 🔧 Vérification du portail terminée sans erreur critique.
2025-10-25 15:49:05,071 [INFO] ✅ Clés Bybit présentes dans .env
2025-10-25 15:49:05,071 [INFO] 🔧 Vérification du portail terminée sans erreur critique.
2025-10-25 15:49:21,578 [INFO] ✅ Clés Bybit présentes dans .env
2025-10-25 15:49:21,578 [INFO] 🔧 Vérification du portail terminée sans erreur critique.
2025-10-25 15:49:35,381 [INFO] ✅ Clés Bybit présentes dans .env
2025-10-25 15:49:35,382 [INFO] 🔧 Vérification du portail terminée sans erreur critique.
2025-10-25 15:49:51,934 [INFO] ✅ Clés Bybit présentes dans .env
2025-10-25 15:49:51,934 [INFO] 🔧 Vérification du portail terminée sans erreur critique.
2025-10-25 15:50:05,688 [INFO] ✅ Clés Bybit présentes dans .env
2025-10-25 15:50:05,688 [INFO] 🔧 Vérification du portail terminée sans erreur critique.
2025-10-25 15:50:22,259 [INFO] ✅ Clés Bybit présentes dans .env
2025-10-25 15:50:22,259 [INFO] 🔧 Vérification du portail terminée sans erreur critique.
2025-10-25 15:50:35,972 [INFO] ✅ Clés Bybit présentes dans .env
2025-10-25 15:50:35,972 [INFO] 🔧 Vérification du portail terminée sans erreur critique.
2025-10-25 15:50:52,589 [INFO] ✅ Clés Bybit présentes dans .env
2025-10-25 15:50:52,590 [INFO] 🔧 Vérification du portail terminée sans erreur critique.
2025-10-25 15:51:06,279 [INFO] ✅ Clés Bybit présentes dans .env
2025-10-25 15:51:06,279 [INFO] 🔧 Vérification du portail terminée sans erreur critique.
2025-10-25 15:51:22,953 [INFO] ✅ Clés Bybit présentes dans .env
2025-10-25 15:51:22,953 [INFO] 🔧 Vérification du portail terminée sans erreur critique.
2025-10-25 15:51:36,629 [INFO] ✅ Clés Bybit présentes dans .env
2025-10-25 15:51:36,629 [INFO] 🔧 Vérification du portail terminée sans erreur critique.
2025-10-25 15:51:53,270 [INFO] ✅ Clés Bybit présentes dans .env
2025-10-25 15:51:53,270 [INFO] 🔧 Vérification du portail terminée sans erreur critique.
2025-10-25 15:52:06,962 [INFO] ✅ Clés Bybit présentes dans .env
2025-10-25 15:52:06,962 [INFO] 🔧 Vérification du portail terminée sans erreur critique.
2025-10-25 15:52:23,633 [INFO] ✅ Clés Bybit présentes dans .env
2025-10-25 15:52:23,633 [INFO] 🔧 Vérification du portail terminée sans erreur critique.
2025-10-25 15:52:37,272 [INFO] ✅ Clés Bybit présentes dans .env
2025-10-25 15:52:37,273 [INFO] 🔧 Vérification du portail terminée sans erreur critique.
2025-10-25 15:52:53,965 [INFO] ✅ Clés Bybit présentes dans .env
2025-10-25 15:52:53,965 [INFO] 🔧 Vérification du portail terminée sans erreur critique.
2025-10-25 15:53:07,590 [INFO] ✅ Clés Bybit présentes dans .env
2025-10-25 15:53:07,590 [INFO] 🔧 Vérification du portail terminée sans erreur critique.
2025-10-25 15:53:24,239 [INFO] ✅ Clés Bybit présentes dans .env
2025-10-25 15:53:24,239 [INFO] 🔧 Vérification du portail terminée sans erreur critique.
2025-10-25 15:53:37,942 [INFO] ✅ Clés Bybit présentes dans .env
2025-10-25 15:53:37,942 [INFO] 🔧 Vérification du portail terminée sans erreur critique.
2025-10-25 15:53:54,530 [INFO] ✅ Clés Bybit présentes dans .env
2025-10-25 15:53:54,530 [INFO] 🔧 Vérification du portail terminée sans erreur critique.
2025-10-25 15:54:08,300 [INFO] ✅ Clés Bybit présentes dans .env
2025-10-25 15:54:08,300 [INFO] 🔧 Vérification du portail terminée sans erreur critique.
2025-10-25 15:54:24,910 [INFO] ✅ Clés Bybit présentes dans .env
2025-10-25 15:54:24,910 [INFO] 🔧 Vérification du portail terminée sans erreur critique.
2025-10-25 15:54:38,607 [INFO] ✅ Clés Bybit présentes dans .env
2025-10-25 15:54:38,607 [INFO] 🔧 Vérification du portail terminée sans erreur critique.
2025-10-25 15:54:55,236 [INFO] ✅ Clés Bybit présentes dans .env
2025-10-25 15:54:55,236 [INFO] 🔧 Vérification du portail terminée sans erreur critique.
2025-10-25 15:55:08,953 [INFO] ✅ Clés Bybit présentes dans .env
2025-10-25 15:55:08,953 [INFO] 🔧 Vérification du portail terminée sans erreur critique.
2025-10-25 15:55:25,518 [INFO] ✅ Clés Bybit présentes dans .env
2025-10-25 15:55:25,518 [INFO] 🔧 Vérification du portail terminée sans erreur critique.
2025-10-25 15:55:39,255 [INFO] ✅ Clés Bybit présentes dans .env
2025-10-25 15:55:39,255 [INFO] 🔧 Vérification du portail terminée sans erreur critique.
2025-10-25 15:55:55,853 [INFO] ✅ Clés Bybit présentes dans .env
2025-10-25 15:55:55,853 [INFO] 🔧 Vérification du portail terminée sans erreur critique.
2025-10-25 15:56:09,580 [INFO] ✅ Clés Bybit présentes dans .env
2025-10-25 15:56:09,581 [INFO] 🔧 Vérification du portail terminée sans erreur critique.
2025-10-25 15:56:26,182 [INFO] ✅ Clés Bybit présentes dans .env
2025-10-25 15:56:26,182 [INFO] 🔧 Vérification du portail terminée sans erreur critique.
2025-10-25 15:56:39,976 [INFO] ✅ Clés Bybit présentes dans .env
2025-10-25 15:56:39,976 [INFO] 🔧 Vérification du portail terminée sans erreur critique.
2025-10-25 15:56:56,559 [INFO] ✅ Clés Bybit présentes dans .env
2025-10-25 15:56:56,559 [INFO] 🔧 Vérification du portail terminée sans erreur critique.
2025-10-25 15:57:10,312 [INFO] ✅ Clés Bybit présentes dans .env
2025-10-25 15:57:10,312 [INFO] 🔧 Vérification du portail terminée sans erreur critique.
2025-10-25 15:57:26,870 [INFO] ✅ Clés Bybit présentes dans .env
2025-10-25 15:57:26,870 [INFO] 🔧 Vérification du portail terminée sans erreur critique.
2025-10-25 15:57:40,588 [INFO] ✅ Clés Bybit présentes dans .env
2025-10-25 15:57:40,588 [INFO] 🔧 Vérification du portail terminée sans erreur critique.
2025-10-25 15:57:57,180 [INFO] ✅ Clés Bybit présentes dans .env
2025-10-25 15:57:57,180 [INFO] 🔧 Vérification du portail terminée sans erreur critique.
2025-10-25 15:58:10,911 [INFO] ✅ Clés Bybit présentes dans .env
2025-10-25 15:58:10,911 [INFO] 🔧 Vérification du portail terminée sans erreur critique.
2025-10-25 15:58:27,469 [INFO] ✅ Clés Bybit présentes dans .env
2025-10-25 15:58:27,469 [INFO] 🔧 Vérification du portail terminée sans erreur critique.
2025-10-25 15:58:41,222 [INFO] ✅ Clés Bybit présentes dans .env
2025-10-25 15:58:41,222 [INFO] 🔧 Vérification du portail terminée sans erreur critique.
2025-10-25 15:58:57,824 [INFO] ✅ Clés Bybit présentes dans .env
2025-10-25 15:58:57,825 [INFO] 🔧 Vérification du portail terminée sans erreur critique.
2025-10-25 15:59:11,514 [INFO] ✅ Clés Bybit présentes dans .env
2025-10-25 15:59:11,514 [INFO] 🔧 Vérification du portail terminée sans erreur critique.
2025-10-25 15:59:28,114 [INFO] ✅ Clés Bybit présentes dans .env
2025-10-25 15:59:28,114 [INFO] 🔧 Vérification du portail terminée sans erreur critique.
2025-10-25 15:59:41,868 [INFO] ✅ Clés Bybit présentes dans .env
2025-10-25 15:59:41,868 [INFO] 🔧 Vérification du portail terminée sans erreur critique.
2025-10-25 15:59:58,397 [INFO] ✅ Clés Bybit présentes dans .env
2025-10-25 15:59:58,397 [INFO] 🔧 Vérification du portail terminée sans erreur critique.
2025-10-25 16:00:12,237 [INFO] ✅ Clés Bybit présentes dans .env
2025-10-25 16:00:12,237 [INFO] 🔧 Vérification du portail terminée sans erreur critique.
2025-10-25 16:00:28,770 [INFO] ✅ Clés Bybit présentes dans .env
2025-10-25 16:00:28,770 [INFO] 🔧 Vérification du portail terminée sans erreur critique.
2025-10-25 16:00:42,577 [INFO] ✅ Clés Bybit présentes dans .env
2025-10-25 16:00:42,577 [INFO] 🔧 Vérification du portail terminée sans erreur critique.
2025-10-25 16:00:59,071 [INFO] ✅ Clés Bybit présentes dans .env
2025-10-25 16:00:59,071 [INFO] 🔧 Vérification du portail terminée sans erreur critique.
2025-10-25 16:01:12,915 [INFO] ✅ Clés Bybit présentes dans .env
2025-10-25 16:01:12,915 [INFO] 🔧 Vérification du portail terminée sans erreur critique.
2025-10-25 16:01:29,377 [INFO] ✅ Clés Bybit présentes dans .env
2025-10-25 16:01:29,377 [INFO] 🔧 Vérification du portail terminée sans erreur critique.
2025-10-25 16:01:43,235 [INFO] ✅ Clés Bybit présentes dans .env
2025-10-25 16:01:43,235 [INFO] 🔧 Vérification du portail terminée sans erreur critique.
2025-10-25 16:01:59,710 [INFO] ✅ Clés Bybit présentes dans .env
2025-10-25 16:01:59,711 [INFO] 🔧 Vérification du portail terminée sans erreur critique.
2025-10-25 16:02:13,505 [INFO] ✅ Clés Bybit présentes dans .env
2025-10-25 16:02:13,506 [INFO] 🔧 Vérification du portail terminée sans erreur critique.
2025-10-25 16:02:30,085 [INFO] ✅ Clés Bybit présentes dans .env
2025-10-25 16:02:30,085 [INFO] 🔧 Vérification du portail terminée sans erreur critique.
2025-10-25 16:02:43,759 [INFO] ✅ Clés Bybit présentes dans .env
2025-10-25 16:02:43,760 [INFO] 🔧 Vérification du portail terminée sans erreur critique.
2025-10-25 16:03:00,392 [INFO] ✅ Clés Bybit présentes dans .env
2025-10-25 16:03:00,392 [INFO] 🔧 Vérification du portail terminée sans erreur critique.
2025-10-25 16:03:14,133 [INFO] ✅ Clés Bybit présentes dans .env
2025-10-25 16:03:14,133 [INFO] 🔧 Vérification du portail terminée sans erreur critique.
2025-10-25 16:03:30,711 [INFO] ✅ Clés Bybit présentes dans .env
2025-10-25 16:03:30,711 [INFO] 🔧 Vérification du portail terminée sans erreur critique.
2025-10-25 16:03:44,488 [INFO] ✅ Clés Bybit présentes dans .env
2025-10-25 16:03:44,488 [INFO] 🔧 Vérification du portail terminée sans erreur critique.
2025-10-25 16:04:01,083 [INFO] ✅ Clés Bybit présentes dans .env
2025-10-25 16:04:01,083 [INFO] 🔧 Vérification du portail terminée sans erreur critique.
2025-10-25 16:04:14,778 [INFO] ✅ Clés Bybit présentes dans .env
2025-10-25 16:04:14,778 [INFO] 🔧 Vérification du portail terminée sans erreur critique.
2025-10-25 16:04:31,364 [INFO] ✅ Clés Bybit présentes dans .env
2025-10-25 16:04:31,364 [INFO] 🔧 Vérification du portail terminée sans erreur critique.
2025-10-25 16:04:45,045 [INFO] ✅ Clés Bybit présentes dans .env
2025-10-25 16:04:45,045 [INFO] 🔧 Vérification du portail terminée sans erreur critique.
2025-10-25 16:05:01,649 [INFO] ✅ Clés Bybit présentes dans .env
2025-10-25 16:05:01,649 [INFO] 🔧 Vérification du portail terminée sans erreur critique.
2025-10-25 16:05:15,412 [INFO] ✅ Clés Bybit présentes dans .env
2025-10-25 16:05:15,412 [INFO] 🔧 Vérification du portail terminée sans erreur critique.
2025-10-25 16:05:31,971 [INFO] ✅ Clés Bybit présentes dans .env
2025-10-25 16:05:31,971 [INFO] 🔧 Vérification du portail terminée sans erreur critique.
2025-10-25 16:05:45,823 [INFO] ✅ Clés Bybit présentes dans .env
2025-10-25 16:05:45,823 [INFO] 🔧 Vérification du portail terminée sans erreur critique.
2025-10-25 16:06:02,330 [INFO] ✅ Clés Bybit présentes dans .env
2025-10-25 16:06:02,330 [INFO] 🔧 Vérification du portail terminée sans erreur critique.
2025-10-25 16:06:16,184 [INFO] ✅ Clés Bybit présentes dans .env
2025-10-25 16:06:16,184 [INFO] 🔧 Vérification du portail terminée sans erreur critique.
2025-10-25 16:06:32,616 [INFO] ✅ Clés Bybit présentes dans .env
2025-10-25 16:06:32,616 [INFO] 🔧 Vérification du portail terminée sans erreur critique.
2025-10-25 16:06:46,526 [INFO] ✅ Clés Bybit présentes dans .env
2025-10-25 16:06:46,526 [INFO] 🔧 Vérification du portail terminée sans erreur critique.
2025-10-25 16:07:02,926 [INFO] ✅ Clés Bybit présentes dans .env
2025-10-25 16:07:02,926 [INFO] 🔧 Vérification du portail terminée sans erreur critique.
2025-10-25 16:07:16,822 [INFO] ✅ Clés Bybit présentes dans .env
2025-10-25 16:07:16,822 [INFO] 🔧 Vérification du portail terminée sans erreur critique.
2025-10-25 16:07:33,231 [INFO] ✅ Clés Bybit présentes dans .env
2025-10-25 16:07:33,231 [INFO] 🔧 Vérification du portail terminée sans erreur critique.
2025-10-25 16:07:47,178 [INFO] ✅ Clés Bybit présentes dans .env
2025-10-25 16:07:47,179 [INFO] 🔧 Vérification du portail terminée sans erreur critique.
2025-10-25 16:08:03,538 [INFO] ✅ Clés Bybit présentes dans .env
2025-10-25 16:08:03,539 [INFO] 🔧 Vérification du portail terminée sans erreur critique.
2025-10-25 16:08:17,539 [INFO] ✅ Clés Bybit présentes dans .env
2025-10-25 16:08:17,539 [INFO] 🔧 Vérification du portail terminée sans erreur critique.
2025-10-25 16:08:33,868 [INFO] ✅ Clés Bybit présentes dans .env
2025-10-25 16:08:33,868 [INFO] 🔧 Vérification du portail terminée sans erreur critique.
2025-10-25 16:08:47,876 [INFO] ✅ Clés Bybit présentes dans .env
2025-10-25 16:08:47,876 [INFO] 🔧 Vérification du portail terminée sans erreur critique.
2025-10-25 16:09:04,215 [INFO] ✅ Clés Bybit présentes dans .env
2025-10-25 16:09:04,215 [INFO] 🔧 Vérification du portail terminée sans erreur critique.
2025-10-25 16:09:18,189 [INFO] ✅ Clés Bybit présentes dans .env
2025-10-25 16:09:18,189 [INFO] 🔧 Vérification du portail terminée sans erreur critique.
2025-10-25 16:09:34,538 [INFO] ✅ Clés Bybit présentes dans .env
2025-10-25 16:09:34,538 [INFO] 🔧 Vérification du portail terminée sans erreur critique.
2025-10-25 16:09:48,521 [INFO] ✅ Clés Bybit présentes dans .env
2025-10-25 16:09:48,521 [INFO] 🔧 Vérification du portail terminée sans erreur critique.
2025-10-25 16:10:04,848 [INFO] ✅ Clés Bybit présentes dans .env
2025-10-25 16:10:04,848 [INFO] 🔧 Vérification du portail terminée sans erreur critique.
2025-10-25 16:10:18,811 [INFO] ✅ Clés Bybit présentes dans .env
2025-10-25 16:10:18,811 [INFO] 🔧 Vérification du portail terminée sans erreur critique.
2025-10-25 16:10:35,183 [INFO] ✅ Clés Bybit présentes dans .env
2025-10-25 16:10:35,183 [INFO] 🔧 Vérification du portail terminée sans erreur critique.
2025-10-25 16:10:49,144 [INFO] ✅ Clés Bybit présentes dans .env
2025-10-25 16:10:49,145 [INFO] 🔧 Vérification du portail terminée sans erreur critique.
2025-10-25 16:11:05,504 [INFO] ✅ Clés Bybit présentes dans .env
2025-10-25 16:11:05,504 [INFO] 🔧 Vérification du portail terminée sans erreur critique.
2025-10-25 16:11:19,470 [INFO] ✅ Clés Bybit présentes dans .env
2025-10-25 16:11:19,470 [INFO] 🔧 Vérification du portail terminée sans erreur critique.
2025-10-25 16:11:35,888 [INFO] ✅ Clés Bybit présentes dans .env
2025-10-25 16:11:35,888 [INFO] 🔧 Vérification du portail terminée sans erreur critique.
2025-10-25 16:12:06,196 [INFO] ✅ Clés Bybit présentes dans .env
2025-10-25 16:12:06,196 [INFO] 🔧 Vérification du portail terminée sans erreur critique.
2025-10-25 16:12:36,526 [INFO] ✅ Clés Bybit présentes dans .env
2025-10-25 16:12:36,526 [INFO] 🔧 Vérification du portail terminée sans erreur critique.
2025-10-25 16:13:06,889 [INFO] ✅ Clés Bybit présentes dans .env
2025-10-25 16:13:06,889 [INFO] 🔧 Vérification du portail terminée sans erreur critique.
2025-10-25 16:13:37,207 [INFO] ✅ Clés Bybit présentes dans .env
2025-10-25 16:13:37,207 [INFO] 🔧 Vérification du portail terminée sans erreur critique.
2025-10-25 16:14:07,511 [INFO] ✅ Clés Bybit présentes dans .env
2025-10-25 16:14:07,511 [INFO] 🔧 Vérification du portail terminée sans erreur critique.
2025-10-25 16:14:37,836 [INFO] ✅ Clés Bybit présentes dans .env
2025-10-25 16:14:37,836 [INFO] 🔧 Vérification du portail terminée sans erreur critique.
2025-10-25 16:15:08,157 [INFO] ✅ Clés Bybit présentes dans .env
2025-10-25 16:15:08,157 [INFO] 🔧 Vérification du portail terminée sans erreur critique.
2025-10-25 16:15:38,494 [INFO] ✅ Clés Bybit présentes dans .env
2025-10-25 16:15:38,494 [INFO] 🔧 Vérification du portail terminée sans erreur critique.
2025-10-25 16:16:08,845 [INFO] ✅ Clés Bybit présentes dans .env
2025-10-25 16:16:08,845 [INFO] 🔧 Vérification du portail terminée sans erreur critique.
2025-10-25 16:16:39,171 [INFO] ✅ Clés Bybit présentes dans .env
2025-10-25 16:16:39,171 [INFO] 🔧 Vérification du portail terminée sans erreur critique.
2025-10-25 16:17:09,496 [INFO] ✅ Clés Bybit présentes dans .env
2025-10-25 16:17:09,496 [INFO] 🔧 Vérification du portail terminée sans erreur critique.
2025-10-25 16:17:39,796 [INFO] ✅ Clés Bybit présentes dans .env
2025-10-25 16:17:39,796 [INFO] 🔧 Vérification du portail terminée sans erreur critique.
2025-10-25 16:18:10,067 [INFO] ✅ Clés Bybit présentes dans .env
2025-10-25 16:18:10,067 [INFO] 🔧 Vérification du portail terminée sans erreur critique.
2025-10-25 16:18:40,363 [INFO] ✅ Clés Bybit présentes dans .env
2025-10-25 16:18:40,363 [INFO] 🔧 Vérification du portail terminée sans erreur critique.
2025-10-25 16:19:10,668 [INFO] ✅ Clés Bybit présentes dans .env
2025-10-25 16:19:10,668 [INFO] 🔧 Vérification du portail terminée sans erreur critique.
2025-10-25 16:19:40,962 [INFO] ✅ Clés Bybit présentes dans .env
2025-10-25 16:19:40,962 [INFO] 🔧 Vérification du portail terminée sans erreur critique.
2025-10-25 16:20:11,289 [INFO] ✅ Clés Bybit présentes dans .env
2025-10-25 16:20:11,289 [INFO] 🔧 Vérification du portail terminée sans erreur critique.
2025-10-25 16:20:41,611 [INFO] ✅ Clés Bybit présentes dans .env
2025-10-25 16:20:41,611 [INFO] 🔧 Vérification du portail terminée sans erreur critique.
2025-10-25 16:21:11,970 [INFO] ✅ Clés Bybit présentes dans .env
2025-10-25 16:21:11,971 [INFO] 🔧 Vérification du portail terminée sans erreur critique.
2025-10-25 16:21:42,346 [INFO] ✅ Clés Bybit présentes dans .env
2025-10-25 16:21:42,347 [INFO] 🔧 Vérification du portail terminée sans erreur critique.
2025-10-25 16:22:12,706 [INFO] ✅ Clés Bybit présentes dans .env
2025-10-25 16:22:12,706 [INFO] 🔧 Vérification du portail terminée sans erreur critique.
2025-10-25 16:22:43,060 [INFO] ✅ Clés Bybit présentes dans .env
2025-10-25 16:22:43,060 [INFO] 🔧 Vérification du portail terminée sans erreur critique.
2025-10-25 16:23:13,414 [INFO] ✅ Clés Bybit présentes dans .env
2025-10-25 16:23:13,414 [INFO] 🔧 Vérification du portail terminée sans erreur critique.
2025-10-25 16:23:43,760 [INFO] ✅ Clés Bybit présentes dans .env
2025-10-25 16:23:43,760 [INFO] 🔧 Vérification du portail terminée sans erreur critique.
2025-10-25 16:24:14,097 [INFO] ✅ Clés Bybit présentes dans .env
2025-10-25 16:24:14,097 [INFO] 🔧 Vérification du portail terminée sans erreur critique.
2025-10-25 16:24:44,439 [INFO] ✅ Clés Bybit présentes dans .env
2025-10-25 16:24:44,439 [INFO] 🔧 Vérification du portail terminée sans erreur critique.
2025-10-25 16:25:14,755 [INFO] ✅ Clés Bybit présentes dans .env
2025-10-25 16:25:14,756 [INFO] 🔧 Vérification du portail terminée sans erreur critique.
2025-10-25 16:25:45,103 [INFO] ✅ Clés Bybit présentes dans .env
2025-10-25 16:25:45,103 [INFO] 🔧 Vérification du portail terminée sans erreur critique.
2025-10-25 16:26:15,414 [INFO] ✅ Clés Bybit présentes dans .env
2025-10-25 16:26:15,415 [INFO] 🔧 Vérification du portail terminée sans erreur critique.
2025-10-25 16:26:45,700 [INFO] ✅ Clés Bybit présentes dans .env
2025-10-25 16:26:45,700 [INFO] 🔧 Vérification du portail terminée sans erreur critique.
2025-10-25 16:27:16,019 [INFO] ✅ Clés Bybit présentes dans .env
2025-10-25 16:27:16,019 [INFO] 🔧 Vérification du portail terminée sans erreur critique.
2025-10-25 16:27:46,381 [INFO] ✅ Clés Bybit présentes dans .env
2025-10-25 16:27:46,382 [INFO] 🔧 Vérification du portail terminée sans erreur critique.
