[2025-10-24 21:52:04.030524] === SAFELOGIC GUARDIAN DIAG INIT ===
[2025-10-24 21:52:04.033958] 🟢 smartorder-proxy.service OK
[2025-10-24 21:52:04.036707] 🟢 smartorder-websync-bridge.service OK
[2025-10-24 21:52:04.039369] 🟢 smartorder-portal-v5.service OK
[2025-10-24 21:52:04.041750] 🟢 smartorder-watchdog.service OK
[2025-10-24 21:53:04.105177] 🟢 smartorder-proxy.service OK
[2025-10-24 21:53:04.108348] 🟢 smartorder-websync-bridge.service OK
[2025-10-24 21:53:04.110777] 🟢 smartorder-portal-v5.service OK
[2025-10-24 21:53:04.113539] 🟢 smartorder-watchdog.service OK
[2025-10-25 01:42:37.351733] === SAFELOGIC GUARDIAN DIAG INIT ===
[2025-10-25 01:42:37.360373] 🟢 smartorder-proxy.service OK
[2025-10-25 01:42:37.366302] 🟢 smartorder-websync-bridge.service OK
[2025-10-25 01:42:37.368953] 🟢 smartorder-portal-v5.service OK
[2025-10-25 01:42:37.374635] 🟢 smartorder-watchdog.service OK
[2025-10-25 01:43:37.412052] 🟢 smartorder-proxy.service OK
[2025-10-25 01:43:37.414929] 🟢 smartorder-websync-bridge.service OK
[2025-10-25 01:43:37.417669] 🟢 smartorder-portal-v5.service OK
[2025-10-25 01:43:37.420347] 🟢 smartorder-watchdog.service OK
[2025-10-25 01:44:09.610939] === SAFELOGIC GUARDIAN DIAG INIT ===
[2025-10-25 01:44:09.641125] 🟢 smartorder-proxy.service OK
[2025-10-25 01:44:09.643946] 🟢 smartorder-websync-bridge.service OK
[2025-10-25 01:44:09.649877] 🟢 smartorder-portal-v5.service OK
[2025-10-25 01:44:09.655007] 🟢 smartorder-watchdog.service OK
[2025-10-25 01:45:09.720327] 🟢 smartorder-proxy.service OK
[2025-10-25 01:45:09.724376] 🟢 smartorder-websync-bridge.service OK
[2025-10-25 01:45:09.727868] 🟢 smartorder-portal-v5.service OK
[2025-10-25 01:45:09.731972] 🟢 smartorder-watchdog.service OK
[2025-10-25 01:46:09.805534] 🟢 smartorder-proxy.service OK
[2025-10-25 01:46:09.811789] 🟢 smartorder-websync-bridge.service OK
[2025-10-25 01:46:09.817096] 🟢 smartorder-portal-v5.service OK
[2025-10-25 01:46:09.821181] 🟢 smartorder-watchdog.service OK
[2025-10-25 01:47:09.884613] 🟢 smartorder-proxy.service OK
[2025-10-25 01:47:09.887610] 🟢 smartorder-websync-bridge.service OK
[2025-10-25 01:47:09.890923] 🟢 smartorder-portal-v5.service OK
[2025-10-25 01:47:09.894129] 🟢 smartorder-watchdog.service OK
[2025-10-25 01:48:09.957283] 🟢 smartorder-proxy.service OK
[2025-10-25 01:48:09.961240] 🟢 smartorder-websync-bridge.service OK
[2025-10-25 01:48:09.966331] 🟢 smartorder-portal-v5.service OK
[2025-10-25 01:48:09.969706] 🟢 smartorder-watchdog.service OK
[2025-10-25 01:49:10.010318] 🟢 smartorder-proxy.service OK
[2025-10-25 01:49:10.013778] 🟢 smartorder-websync-bridge.service OK
[2025-10-25 01:49:10.016380] 🟢 smartorder-portal-v5.service OK
[2025-10-25 01:49:10.018789] 🟢 smartorder-watchdog.service OK
[2025-10-25 01:50:10.084844] 🟢 smartorder-proxy.service OK
[2025-10-25 01:50:10.088536] 🟢 smartorder-websync-bridge.service OK
[2025-10-25 01:50:10.093646] 🟢 smartorder-portal-v5.service OK
[2025-10-25 01:50:10.100137] 🟢 smartorder-watchdog.service OK
[2025-10-25 01:51:10.136475] 🟢 smartorder-proxy.service OK
[2025-10-25 01:51:10.139145] 🟢 smartorder-websync-bridge.service OK
[2025-10-25 01:51:10.141885] 🟢 smartorder-portal-v5.service OK
[2025-10-25 01:51:10.144660] 🟢 smartorder-watchdog.service OK
[2025-10-25 01:52:10.208679] 🟢 smartorder-proxy.service OK
[2025-10-25 01:52:10.211883] 🟢 smartorder-websync-bridge.service OK
[2025-10-25 01:52:10.214564] 🟢 smartorder-portal-v5.service OK
[2025-10-25 01:52:10.217347] 🟢 smartorder-watchdog.service OK
[2025-10-25 01:53:10.281960] 🟢 smartorder-proxy.service OK
[2025-10-25 01:53:10.284960] 🟢 smartorder-websync-bridge.service OK
[2025-10-25 01:53:10.287562] 🟢 smartorder-portal-v5.service OK
[2025-10-25 01:53:10.290125] 🟢 smartorder-watchdog.service OK
[2025-10-25 01:54:10.352602] 🟢 smartorder-proxy.service OK
[2025-10-25 01:54:10.360449] 🟢 smartorder-websync-bridge.service OK
[2025-10-25 01:54:10.365864] 🟢 smartorder-portal-v5.service OK
[2025-10-25 01:54:10.368853] 🟢 smartorder-watchdog.service OK
[2025-10-25 01:55:10.405142] 🟢 smartorder-proxy.service OK
[2025-10-25 01:55:10.408696] 🟢 smartorder-websync-bridge.service OK
[2025-10-25 01:55:10.411797] 🟢 smartorder-portal-v5.service OK
[2025-10-25 01:55:10.415275] 🟢 smartorder-watchdog.service OK
[2025-10-25 01:56:10.447723] 🟢 smartorder-proxy.service OK
[2025-10-25 01:56:10.451375] 🟢 smartorder-websync-bridge.service OK
[2025-10-25 01:56:10.454235] 🟢 smartorder-portal-v5.service OK
[2025-10-25 01:56:10.456949] 🟢 smartorder-watchdog.service OK
[2025-10-25 01:57:10.482696] 🟢 smartorder-proxy.service OK
[2025-10-25 01:57:10.486541] 🟢 smartorder-websync-bridge.service OK
[2025-10-25 01:57:10.489692] 🟢 smartorder-portal-v5.service OK
[2025-10-25 01:57:10.492861] 🟢 smartorder-watchdog.service OK
[2025-10-25 01:58:10.515522] 🟢 smartorder-proxy.service OK
[2025-10-25 01:58:10.519054] 🟢 smartorder-websync-bridge.service OK
[2025-10-25 01:58:10.522330] 🟢 smartorder-portal-v5.service OK
[2025-10-25 01:58:10.525688] 🟢 smartorder-watchdog.service OK
[2025-10-25 01:59:10.590213] 🟢 smartorder-proxy.service OK
[2025-10-25 01:59:10.593627] 🟢 smartorder-websync-bridge.service OK
[2025-10-25 01:59:10.596928] 🟢 smartorder-portal-v5.service OK
[2025-10-25 01:59:10.599715] 🟢 smartorder-watchdog.service OK
[2025-10-25 02:00:10.663978] 🟢 smartorder-proxy.service OK
[2025-10-25 02:00:10.667031] 🟢 smartorder-websync-bridge.service OK
[2025-10-25 02:00:10.670455] 🟢 smartorder-portal-v5.service OK
[2025-10-25 02:00:10.673455] 🟢 smartorder-watchdog.service OK
[2025-10-25 02:01:10.703906] 🟢 smartorder-proxy.service OK
[2025-10-25 02:01:10.709130] 🟢 smartorder-websync-bridge.service OK
[2025-10-25 02:01:10.718402] 🟢 smartorder-portal-v5.service OK
[2025-10-25 02:01:10.721143] 🟢 smartorder-watchdog.service OK
[2025-10-25 02:02:10.782811] 🟢 smartorder-proxy.service OK
[2025-10-25 02:02:10.787235] 🟢 smartorder-websync-bridge.service OK
[2025-10-25 02:02:10.790190] 🟢 smartorder-portal-v5.service OK
[2025-10-25 02:02:10.793062] 🟢 smartorder-watchdog.service OK
[2025-10-25 02:03:10.859435] 🟢 smartorder-proxy.service OK
[2025-10-25 02:03:10.862426] 🟢 smartorder-websync-bridge.service OK
[2025-10-25 02:03:10.867734] 🟢 smartorder-portal-v5.service OK
[2025-10-25 02:03:10.871163] 🟢 smartorder-watchdog.service OK
[2025-10-25 02:04:10.932261] 🟢 smartorder-proxy.service OK
[2025-10-25 02:04:10.935169] 🟢 smartorder-websync-bridge.service OK
[2025-10-25 02:04:10.937886] 🟢 smartorder-portal-v5.service OK
[2025-10-25 02:04:10.941668] 🟢 smartorder-watchdog.service OK
[2025-10-25 02:05:10.979365] 🟢 smartorder-proxy.service OK
[2025-10-25 02:05:10.982568] 🟢 smartorder-websync-bridge.service OK
[2025-10-25 02:05:10.985475] 🟢 smartorder-portal-v5.service OK
[2025-10-25 02:05:10.988371] 🟢 smartorder-watchdog.service OK
[2025-10-25 02:06:11.044899] 🟢 smartorder-proxy.service OK
[2025-10-25 02:06:11.048457] 🟢 smartorder-websync-bridge.service OK
[2025-10-25 02:06:11.051811] 🟢 smartorder-portal-v5.service OK
[2025-10-25 02:06:11.055167] 🟢 smartorder-watchdog.service OK
[2025-10-25 02:07:11.107974] 🟢 smartorder-proxy.service OK
[2025-10-25 02:07:11.110855] 🟢 smartorder-websync-bridge.service OK
[2025-10-25 02:07:11.114197] 🟢 smartorder-portal-v5.service OK
[2025-10-25 02:07:11.117327] 🟢 smartorder-watchdog.service OK
[2025-10-25 02:08:11.157892] 🟢 smartorder-proxy.service OK
[2025-10-25 02:08:11.161200] 🟢 smartorder-websync-bridge.service OK
[2025-10-25 02:08:11.163913] 🟢 smartorder-portal-v5.service OK
[2025-10-25 02:08:11.166924] 🟢 smartorder-watchdog.service OK
[2025-10-25 02:09:11.224339] 🟢 smartorder-proxy.service OK
[2025-10-25 02:09:11.227355] 🟢 smartorder-websync-bridge.service OK
[2025-10-25 02:09:11.230141] 🟢 smartorder-portal-v5.service OK
[2025-10-25 02:09:11.233044] 🟢 smartorder-watchdog.service OK
[2025-10-25 02:10:11.249686] 🟢 smartorder-proxy.service OK
[2025-10-25 02:10:11.253532] 🟢 smartorder-websync-bridge.service OK
[2025-10-25 02:10:11.256461] 🟢 smartorder-portal-v5.service OK
[2025-10-25 02:10:11.259187] 🟢 smartorder-watchdog.service OK
[2025-10-25 02:11:11.328269] 🟢 smartorder-proxy.service OK
[2025-10-25 02:11:11.331608] 🟢 smartorder-websync-bridge.service OK
[2025-10-25 02:11:11.334198] 🟢 smartorder-portal-v5.service OK
[2025-10-25 02:11:11.337189] 🟢 smartorder-watchdog.service OK
[2025-10-25 02:12:11.401859] 🟢 smartorder-proxy.service OK
[2025-10-25 02:12:11.405909] 🟢 smartorder-websync-bridge.service OK
[2025-10-25 02:12:11.408884] 🟢 smartorder-portal-v5.service OK
[2025-10-25 02:12:11.411909] 🟢 smartorder-watchdog.service OK
[2025-10-25 02:13:11.429160] 🟢 smartorder-proxy.service OK
[2025-10-25 02:13:11.432695] 🟢 smartorder-websync-bridge.service OK
[2025-10-25 02:13:11.435984] 🟢 smartorder-portal-v5.service OK
[2025-10-25 02:13:11.438878] 🟢 smartorder-watchdog.service OK
[2025-10-25 02:14:11.503247] 🟢 smartorder-proxy.service OK
[2025-10-25 02:14:11.505946] 🟢 smartorder-websync-bridge.service OK
[2025-10-25 02:14:11.508692] 🟢 smartorder-portal-v5.service OK
[2025-10-25 02:14:11.511309] 🟢 smartorder-watchdog.service OK
[2025-10-25 02:15:11.584328] 🟢 smartorder-proxy.service OK
[2025-10-25 02:15:11.589623] 🟢 smartorder-websync-bridge.service OK
[2025-10-25 02:15:11.593050] 🟢 smartorder-portal-v5.service OK
[2025-10-25 02:15:11.596413] 🟢 smartorder-watchdog.service OK
[2025-10-25 02:16:11.661190] 🟢 smartorder-proxy.service OK
[2025-10-25 02:16:11.664883] 🟢 smartorder-websync-bridge.service OK
[2025-10-25 02:16:11.668127] 🟢 smartorder-portal-v5.service OK
[2025-10-25 02:16:11.670817] 🟢 smartorder-watchdog.service OK
[2025-10-25 02:17:11.717990] 🟢 smartorder-proxy.service OK
[2025-10-25 02:17:11.721023] 🟢 smartorder-websync-bridge.service OK
[2025-10-25 02:17:11.723781] 🟢 smartorder-portal-v5.service OK
[2025-10-25 02:17:11.726409] 🟢 smartorder-watchdog.service OK
[2025-10-25 02:18:11.733496] 🟢 smartorder-proxy.service OK
[2025-10-25 02:18:11.737009] 🟢 smartorder-websync-bridge.service OK
[2025-10-25 02:18:11.739995] 🟢 smartorder-portal-v5.service OK
[2025-10-25 02:18:11.742685] 🟢 smartorder-watchdog.service OK
[2025-10-25 02:19:11.792860] 🟢 smartorder-proxy.service OK
[2025-10-25 02:19:11.796485] 🟢 smartorder-websync-bridge.service OK
[2025-10-25 02:19:11.800000] 🟢 smartorder-portal-v5.service OK
[2025-10-25 02:19:11.803222] 🟢 smartorder-watchdog.service OK
[2025-10-25 02:20:11.858082] 🟢 smartorder-proxy.service OK
[2025-10-25 02:20:11.861674] 🟢 smartorder-websync-bridge.service OK
[2025-10-25 02:20:11.864681] 🟢 smartorder-portal-v5.service OK
[2025-10-25 02:20:11.867416] 🟢 smartorder-watchdog.service OK
[2025-10-25 02:21:11.908491] 🟢 smartorder-proxy.service OK
[2025-10-25 02:21:11.911427] 🟢 smartorder-websync-bridge.service OK
[2025-10-25 02:21:11.914263] 🟢 smartorder-portal-v5.service OK
[2025-10-25 02:21:11.917009] 🟢 smartorder-watchdog.service OK
[2025-10-25 02:22:11.981817] 🟢 smartorder-proxy.service OK
[2025-10-25 02:22:11.986047] 🟢 smartorder-websync-bridge.service OK
[2025-10-25 02:22:11.988986] 🟢 smartorder-portal-v5.service OK
[2025-10-25 02:22:11.991747] 🟢 smartorder-watchdog.service OK
[2025-10-25 02:23:12.018193] 🟢 smartorder-proxy.service OK
[2025-10-25 02:23:12.021512] 🟢 smartorder-websync-bridge.service OK
[2025-10-25 02:23:12.025170] 🟢 smartorder-portal-v5.service OK
[2025-10-25 02:23:12.028170] 🟢 smartorder-watchdog.service OK
[2025-10-25 02:24:12.074378] 🟢 smartorder-proxy.service OK
[2025-10-25 02:24:12.077709] 🟢 smartorder-websync-bridge.service OK
[2025-10-25 02:24:12.081054] 🟢 smartorder-portal-v5.service OK
[2025-10-25 02:24:12.083985] 🟢 smartorder-watchdog.service OK
[2025-10-25 02:25:12.148486] 🟢 smartorder-proxy.service OK
[2025-10-25 02:25:12.151685] 🟢 smartorder-websync-bridge.service OK
[2025-10-25 02:25:12.154584] 🟢 smartorder-portal-v5.service OK
[2025-10-25 02:25:12.157287] 🟢 smartorder-watchdog.service OK
[2025-10-25 02:26:12.180232] 🟢 smartorder-proxy.service OK
[2025-10-25 02:26:12.184484] 🟢 smartorder-websync-bridge.service OK
[2025-10-25 02:26:12.187291] 🟢 smartorder-portal-v5.service OK
[2025-10-25 02:26:12.189931] 🟢 smartorder-watchdog.service OK
[2025-10-25 02:27:12.228486] 🟢 smartorder-proxy.service OK
[2025-10-25 02:27:12.231754] 🟢 smartorder-websync-bridge.service OK
[2025-10-25 02:27:12.235616] 🟢 smartorder-portal-v5.service OK
[2025-10-25 02:27:12.239257] 🟢 smartorder-watchdog.service OK
[2025-10-25 02:28:12.292428] 🟢 smartorder-proxy.service OK
[2025-10-25 02:28:12.301442] 🟢 smartorder-websync-bridge.service OK
[2025-10-25 02:28:12.304123] 🟢 smartorder-portal-v5.service OK
[2025-10-25 02:28:12.306885] 🟢 smartorder-watchdog.service OK
[2025-10-25 02:29:12.371678] 🟢 smartorder-proxy.service OK
[2025-10-25 02:29:12.375267] 🟢 smartorder-websync-bridge.service OK
[2025-10-25 02:29:12.378367] 🟢 smartorder-portal-v5.service OK
[2025-10-25 02:29:12.381351] 🟢 smartorder-watchdog.service OK
[2025-10-25 02:30:12.446650] 🟢 smartorder-proxy.service OK
[2025-10-25 02:30:12.449651] 🟢 smartorder-websync-bridge.service OK
[2025-10-25 02:30:12.454029] 🟢 smartorder-portal-v5.service OK
[2025-10-25 02:30:12.458268] 🟢 smartorder-watchdog.service OK
[2025-10-25 02:31:12.524325] 🟢 smartorder-proxy.service OK
[2025-10-25 02:31:12.531487] 🟢 smartorder-websync-bridge.service OK
[2025-10-25 02:31:12.536552] 🟢 smartorder-portal-v5.service OK
[2025-10-25 02:31:12.541698] 🟢 smartorder-watchdog.service OK
[2025-10-25 02:32:12.604635] 🟢 smartorder-proxy.service OK
[2025-10-25 02:32:12.607976] 🟢 smartorder-websync-bridge.service OK
[2025-10-25 02:32:12.611169] 🟢 smartorder-portal-v5.service OK
[2025-10-25 02:32:12.614953] 🟢 smartorder-watchdog.service OK
[2025-10-25 02:33:12.676382] 🟢 smartorder-proxy.service OK
[2025-10-25 02:33:12.679151] 🟢 smartorder-websync-bridge.service OK
[2025-10-25 02:33:12.681596] 🟢 smartorder-portal-v5.service OK
[2025-10-25 02:33:12.684123] 🟢 smartorder-watchdog.service OK
[2025-10-25 02:34:12.718229] 🟢 smartorder-proxy.service OK
[2025-10-25 02:34:12.720990] 🟢 smartorder-websync-bridge.service OK
[2025-10-25 02:34:12.723695] 🟢 smartorder-portal-v5.service OK
[2025-10-25 02:34:12.726116] 🟢 smartorder-watchdog.service OK
[2025-10-25 02:35:12.773336] 🟢 smartorder-proxy.service OK
[2025-10-25 02:35:12.777086] 🟢 smartorder-websync-bridge.service OK
[2025-10-25 02:35:12.780385] 🟢 smartorder-portal-v5.service OK
[2025-10-25 02:35:12.784077] 🟢 smartorder-watchdog.service OK
[2025-10-25 02:36:12.802600] 🟢 smartorder-proxy.service OK
[2025-10-25 02:36:12.805591] 🟢 smartorder-websync-bridge.service OK
[2025-10-25 02:36:12.808676] 🟢 smartorder-portal-v5.service OK
[2025-10-25 02:36:12.811682] 🟢 smartorder-watchdog.service OK
[2025-10-25 02:37:12.851631] 🟢 smartorder-proxy.service OK
[2025-10-25 02:37:12.854169] 🟢 smartorder-websync-bridge.service OK
[2025-10-25 02:37:12.857149] 🟢 smartorder-portal-v5.service OK
[2025-10-25 02:37:12.860631] 🟢 smartorder-watchdog.service OK
[2025-10-25 02:38:12.879616] 🟢 smartorder-proxy.service OK
[2025-10-25 02:38:12.881966] 🟢 smartorder-websync-bridge.service OK
[2025-10-25 02:38:12.884301] 🟢 smartorder-portal-v5.service OK
[2025-10-25 02:38:12.886661] 🟢 smartorder-watchdog.service OK
[2025-10-25 02:39:12.950518] 🟢 smartorder-proxy.service OK
[2025-10-25 02:39:12.952980] 🟢 smartorder-websync-bridge.service OK
[2025-10-25 02:39:12.956176] 🟢 smartorder-portal-v5.service OK
[2025-10-25 02:39:12.958830] 🟢 smartorder-watchdog.service OK
[2025-10-25 02:40:13.029888] 🟢 smartorder-proxy.service OK
[2025-10-25 02:40:13.033420] 🟢 smartorder-websync-bridge.service OK
[2025-10-25 02:40:13.036041] 🟢 smartorder-portal-v5.service OK
[2025-10-25 02:40:13.038667] 🟢 smartorder-watchdog.service OK
[2025-10-25 02:41:13.093381] 🟢 smartorder-proxy.service OK
[2025-10-25 02:41:13.096881] 🟢 smartorder-websync-bridge.service OK
[2025-10-25 02:41:13.099654] 🟢 smartorder-portal-v5.service OK
[2025-10-25 02:41:13.102474] 🟢 smartorder-watchdog.service OK
[2025-10-25 02:42:13.158226] 🟢 smartorder-proxy.service OK
[2025-10-25 02:42:13.162713] 🟢 smartorder-websync-bridge.service OK
[2025-10-25 02:42:13.166327] 🟢 smartorder-portal-v5.service OK
[2025-10-25 02:42:13.173538] 🟢 smartorder-watchdog.service OK
[2025-10-25 02:43:13.237920] 🟢 smartorder-proxy.service OK
[2025-10-25 02:43:13.240844] 🟢 smartorder-websync-bridge.service OK
[2025-10-25 02:43:13.243781] 🟢 smartorder-portal-v5.service OK
[2025-10-25 02:43:13.246374] 🟢 smartorder-watchdog.service OK
[2025-10-25 02:44:13.312125] 🟢 smartorder-proxy.service OK
[2025-10-25 02:44:13.315717] 🟢 smartorder-websync-bridge.service OK
[2025-10-25 02:44:13.318872] 🟢 smartorder-portal-v5.service OK
[2025-10-25 02:44:13.322206] 🟢 smartorder-watchdog.service OK
[2025-10-25 02:45:13.387254] 🟢 smartorder-proxy.service OK
[2025-10-25 02:45:13.390248] 🟢 smartorder-websync-bridge.service OK
[2025-10-25 02:45:13.393201] 🟢 smartorder-portal-v5.service OK
[2025-10-25 02:45:13.395674] 🟢 smartorder-watchdog.service OK
[2025-10-25 02:46:13.458292] 🟢 smartorder-proxy.service OK
[2025-10-25 02:46:13.461469] 🟢 smartorder-websync-bridge.service OK
[2025-10-25 02:46:13.464386] 🟢 smartorder-portal-v5.service OK
[2025-10-25 02:46:13.467188] 🟢 smartorder-watchdog.service OK
[2025-10-25 02:47:13.531952] 🟢 smartorder-proxy.service OK
[2025-10-25 02:47:13.535565] 🟢 smartorder-websync-bridge.service OK
[2025-10-25 02:47:13.537947] 🟢 smartorder-portal-v5.service OK
[2025-10-25 02:47:13.540575] 🟢 smartorder-watchdog.service OK
[2025-10-25 02:48:13.604209] 🟢 smartorder-proxy.service OK
[2025-10-25 02:48:13.607260] 🟢 smartorder-websync-bridge.service OK
[2025-10-25 02:48:13.609925] 🟢 smartorder-portal-v5.service OK
[2025-10-25 02:48:13.612618] 🟢 smartorder-watchdog.service OK
[2025-10-25 02:49:13.675553] 🟢 smartorder-proxy.service OK
[2025-10-25 02:49:13.678113] 🟢 smartorder-websync-bridge.service OK
[2025-10-25 02:49:13.680534] 🟢 smartorder-portal-v5.service OK
[2025-10-25 02:49:13.682977] 🟢 smartorder-watchdog.service OK
[2025-10-25 02:50:13.747908] 🟢 smartorder-proxy.service OK
[2025-10-25 02:50:13.751344] 🟢 smartorder-websync-bridge.service OK
[2025-10-25 02:50:13.754795] 🟢 smartorder-portal-v5.service OK
[2025-10-25 02:50:13.757730] 🟢 smartorder-watchdog.service OK
[2025-10-25 02:51:13.792751] 🟢 smartorder-proxy.service OK
[2025-10-25 02:51:13.796360] 🟢 smartorder-websync-bridge.service OK
[2025-10-25 02:51:13.800325] 🟢 smartorder-portal-v5.service OK
[2025-10-25 02:51:13.804377] 🟢 smartorder-watchdog.service OK
[2025-10-25 02:52:13.867581] 🟢 smartorder-proxy.service OK
[2025-10-25 02:52:13.870422] 🟢 smartorder-websync-bridge.service OK
[2025-10-25 02:52:13.872928] 🟢 smartorder-portal-v5.service OK
[2025-10-25 02:52:13.875386] 🟢 smartorder-watchdog.service OK
[2025-10-25 02:53:13.930188] 🟢 smartorder-proxy.service OK
[2025-10-25 02:53:13.934073] 🟢 smartorder-websync-bridge.service OK
[2025-10-25 02:53:13.936713] 🟢 smartorder-portal-v5.service OK
[2025-10-25 02:53:13.939220] 🟢 smartorder-watchdog.service OK
[2025-10-25 02:54:13.994578] 🟢 smartorder-proxy.service OK
[2025-10-25 02:54:14.004092] 🟢 smartorder-websync-bridge.service OK
[2025-10-25 02:54:14.007141] 🟢 smartorder-portal-v5.service OK
[2025-10-25 02:54:14.009646] 🟢 smartorder-watchdog.service OK
[2025-10-25 02:55:14.074059] 🟢 smartorder-proxy.service OK
[2025-10-25 02:55:14.076984] 🟢 smartorder-websync-bridge.service OK
[2025-10-25 02:55:14.079718] 🟢 smartorder-portal-v5.service OK
[2025-10-25 02:55:14.082426] 🟢 smartorder-watchdog.service OK
[2025-10-25 02:56:14.147921] 🟢 smartorder-proxy.service OK
[2025-10-25 02:56:14.169741] 🟢 smartorder-websync-bridge.service OK
[2025-10-25 02:56:14.186622] 🟢 smartorder-portal-v5.service OK
[2025-10-25 02:56:14.208050] 🟢 smartorder-watchdog.service OK
[2025-10-25 02:57:14.212614] 🟢 smartorder-proxy.service OK
[2025-10-25 02:57:14.215448] 🟢 smartorder-websync-bridge.service OK
[2025-10-25 02:57:14.217760] 🟢 smartorder-portal-v5.service OK
[2025-10-25 02:57:14.220294] 🟢 smartorder-watchdog.service OK
[2025-10-25 02:58:14.275204] 🟢 smartorder-proxy.service OK
[2025-10-25 02:58:14.284993] 🟢 smartorder-websync-bridge.service OK
[2025-10-25 02:58:14.287952] 🟢 smartorder-portal-v5.service OK
[2025-10-25 02:58:14.290305] 🟢 smartorder-watchdog.service OK
[2025-10-25 02:59:14.354640] 🟢 smartorder-proxy.service OK
[2025-10-25 02:59:14.357733] 🟢 smartorder-websync-bridge.service OK
[2025-10-25 02:59:14.360225] 🟢 smartorder-portal-v5.service OK
[2025-10-25 02:59:14.363056] 🟢 smartorder-watchdog.service OK
[2025-10-25 03:00:14.427162] 🟢 smartorder-proxy.service OK
[2025-10-25 03:00:14.430308] 🟢 smartorder-websync-bridge.service OK
[2025-10-25 03:00:14.433120] 🟢 smartorder-portal-v5.service OK
[2025-10-25 03:00:14.435812] 🟢 smartorder-watchdog.service OK
[2025-10-25 03:01:14.499974] 🟢 smartorder-proxy.service OK
[2025-10-25 03:01:14.503086] 🟢 smartorder-websync-bridge.service OK
[2025-10-25 03:01:14.505920] 🟢 smartorder-portal-v5.service OK
[2025-10-25 03:01:14.508558] 🟢 smartorder-watchdog.service OK
[2025-10-25 03:02:14.570220] 🟢 smartorder-proxy.service OK
[2025-10-25 03:02:14.574667] 🟢 smartorder-websync-bridge.service OK
[2025-10-25 03:02:14.578015] 🟢 smartorder-portal-v5.service OK
[2025-10-25 03:02:14.581273] 🟢 smartorder-watchdog.service OK
[2025-10-25 03:03:14.643585] 🟢 smartorder-proxy.service OK
[2025-10-25 03:03:14.646420] 🟢 smartorder-websync-bridge.service OK
[2025-10-25 03:03:14.649167] 🟢 smartorder-portal-v5.service OK
[2025-10-25 03:03:14.651937] 🟢 smartorder-watchdog.service OK
[2025-10-25 03:04:14.660590] 🟢 smartorder-proxy.service OK
[2025-10-25 03:04:14.663525] 🟢 smartorder-websync-bridge.service OK
[2025-10-25 03:04:14.665933] 🟢 smartorder-portal-v5.service OK
[2025-10-25 03:04:14.668570] 🟢 smartorder-watchdog.service OK
[2025-10-25 03:05:14.732746] 🟢 smartorder-proxy.service OK
[2025-10-25 03:05:14.736487] 🟢 smartorder-websync-bridge.service OK
[2025-10-25 03:05:14.741109] 🟢 smartorder-portal-v5.service OK
[2025-10-25 03:05:14.744360] 🟢 smartorder-watchdog.service OK
[2025-10-25 03:06:14.799863] 🟢 smartorder-proxy.service OK
[2025-10-25 03:06:14.802411] 🟢 smartorder-websync-bridge.service OK
[2025-10-25 03:06:14.804816] 🟢 smartorder-portal-v5.service OK
[2025-10-25 03:06:14.807273] 🟢 smartorder-watchdog.service OK
[2025-10-25 03:07:14.868857] 🟢 smartorder-proxy.service OK
[2025-10-25 03:07:14.872619] 🟢 smartorder-websync-bridge.service OK
[2025-10-25 03:07:14.876147] 🟢 smartorder-portal-v5.service OK
[2025-10-25 03:07:14.879376] 🟢 smartorder-watchdog.service OK
[2025-10-25 03:08:14.951116] 🟢 smartorder-proxy.service OK
[2025-10-25 03:08:14.957291] 🟢 smartorder-websync-bridge.service OK
[2025-10-25 03:08:14.962093] 🟢 smartorder-portal-v5.service OK
[2025-10-25 03:08:14.965495] 🟢 smartorder-watchdog.service OK
[2025-10-25 03:09:15.029519] 🟢 smartorder-proxy.service OK
[2025-10-25 03:09:15.032544] 🟢 smartorder-websync-bridge.service OK
[2025-10-25 03:09:15.035327] 🟢 smartorder-portal-v5.service OK
[2025-10-25 03:09:15.038007] 🟢 smartorder-watchdog.service OK
[2025-10-25 03:10:15.075776] 🟢 smartorder-proxy.service OK
[2025-10-25 03:10:15.078907] 🟢 smartorder-websync-bridge.service OK
[2025-10-25 03:10:15.081726] 🟢 smartorder-portal-v5.service OK
[2025-10-25 03:10:15.084365] 🟢 smartorder-watchdog.service OK
[2025-10-25 03:11:15.108468] 🟢 smartorder-proxy.service OK
[2025-10-25 03:11:15.112456] 🟢 smartorder-websync-bridge.service OK
[2025-10-25 03:11:15.119132] 🟢 smartorder-portal-v5.service OK
[2025-10-25 03:11:15.122050] 🟢 smartorder-watchdog.service OK
[2025-10-25 03:12:15.186563] 🟢 smartorder-proxy.service OK
[2025-10-25 03:12:15.189461] 🟢 smartorder-websync-bridge.service OK
[2025-10-25 03:12:15.191788] 🟢 smartorder-portal-v5.service OK
[2025-10-25 03:12:15.194870] 🟢 smartorder-watchdog.service OK
[2025-10-25 03:13:15.240315] 🟢 smartorder-proxy.service OK
[2025-10-25 03:13:15.243144] 🟢 smartorder-websync-bridge.service OK
[2025-10-25 03:13:15.245693] 🟢 smartorder-portal-v5.service OK
[2025-10-25 03:13:15.248216] 🟢 smartorder-watchdog.service OK
[2025-10-25 03:14:15.265812] 🟢 smartorder-proxy.service OK
[2025-10-25 03:14:15.268939] 🟢 smartorder-websync-bridge.service OK
[2025-10-25 03:14:15.279073] 🟢 smartorder-portal-v5.service OK
[2025-10-25 03:14:15.286542] 🟢 smartorder-watchdog.service OK
[2025-10-25 03:15:15.318272] 🟢 smartorder-proxy.service OK
[2025-10-25 03:15:15.321064] 🟢 smartorder-websync-bridge.service OK
[2025-10-25 03:15:15.323437] 🟢 smartorder-portal-v5.service OK
[2025-10-25 03:15:15.326007] 🟢 smartorder-watchdog.service OK
[2025-10-25 03:16:15.388699] 🟢 smartorder-proxy.service OK
[2025-10-25 03:16:15.392659] 🟢 smartorder-websync-bridge.service OK
[2025-10-25 03:16:15.395606] 🟢 smartorder-portal-v5.service OK
[2025-10-25 03:16:15.398948] 🟢 smartorder-watchdog.service OK
[2025-10-25 03:17:15.465145] 🟢 smartorder-proxy.service OK
[2025-10-25 03:17:15.471025] 🟢 smartorder-websync-bridge.service OK
[2025-10-25 03:17:15.473890] 🟢 smartorder-portal-v5.service OK
[2025-10-25 03:17:15.476656] 🟢 smartorder-watchdog.service OK
[2025-10-25 03:18:15.540797] 🟢 smartorder-proxy.service OK
[2025-10-25 03:18:15.543839] 🟢 smartorder-websync-bridge.service OK
[2025-10-25 03:18:15.546827] 🟢 smartorder-portal-v5.service OK
[2025-10-25 03:18:15.549707] 🟢 smartorder-watchdog.service OK
[2025-10-25 03:19:15.580510] 🟢 smartorder-proxy.service OK
[2025-10-25 03:19:15.583961] 🟢 smartorder-websync-bridge.service OK
[2025-10-25 03:19:15.587521] 🟢 smartorder-portal-v5.service OK
[2025-10-25 03:19:15.591068] 🟢 smartorder-watchdog.service OK
[2025-10-25 03:20:15.601798] 🟢 smartorder-proxy.service OK
[2025-10-25 03:20:15.604366] 🟢 smartorder-websync-bridge.service OK
[2025-10-25 03:20:15.606723] 🟢 smartorder-portal-v5.service OK
[2025-10-25 03:20:15.612421] 🟢 smartorder-watchdog.service OK
[2025-10-25 03:21:15.676001] 🟢 smartorder-proxy.service OK
[2025-10-25 03:21:15.679849] 🟢 smartorder-websync-bridge.service OK
[2025-10-25 03:21:15.682469] 🟢 smartorder-portal-v5.service OK
[2025-10-25 03:21:15.684989] 🟢 smartorder-watchdog.service OK
[2025-10-25 03:22:15.749909] 🟢 smartorder-proxy.service OK
[2025-10-25 03:22:15.753991] 🟢 smartorder-websync-bridge.service OK
[2025-10-25 03:22:15.757379] 🟢 smartorder-portal-v5.service OK
[2025-10-25 03:22:15.760730] 🟢 smartorder-watchdog.service OK
[2025-10-25 03:23:15.780379] 🟢 smartorder-proxy.service OK
[2025-10-25 03:23:15.783480] 🟢 smartorder-websync-bridge.service OK
[2025-10-25 03:23:15.786337] 🟢 smartorder-portal-v5.service OK
[2025-10-25 03:23:15.789070] 🟢 smartorder-watchdog.service OK
[2025-10-25 03:24:15.833417] 🟢 smartorder-proxy.service OK
[2025-10-25 03:24:15.836609] 🟢 smartorder-websync-bridge.service OK
[2025-10-25 03:24:15.839118] 🟢 smartorder-portal-v5.service OK
[2025-10-25 03:24:15.841775] 🟢 smartorder-watchdog.service OK
[2025-10-25 03:25:15.906613] 🟢 smartorder-proxy.service OK
[2025-10-25 03:25:15.909655] 🟢 smartorder-websync-bridge.service OK
[2025-10-25 03:25:15.912266] 🟢 smartorder-portal-v5.service OK
[2025-10-25 03:25:15.914755] 🟢 smartorder-watchdog.service OK
[2025-10-25 03:26:15.979585] 🟢 smartorder-proxy.service OK
[2025-10-25 03:26:15.982590] 🟢 smartorder-websync-bridge.service OK
[2025-10-25 03:26:15.985339] 🟢 smartorder-portal-v5.service OK
[2025-10-25 03:26:15.987964] 🟢 smartorder-watchdog.service OK
[2025-10-25 03:27:16.051832] 🟢 smartorder-proxy.service OK
[2025-10-25 03:27:16.054687] 🟢 smartorder-websync-bridge.service OK
[2025-10-25 03:27:16.057394] 🟢 smartorder-portal-v5.service OK
[2025-10-25 03:27:16.060086] 🟢 smartorder-watchdog.service OK
[2025-10-25 03:28:16.123961] 🟢 smartorder-proxy.service OK
[2025-10-25 03:28:16.126826] 🟢 smartorder-websync-bridge.service OK
[2025-10-25 03:28:16.129473] 🟢 smartorder-portal-v5.service OK
[2025-10-25 03:28:16.131946] 🟢 smartorder-watchdog.service OK
[2025-10-25 03:29:16.196734] 🟢 smartorder-proxy.service OK
[2025-10-25 03:29:16.200275] 🟢 smartorder-websync-bridge.service OK
[2025-10-25 03:29:16.203411] 🟢 smartorder-portal-v5.service OK
[2025-10-25 03:29:16.206017] 🟢 smartorder-watchdog.service OK
[2025-10-25 03:30:16.269117] 🟢 smartorder-proxy.service OK
[2025-10-25 03:30:16.272048] 🟢 smartorder-websync-bridge.service OK
[2025-10-25 03:30:16.274857] 🟢 smartorder-portal-v5.service OK
[2025-10-25 03:30:16.277857] 🟢 smartorder-watchdog.service OK
[2025-10-25 03:31:16.342099] 🟢 smartorder-proxy.service OK
[2025-10-25 03:31:16.344941] 🟢 smartorder-websync-bridge.service OK
[2025-10-25 03:31:16.347636] 🟢 smartorder-portal-v5.service OK
[2025-10-25 03:31:16.350308] 🟢 smartorder-watchdog.service OK
[2025-10-25 03:32:16.404590] 🟢 smartorder-proxy.service OK
[2025-10-25 03:32:16.409696] 🟢 smartorder-websync-bridge.service OK
[2025-10-25 03:32:16.416534] 🟢 smartorder-portal-v5.service OK
[2025-10-25 03:32:16.426182] 🟢 smartorder-watchdog.service OK
[2025-10-25 03:33:16.439592] 🟢 smartorder-proxy.service OK
[2025-10-25 03:33:16.442550] 🟢 smartorder-websync-bridge.service OK
[2025-10-25 03:33:16.445458] 🟢 smartorder-portal-v5.service OK
[2025-10-25 03:33:16.448171] 🟢 smartorder-watchdog.service OK
[2025-10-25 03:34:16.503215] 🟢 smartorder-proxy.service OK
[2025-10-25 03:34:16.507469] 🟢 smartorder-websync-bridge.service OK
[2025-10-25 03:34:16.510067] 🟢 smartorder-portal-v5.service OK
[2025-10-25 03:34:16.512600] 🟢 smartorder-watchdog.service OK
[2025-10-25 03:35:16.548908] 🟢 smartorder-proxy.service OK
[2025-10-25 03:35:16.551806] 🟢 smartorder-websync-bridge.service OK
[2025-10-25 03:35:16.554822] 🟢 smartorder-portal-v5.service OK
[2025-10-25 03:35:16.557825] 🟢 smartorder-watchdog.service OK
[2025-10-25 03:36:16.622907] 🟢 smartorder-proxy.service OK
[2025-10-25 03:36:16.627457] 🟢 smartorder-websync-bridge.service OK
[2025-10-25 03:36:16.631630] 🟢 smartorder-portal-v5.service OK
[2025-10-25 03:36:16.634690] 🟢 smartorder-watchdog.service OK
[2025-10-25 03:37:16.676641] 🟢 smartorder-proxy.service OK
[2025-10-25 03:37:16.679858] 🟢 smartorder-websync-bridge.service OK
[2025-10-25 03:37:16.682190] 🟢 smartorder-portal-v5.service OK
[2025-10-25 03:37:16.684903] 🟢 smartorder-watchdog.service OK
[2025-10-25 03:38:16.745133] 🟢 smartorder-proxy.service OK
[2025-10-25 03:38:16.755150] 🟢 smartorder-websync-bridge.service OK
[2025-10-25 03:38:16.757812] 🟢 smartorder-portal-v5.service OK
[2025-10-25 03:38:16.760336] 🟢 smartorder-watchdog.service OK
[2025-10-25 03:39:16.820400] 🟢 smartorder-proxy.service OK
[2025-10-25 03:39:16.823869] 🟢 smartorder-websync-bridge.service OK
[2025-10-25 03:39:16.826892] 🟢 smartorder-portal-v5.service OK
[2025-10-25 03:39:16.830149] 🟢 smartorder-watchdog.service OK
[2025-10-25 03:40:16.843619] 🟢 smartorder-proxy.service OK
[2025-10-25 03:40:16.851911] 🟢 smartorder-websync-bridge.service OK
[2025-10-25 03:40:16.854263] 🟢 smartorder-portal-v5.service OK
[2025-10-25 03:40:16.856780] 🟢 smartorder-watchdog.service OK
[2025-10-25 03:41:16.875684] 🟢 smartorder-proxy.service OK
[2025-10-25 03:41:16.878187] 🟢 smartorder-websync-bridge.service OK
[2025-10-25 03:41:16.880703] 🟢 smartorder-portal-v5.service OK
[2025-10-25 03:41:16.883436] 🟢 smartorder-watchdog.service OK
[2025-10-25 03:42:16.936739] 🟢 smartorder-proxy.service OK
[2025-10-25 03:42:16.940053] 🟢 smartorder-websync-bridge.service OK
[2025-10-25 03:42:16.943520] 🟢 smartorder-portal-v5.service OK
[2025-10-25 03:42:16.946614] 🟢 smartorder-watchdog.service OK
[2025-10-25 03:43:17.010966] 🟢 smartorder-proxy.service OK
[2025-10-25 03:43:17.013884] 🟢 smartorder-websync-bridge.service OK
[2025-10-25 03:43:17.016515] 🟢 smartorder-portal-v5.service OK
[2025-10-25 03:43:17.019144] 🟢 smartorder-watchdog.service OK
[2025-10-25 03:44:17.084045] 🟢 smartorder-proxy.service OK
[2025-10-25 03:44:17.087320] 🟢 smartorder-websync-bridge.service OK
[2025-10-25 03:44:17.090720] 🟢 smartorder-portal-v5.service OK
[2025-10-25 03:44:17.094277] 🟢 smartorder-watchdog.service OK
[2025-10-25 03:45:17.108790] 🟢 smartorder-proxy.service OK
[2025-10-25 03:45:17.112378] 🟢 smartorder-websync-bridge.service OK
[2025-10-25 03:45:17.115682] 🟢 smartorder-portal-v5.service OK
[2025-10-25 03:45:17.118658] 🟢 smartorder-watchdog.service OK
[2025-10-25 03:46:17.183087] 🟢 smartorder-proxy.service OK
[2025-10-25 03:46:17.186436] 🟢 smartorder-websync-bridge.service OK
[2025-10-25 03:46:17.189280] 🟢 smartorder-portal-v5.service OK
[2025-10-25 03:46:17.191996] 🟢 smartorder-watchdog.service OK
[2025-10-25 03:47:17.204443] 🟢 smartorder-proxy.service OK
[2025-10-25 03:47:17.206826] 🟢 smartorder-websync-bridge.service OK
[2025-10-25 03:47:17.209328] 🟢 smartorder-portal-v5.service OK
[2025-10-25 03:47:17.211987] 🟢 smartorder-watchdog.service OK
[2025-10-25 03:48:17.262811] 🟢 smartorder-proxy.service OK
[2025-10-25 03:48:17.266189] 🟢 smartorder-websync-bridge.service OK
[2025-10-25 03:48:17.268937] 🟢 smartorder-portal-v5.service OK
[2025-10-25 03:48:17.271626] 🟢 smartorder-watchdog.service OK
[2025-10-25 03:49:17.317503] 🟢 smartorder-proxy.service OK
[2025-10-25 03:49:17.320811] 🟢 smartorder-websync-bridge.service OK
[2025-10-25 03:49:17.323743] 🟢 smartorder-portal-v5.service OK
[2025-10-25 03:49:17.327044] 🟢 smartorder-watchdog.service OK
[2025-10-25 03:50:17.341819] 🟢 smartorder-proxy.service OK
[2025-10-25 03:50:17.345795] 🟢 smartorder-websync-bridge.service OK
[2025-10-25 03:50:17.349710] 🟢 smartorder-portal-v5.service OK
[2025-10-25 03:50:17.353368] 🟢 smartorder-watchdog.service OK
[2025-10-25 03:51:17.416109] 🟢 smartorder-proxy.service OK
[2025-10-25 03:51:17.418528] 🟢 smartorder-websync-bridge.service OK
[2025-10-25 03:51:17.421292] 🟢 smartorder-portal-v5.service OK
[2025-10-25 03:51:17.423772] 🟢 smartorder-watchdog.service OK
[2025-10-25 03:52:17.470030] 🟢 smartorder-proxy.service OK
[2025-10-25 03:52:17.473270] 🟢 smartorder-websync-bridge.service OK
[2025-10-25 03:52:17.476130] 🟢 smartorder-portal-v5.service OK
[2025-10-25 03:52:17.478945] 🟢 smartorder-watchdog.service OK
[2025-10-25 03:53:17.543395] 🟢 smartorder-proxy.service OK
[2025-10-25 03:53:17.547400] 🟢 smartorder-websync-bridge.service OK
[2025-10-25 03:53:17.550977] 🟢 smartorder-portal-v5.service OK
[2025-10-25 03:53:17.553937] 🟢 smartorder-watchdog.service OK
[2025-10-25 03:54:17.616207] 🟢 smartorder-proxy.service OK
[2025-10-25 03:54:17.619185] 🟢 smartorder-websync-bridge.service OK
[2025-10-25 03:54:17.622146] 🟢 smartorder-portal-v5.service OK
[2025-10-25 03:54:17.624900] 🟢 smartorder-watchdog.service OK
[2025-10-25 03:55:17.688916] 🟢 smartorder-proxy.service OK
[2025-10-25 03:55:17.691857] 🟢 smartorder-websync-bridge.service OK
[2025-10-25 03:55:17.694737] 🟢 smartorder-portal-v5.service OK
[2025-10-25 03:55:17.697349] 🟢 smartorder-watchdog.service OK
[2025-10-25 03:56:17.732463] 🟢 smartorder-proxy.service OK
[2025-10-25 03:56:17.735413] 🟢 smartorder-websync-bridge.service OK
[2025-10-25 03:56:17.738309] 🟢 smartorder-portal-v5.service OK
[2025-10-25 03:56:17.741065] 🟢 smartorder-watchdog.service OK
[2025-10-25 03:57:17.775273] 🟢 smartorder-proxy.service OK
[2025-10-25 03:57:17.779050] 🟢 smartorder-websync-bridge.service OK
[2025-10-25 03:57:17.782510] 🟢 smartorder-portal-v5.service OK
[2025-10-25 03:57:17.785978] 🟢 smartorder-watchdog.service OK
[2025-10-25 03:58:17.851064] 🟢 smartorder-proxy.service OK
[2025-10-25 03:58:17.857406] 🟢 smartorder-websync-bridge.service OK
[2025-10-25 03:58:17.859848] 🟢 smartorder-portal-v5.service OK
[2025-10-25 03:58:17.862213] 🟢 smartorder-watchdog.service OK
[2025-10-25 03:59:17.926643] 🟢 smartorder-proxy.service OK
[2025-10-25 03:59:17.930672] 🟢 smartorder-websync-bridge.service OK
[2025-10-25 03:59:17.933686] 🟢 smartorder-portal-v5.service OK
[2025-10-25 03:59:17.936528] 🟢 smartorder-watchdog.service OK
[2025-10-25 04:00:17.953374] 🟢 smartorder-proxy.service OK
[2025-10-25 04:00:17.957521] 🟢 smartorder-websync-bridge.service OK
[2025-10-25 04:00:17.961614] 🟢 smartorder-portal-v5.service OK
[2025-10-25 04:00:17.965378] 🟢 smartorder-watchdog.service OK
[2025-10-25 04:01:18.021575] 🟢 smartorder-proxy.service OK
[2025-10-25 04:01:18.025676] 🟢 smartorder-websync-bridge.service OK
[2025-10-25 04:01:18.028684] 🟢 smartorder-portal-v5.service OK
[2025-10-25 04:01:18.031556] 🟢 smartorder-watchdog.service OK
[2025-10-25 04:02:18.093613] 🟢 smartorder-proxy.service OK
[2025-10-25 04:02:18.097704] 🟢 smartorder-websync-bridge.service OK
[2025-10-25 04:02:18.102197] 🟢 smartorder-portal-v5.service OK
[2025-10-25 04:02:18.105568] 🟢 smartorder-watchdog.service OK
[2025-10-25 04:03:18.150049] 🟢 smartorder-proxy.service OK
[2025-10-25 04:03:18.154499] 🟢 smartorder-websync-bridge.service OK
[2025-10-25 04:03:18.158742] 🟢 smartorder-portal-v5.service OK
[2025-10-25 04:03:18.162805] 🟢 smartorder-watchdog.service OK
[2025-10-25 04:04:18.216881] 🟢 smartorder-proxy.service OK
[2025-10-25 04:04:18.219845] 🟢 smartorder-websync-bridge.service OK
[2025-10-25 04:04:18.222611] 🟢 smartorder-portal-v5.service OK
[2025-10-25 04:04:18.225465] 🟢 smartorder-watchdog.service OK
[2025-10-25 04:05:18.230840] 🟢 smartorder-proxy.service OK
[2025-10-25 04:05:18.233669] 🟢 smartorder-websync-bridge.service OK
[2025-10-25 04:05:18.236384] 🟢 smartorder-portal-v5.service OK
[2025-10-25 04:05:18.239093] 🟢 smartorder-watchdog.service OK
[2025-10-25 04:06:18.302849] 🟢 smartorder-proxy.service OK
[2025-10-25 04:06:18.305868] 🟢 smartorder-websync-bridge.service OK
[2025-10-25 04:06:18.308680] 🟢 smartorder-portal-v5.service OK
[2025-10-25 04:06:18.311369] 🟢 smartorder-watchdog.service OK
[2025-10-25 04:07:18.381205] 🟢 smartorder-proxy.service OK
[2025-10-25 04:07:18.384107] 🟢 smartorder-websync-bridge.service OK
[2025-10-25 04:07:18.386514] 🟢 smartorder-portal-v5.service OK
[2025-10-25 04:07:18.389271] 🟢 smartorder-watchdog.service OK
[2025-10-25 04:08:18.433363] 🟢 smartorder-proxy.service OK
[2025-10-25 04:08:18.436612] 🟢 smartorder-websync-bridge.service OK
[2025-10-25 04:08:18.440100] 🟢 smartorder-portal-v5.service OK
[2025-10-25 04:08:18.442809] 🟢 smartorder-watchdog.service OK
[2025-10-25 04:09:18.493537] 🟢 smartorder-proxy.service OK
[2025-10-25 04:09:18.497653] 🟢 smartorder-websync-bridge.service OK
[2025-10-25 04:09:18.501358] 🟢 smartorder-portal-v5.service OK
[2025-10-25 04:09:18.505250] 🟢 smartorder-watchdog.service OK
[2025-10-25 04:10:18.555681] 🟢 smartorder-proxy.service OK
[2025-10-25 04:10:18.561461] 🟢 smartorder-websync-bridge.service OK
[2025-10-25 04:10:18.566688] 🟢 smartorder-portal-v5.service OK
[2025-10-25 04:10:18.569727] 🟢 smartorder-watchdog.service OK
[2025-10-25 04:11:18.601798] 🟢 smartorder-proxy.service OK
[2025-10-25 04:11:18.604843] 🟢 smartorder-websync-bridge.service OK
[2025-10-25 04:11:18.607560] 🟢 smartorder-portal-v5.service OK
[2025-10-25 04:11:18.610362] 🟢 smartorder-watchdog.service OK
[2025-10-25 04:12:18.670901] 🟢 smartorder-proxy.service OK
[2025-10-25 04:12:18.677539] 🟢 smartorder-websync-bridge.service OK
[2025-10-25 04:12:18.683922] 🟢 smartorder-portal-v5.service OK
[2025-10-25 04:12:18.686688] 🟢 smartorder-watchdog.service OK
[2025-10-25 04:13:18.748224] 🟢 smartorder-proxy.service OK
[2025-10-25 04:13:18.751405] 🟢 smartorder-websync-bridge.service OK
[2025-10-25 04:13:18.754195] 🟢 smartorder-portal-v5.service OK
[2025-10-25 04:13:18.756859] 🟢 smartorder-watchdog.service OK
[2025-10-25 04:14:18.806280] 🟢 smartorder-proxy.service OK
[2025-10-25 04:14:18.810764] 🟢 smartorder-websync-bridge.service OK
[2025-10-25 04:14:18.813722] 🟢 smartorder-portal-v5.service OK
[2025-10-25 04:14:18.817401] 🟢 smartorder-watchdog.service OK
[2025-10-25 04:15:18.848219] 🟢 smartorder-proxy.service OK
[2025-10-25 04:15:18.850736] 🟢 smartorder-websync-bridge.service OK
[2025-10-25 04:15:18.853849] 🟢 smartorder-portal-v5.service OK
[2025-10-25 04:15:18.856622] 🟢 smartorder-watchdog.service OK
[2025-10-25 04:16:18.924032] 🟢 smartorder-proxy.service OK
[2025-10-25 04:16:18.927661] 🟢 smartorder-websync-bridge.service OK
[2025-10-25 04:16:18.930196] 🟢 smartorder-portal-v5.service OK
[2025-10-25 04:16:18.936742] 🟢 smartorder-watchdog.service OK
[2025-10-25 04:17:18.999463] 🟢 smartorder-proxy.service OK
[2025-10-25 04:17:19.002621] 🟢 smartorder-websync-bridge.service OK
[2025-10-25 04:17:19.005576] 🟢 smartorder-portal-v5.service OK
[2025-10-25 04:17:19.008500] 🟢 smartorder-watchdog.service OK
[2025-10-25 04:18:19.020480] 🟢 smartorder-proxy.service OK
[2025-10-25 04:18:19.024312] 🟢 smartorder-websync-bridge.service OK
[2025-10-25 04:18:19.028057] 🟢 smartorder-portal-v5.service OK
[2025-10-25 04:18:19.031674] 🟢 smartorder-watchdog.service OK
[2025-10-25 04:19:19.097097] 🟢 smartorder-proxy.service OK
[2025-10-25 04:19:19.100456] 🟢 smartorder-websync-bridge.service OK
[2025-10-25 04:19:19.103371] 🟢 smartorder-portal-v5.service OK
[2025-10-25 04:19:19.106556] 🟢 smartorder-watchdog.service OK
[2025-10-25 04:20:19.171408] 🟢 smartorder-proxy.service OK
[2025-10-25 04:20:19.174039] 🟢 smartorder-websync-bridge.service OK
[2025-10-25 04:20:19.176631] 🟢 smartorder-portal-v5.service OK
[2025-10-25 04:20:19.179331] 🟢 smartorder-watchdog.service OK
[2025-10-25 04:21:19.205285] 🟢 smartorder-proxy.service OK
[2025-10-25 04:21:19.209172] 🟢 smartorder-websync-bridge.service OK
[2025-10-25 04:21:19.212632] 🟢 smartorder-portal-v5.service OK
[2025-10-25 04:21:19.215323] 🟢 smartorder-watchdog.service OK
[2025-10-25 04:22:19.253884] 🟢 smartorder-proxy.service OK
[2025-10-25 04:22:19.257567] 🟢 smartorder-websync-bridge.service OK
[2025-10-25 04:22:19.260693] 🟢 smartorder-portal-v5.service OK
[2025-10-25 04:22:19.263924] 🟢 smartorder-watchdog.service OK
[2025-10-25 04:23:19.279328] 🟢 smartorder-proxy.service OK
[2025-10-25 04:23:19.282780] 🟢 smartorder-websync-bridge.service OK
[2025-10-25 04:23:19.285923] 🟢 smartorder-portal-v5.service OK
[2025-10-25 04:23:19.289051] 🟢 smartorder-watchdog.service OK
[2025-10-25 04:24:19.346501] 🟢 smartorder-proxy.service OK
[2025-10-25 04:24:19.350375] 🟢 smartorder-websync-bridge.service OK
[2025-10-25 04:24:19.353225] 🟢 smartorder-portal-v5.service OK
[2025-10-25 04:24:19.355815] 🟢 smartorder-watchdog.service OK
[2025-10-25 04:25:19.420202] 🟢 smartorder-proxy.service OK
[2025-10-25 04:25:19.423519] 🟢 smartorder-websync-bridge.service OK
[2025-10-25 04:25:19.426842] 🟢 smartorder-portal-v5.service OK
[2025-10-25 04:25:19.430233] 🟢 smartorder-watchdog.service OK
[2025-10-25 04:26:19.494349] 🟢 smartorder-proxy.service OK
[2025-10-25 04:26:19.497531] 🟢 smartorder-websync-bridge.service OK
[2025-10-25 04:26:19.500318] 🟢 smartorder-portal-v5.service OK
[2025-10-25 04:26:19.502870] 🟢 smartorder-watchdog.service OK
[2025-10-25 04:27:19.567677] 🟢 smartorder-proxy.service OK
[2025-10-25 04:27:19.573130] 🟢 smartorder-websync-bridge.service OK
[2025-10-25 04:27:19.578136] 🟢 smartorder-portal-v5.service OK
[2025-10-25 04:27:19.582754] 🟢 smartorder-watchdog.service OK
[2025-10-25 04:28:19.601051] 🟢 smartorder-proxy.service OK
[2025-10-25 04:28:19.604492] 🟢 smartorder-websync-bridge.service OK
[2025-10-25 04:28:19.607061] 🟢 smartorder-portal-v5.service OK
[2025-10-25 04:28:19.609913] 🟢 smartorder-watchdog.service OK
[2025-10-25 04:29:19.651976] 🟢 smartorder-proxy.service OK
[2025-10-25 04:29:19.654905] 🟢 smartorder-websync-bridge.service OK
[2025-10-25 04:29:19.658012] 🟢 smartorder-portal-v5.service OK
[2025-10-25 04:29:19.661132] 🟢 smartorder-watchdog.service OK
[2025-10-25 04:30:19.732436] 🟢 smartorder-proxy.service OK
[2025-10-25 04:30:19.737878] 🟢 smartorder-websync-bridge.service OK
[2025-10-25 04:30:19.746346] 🟢 smartorder-portal-v5.service OK
[2025-10-25 04:30:19.749271] 🟢 smartorder-watchdog.service OK
[2025-10-25 04:31:19.799990] 🟢 smartorder-proxy.service OK
[2025-10-25 04:31:19.802516] 🟢 smartorder-websync-bridge.service OK
[2025-10-25 04:31:19.805011] 🟢 smartorder-portal-v5.service OK
[2025-10-25 04:31:19.807493] 🟢 smartorder-watchdog.service OK
[2025-10-25 04:32:19.867752] 🟢 smartorder-proxy.service OK
[2025-10-25 04:32:19.870649] 🟢 smartorder-websync-bridge.service OK
[2025-10-25 04:32:19.873467] 🟢 smartorder-portal-v5.service OK
[2025-10-25 04:32:19.876030] 🟢 smartorder-watchdog.service OK
[2025-10-25 04:33:19.928087] 🟢 smartorder-proxy.service OK
[2025-10-25 04:33:19.930933] 🟢 smartorder-websync-bridge.service OK
[2025-10-25 04:33:19.933477] 🟢 smartorder-portal-v5.service OK
[2025-10-25 04:33:19.936187] 🟢 smartorder-watchdog.service OK
[2025-10-25 04:34:19.988937] 🟢 smartorder-proxy.service OK
[2025-10-25 04:34:19.992224] 🟢 smartorder-websync-bridge.service OK
[2025-10-25 04:34:19.995386] 🟢 smartorder-portal-v5.service OK
[2025-10-25 04:34:19.998179] 🟢 smartorder-watchdog.service OK
[2025-10-25 04:35:20.062804] 🟢 smartorder-proxy.service OK
[2025-10-25 04:35:20.066263] 🟢 smartorder-websync-bridge.service OK
[2025-10-25 04:35:20.069425] 🟢 smartorder-portal-v5.service OK
[2025-10-25 04:35:20.072358] 🟢 smartorder-watchdog.service OK
[2025-10-25 04:36:20.136783] 🟢 smartorder-proxy.service OK
[2025-10-25 04:36:20.140391] 🟢 smartorder-websync-bridge.service OK
[2025-10-25 04:36:20.143862] 🟢 smartorder-portal-v5.service OK
[2025-10-25 04:36:20.147332] 🟢 smartorder-watchdog.service OK
[2025-10-25 04:37:20.190654] 🟢 smartorder-proxy.service OK
[2025-10-25 04:37:20.193792] 🟢 smartorder-websync-bridge.service OK
[2025-10-25 04:37:20.196392] 🟢 smartorder-portal-v5.service OK
[2025-10-25 04:37:20.198956] 🟢 smartorder-watchdog.service OK
[2025-10-25 04:38:20.217164] 🟢 smartorder-proxy.service OK
[2025-10-25 04:38:20.220182] 🟢 smartorder-websync-bridge.service OK
[2025-10-25 04:38:20.223000] 🟢 smartorder-portal-v5.service OK
[2025-10-25 04:38:20.225537] 🟢 smartorder-watchdog.service OK
[2025-10-25 04:39:20.283514] 🟢 smartorder-proxy.service OK
[2025-10-25 04:39:20.286736] 🟢 smartorder-websync-bridge.service OK
[2025-10-25 04:39:20.289337] 🟢 smartorder-portal-v5.service OK
[2025-10-25 04:39:20.291834] 🟢 smartorder-watchdog.service OK
[2025-10-25 04:40:20.302223] 🟢 smartorder-proxy.service OK
[2025-10-25 04:40:20.304975] 🟢 smartorder-websync-bridge.service OK
[2025-10-25 04:40:20.307635] 🟢 smartorder-portal-v5.service OK
[2025-10-25 04:40:20.310441] 🟢 smartorder-watchdog.service OK
[2025-10-25 04:41:20.324394] 🟢 smartorder-proxy.service OK
[2025-10-25 04:41:20.327456] 🟢 smartorder-websync-bridge.service OK
[2025-10-25 04:41:20.331003] 🟢 smartorder-portal-v5.service OK
[2025-10-25 04:41:20.334209] 🟢 smartorder-watchdog.service OK
[2025-10-25 04:42:20.399293] 🟢 smartorder-proxy.service OK
[2025-10-25 04:42:20.403463] 🟢 smartorder-websync-bridge.service OK
[2025-10-25 04:42:20.406769] 🟢 smartorder-portal-v5.service OK
[2025-10-25 04:42:20.410073] 🟢 smartorder-watchdog.service OK
[2025-10-25 04:43:20.474107] 🟢 smartorder-proxy.service OK
[2025-10-25 04:43:20.478972] 🟢 smartorder-websync-bridge.service OK
[2025-10-25 04:43:20.483249] 🟢 smartorder-portal-v5.service OK
[2025-10-25 04:43:20.487433] 🟢 smartorder-watchdog.service OK
[2025-10-25 04:44:20.536262] 🟢 smartorder-proxy.service OK
[2025-10-25 04:44:20.539108] 🟢 smartorder-websync-bridge.service OK
[2025-10-25 04:44:20.541529] 🟢 smartorder-portal-v5.service OK
[2025-10-25 04:44:20.544209] 🟢 smartorder-watchdog.service OK
[2025-10-25 04:45:20.597407] 🟢 smartorder-proxy.service OK
[2025-10-25 04:45:20.601356] 🟢 smartorder-websync-bridge.service OK
[2025-10-25 04:45:20.605197] 🟢 smartorder-portal-v5.service OK
[2025-10-25 04:45:20.608782] 🟢 smartorder-watchdog.service OK
[2025-10-25 04:46:20.638737] 🟢 smartorder-proxy.service OK
[2025-10-25 04:46:20.641628] 🟢 smartorder-websync-bridge.service OK
[2025-10-25 04:46:20.644891] 🟢 smartorder-portal-v5.service OK
[2025-10-25 04:46:20.648003] 🟢 smartorder-watchdog.service OK
[2025-10-25 04:47:20.708985] 🟢 smartorder-proxy.service OK
[2025-10-25 04:47:20.713150] 🟢 smartorder-websync-bridge.service OK
[2025-10-25 04:47:20.716434] 🟢 smartorder-portal-v5.service OK
[2025-10-25 04:47:20.719482] 🟢 smartorder-watchdog.service OK
[2025-10-25 04:48:20.783772] 🟢 smartorder-proxy.service OK
[2025-10-25 04:48:20.787131] 🟢 smartorder-websync-bridge.service OK
[2025-10-25 04:48:20.790075] 🟢 smartorder-portal-v5.service OK
[2025-10-25 04:48:20.793075] 🟢 smartorder-watchdog.service OK
[2025-10-25 04:49:20.857083] 🟢 smartorder-proxy.service OK
[2025-10-25 04:49:20.860202] 🟢 smartorder-websync-bridge.service OK
[2025-10-25 04:49:20.863048] 🟢 smartorder-portal-v5.service OK
[2025-10-25 04:49:20.865701] 🟢 smartorder-watchdog.service OK
[2025-10-25 04:50:20.882021] 🟢 smartorder-proxy.service OK
[2025-10-25 04:50:20.884793] 🟢 smartorder-websync-bridge.service OK
[2025-10-25 04:50:20.887304] 🟢 smartorder-portal-v5.service OK
[2025-10-25 04:50:20.889920] 🟢 smartorder-watchdog.service OK
[2025-10-25 04:51:20.954982] 🟢 smartorder-proxy.service OK
[2025-10-25 04:51:20.958597] 🟢 smartorder-websync-bridge.service OK
[2025-10-25 04:51:20.961715] 🟢 smartorder-portal-v5.service OK
[2025-10-25 04:51:20.964811] 🟢 smartorder-watchdog.service OK
[2025-10-25 04:52:20.984030] 🟢 smartorder-proxy.service OK
[2025-10-25 04:52:20.990990] 🟢 smartorder-websync-bridge.service OK
[2025-10-25 04:52:20.993282] 🟢 smartorder-portal-v5.service OK
[2025-10-25 04:52:20.995727] 🟢 smartorder-watchdog.service OK
[2025-10-25 04:53:21.060620] 🟢 smartorder-proxy.service OK
[2025-10-25 04:53:21.063366] 🟢 smartorder-websync-bridge.service OK
[2025-10-25 04:53:21.065809] 🟢 smartorder-portal-v5.service OK
[2025-10-25 04:53:21.068304] 🟢 smartorder-watchdog.service OK
[2025-10-25 04:54:21.132039] 🟢 smartorder-proxy.service OK
[2025-10-25 04:54:21.134917] 🟢 smartorder-websync-bridge.service OK
[2025-10-25 04:54:21.137729] 🟢 smartorder-portal-v5.service OK
[2025-10-25 04:54:21.140429] 🟢 smartorder-watchdog.service OK
[2025-10-25 04:55:21.213525] 🟢 smartorder-proxy.service OK
[2025-10-25 04:55:21.224935] 🟢 smartorder-websync-bridge.service OK
[2025-10-25 04:55:21.230328] 🟢 smartorder-portal-v5.service OK
[2025-10-25 04:55:21.235337] 🟢 smartorder-watchdog.service OK
[2025-10-25 04:56:21.295600] 🟢 smartorder-proxy.service OK
[2025-10-25 04:56:21.297991] 🟢 smartorder-websync-bridge.service OK
[2025-10-25 04:56:21.300617] 🟢 smartorder-portal-v5.service OK
[2025-10-25 04:56:21.303177] 🟢 smartorder-watchdog.service OK
[2025-10-25 04:57:21.367934] 🟢 smartorder-proxy.service OK
[2025-10-25 04:57:21.371776] 🟢 smartorder-websync-bridge.service OK
[2025-10-25 04:57:21.375097] 🟢 smartorder-portal-v5.service OK
[2025-10-25 04:57:21.378449] 🟢 smartorder-watchdog.service OK
[2025-10-25 04:58:21.387913] 🟢 smartorder-proxy.service OK
[2025-10-25 04:58:21.390984] 🟢 smartorder-websync-bridge.service OK
[2025-10-25 04:58:21.394031] 🟢 smartorder-portal-v5.service OK
[2025-10-25 04:58:21.397002] 🟢 smartorder-watchdog.service OK
[2025-10-25 04:59:21.408787] 🟢 smartorder-proxy.service OK
[2025-10-25 04:59:21.412038] 🟢 smartorder-websync-bridge.service OK
[2025-10-25 04:59:21.415102] 🟢 smartorder-portal-v5.service OK
[2025-10-25 04:59:21.418221] 🟢 smartorder-watchdog.service OK
[2025-10-25 05:00:21.480279] 🟢 smartorder-proxy.service OK
[2025-10-25 05:00:21.484507] 🟢 smartorder-websync-bridge.service OK
[2025-10-25 05:00:21.487272] 🟢 smartorder-portal-v5.service OK
[2025-10-25 05:00:21.490221] 🟢 smartorder-watchdog.service OK
[2025-10-25 05:01:21.562879] 🟢 smartorder-proxy.service OK
[2025-10-25 05:01:21.566571] 🟢 smartorder-websync-bridge.service OK
[2025-10-25 05:01:21.581310] 🟢 smartorder-portal-v5.service OK
[2025-10-25 05:01:21.592343] 🟢 smartorder-watchdog.service OK
[2025-10-25 05:02:21.651208] 🟢 smartorder-proxy.service OK
[2025-10-25 05:02:21.654111] 🟢 smartorder-websync-bridge.service OK
[2025-10-25 05:02:21.656547] 🟢 smartorder-portal-v5.service OK
[2025-10-25 05:02:21.659259] 🟢 smartorder-watchdog.service OK
[2025-10-25 05:03:21.685047] 🟢 smartorder-proxy.service OK
[2025-10-25 05:03:21.688803] 🟢 smartorder-websync-bridge.service OK
[2025-10-25 05:03:21.692125] 🟢 smartorder-portal-v5.service OK
[2025-10-25 05:03:21.695306] 🟢 smartorder-watchdog.service OK
[2025-10-25 05:04:21.735394] 🟢 smartorder-proxy.service OK
[2025-10-25 05:04:21.746876] 🟢 smartorder-websync-bridge.service OK
[2025-10-25 05:04:21.750582] 🟢 smartorder-portal-v5.service OK
[2025-10-25 05:04:21.753816] 🟢 smartorder-watchdog.service OK
[2025-10-25 05:05:21.816654] 🟢 smartorder-proxy.service OK
[2025-10-25 05:05:21.819693] 🟢 smartorder-websync-bridge.service OK
[2025-10-25 05:05:21.822297] 🟢 smartorder-portal-v5.service OK
[2025-10-25 05:05:21.825110] 🟢 smartorder-watchdog.service OK
[2025-10-25 05:06:21.889500] 🟢 smartorder-proxy.service OK
[2025-10-25 05:06:21.892463] 🟢 smartorder-websync-bridge.service OK
[2025-10-25 05:06:21.897080] 🟢 smartorder-portal-v5.service OK
[2025-10-25 05:06:21.900598] 🟢 smartorder-watchdog.service OK
[2025-10-25 05:07:21.950305] 🟢 smartorder-proxy.service OK
[2025-10-25 05:07:21.953198] 🟢 smartorder-websync-bridge.service OK
[2025-10-25 05:07:21.956011] 🟢 smartorder-portal-v5.service OK
[2025-10-25 05:07:21.958881] 🟢 smartorder-watchdog.service OK
[2025-10-25 05:08:22.023455] 🟢 smartorder-proxy.service OK
[2025-10-25 05:08:22.026645] 🟢 smartorder-websync-bridge.service OK
[2025-10-25 05:08:22.029194] 🟢 smartorder-portal-v5.service OK
[2025-10-25 05:08:22.031844] 🟢 smartorder-watchdog.service OK
[2025-10-25 05:09:22.087682] 🟢 smartorder-proxy.service OK
[2025-10-25 05:09:22.091185] 🟢 smartorder-websync-bridge.service OK
[2025-10-25 05:09:22.093780] 🟢 smartorder-portal-v5.service OK
[2025-10-25 05:09:22.096447] 🟢 smartorder-watchdog.service OK
[2025-10-25 05:10:22.160822] 🟢 smartorder-proxy.service OK
[2025-10-25 05:10:22.163758] 🟢 smartorder-websync-bridge.service OK
[2025-10-25 05:10:22.166868] 🟢 smartorder-portal-v5.service OK
[2025-10-25 05:10:22.170180] 🟢 smartorder-watchdog.service OK
[2025-10-25 05:11:22.234436] 🟢 smartorder-proxy.service OK
[2025-10-25 05:11:22.237116] 🟢 smartorder-websync-bridge.service OK
[2025-10-25 05:11:22.239771] 🟢 smartorder-portal-v5.service OK
[2025-10-25 05:11:22.242499] 🟢 smartorder-watchdog.service OK
[2025-10-25 05:12:22.261058] 🟢 smartorder-proxy.service OK
[2025-10-25 05:12:22.264937] 🟢 smartorder-websync-bridge.service OK
[2025-10-25 05:12:22.268135] 🟢 smartorder-portal-v5.service OK
[2025-10-25 05:12:22.271172] 🟢 smartorder-watchdog.service OK
[2025-10-25 05:13:22.278694] 🟢 smartorder-proxy.service OK
[2025-10-25 05:13:22.285021] 🟢 smartorder-websync-bridge.service OK
[2025-10-25 05:13:22.291124] 🟢 smartorder-portal-v5.service OK
[2025-10-25 05:13:22.297075] 🟢 smartorder-watchdog.service OK
[2025-10-25 05:14:22.308785] 🟢 smartorder-proxy.service OK
[2025-10-25 05:14:22.311665] 🟢 smartorder-websync-bridge.service OK
[2025-10-25 05:14:22.314440] 🟢 smartorder-portal-v5.service OK
[2025-10-25 05:14:22.317176] 🟢 smartorder-watchdog.service OK
[2025-10-25 05:15:22.382339] 🟢 smartorder-proxy.service OK
[2025-10-25 05:15:22.385922] 🟢 smartorder-websync-bridge.service OK
[2025-10-25 05:15:22.389212] 🟢 smartorder-portal-v5.service OK
[2025-10-25 05:15:22.392267] 🟢 smartorder-watchdog.service OK
[2025-10-25 05:16:22.436411] 🟢 smartorder-proxy.service OK
[2025-10-25 05:16:22.439382] 🟢 smartorder-websync-bridge.service OK
[2025-10-25 05:16:22.442259] 🟢 smartorder-portal-v5.service OK
[2025-10-25 05:16:22.444837] 🟢 smartorder-watchdog.service OK
[2025-10-25 05:17:22.493527] 🟢 smartorder-proxy.service OK
[2025-10-25 05:17:22.496738] 🟢 smartorder-websync-bridge.service OK
[2025-10-25 05:17:22.499441] 🟢 smartorder-portal-v5.service OK
[2025-10-25 05:17:22.502066] 🟢 smartorder-watchdog.service OK
[2025-10-25 05:18:22.566983] 🟢 smartorder-proxy.service OK
[2025-10-25 05:18:22.570737] 🟢 smartorder-websync-bridge.service OK
[2025-10-25 05:18:22.573926] 🟢 smartorder-portal-v5.service OK
[2025-10-25 05:18:22.577716] 🟢 smartorder-watchdog.service OK
[2025-10-25 05:19:22.597055] 🟢 smartorder-proxy.service OK
[2025-10-25 05:19:22.600460] 🟢 smartorder-websync-bridge.service OK
[2025-10-25 05:19:22.603685] 🟢 smartorder-portal-v5.service OK
[2025-10-25 05:19:22.607124] 🟢 smartorder-watchdog.service OK
[2025-10-25 05:20:22.675672] 🟢 smartorder-proxy.service OK
[2025-10-25 05:20:22.681219] 🟢 smartorder-websync-bridge.service OK
[2025-10-25 05:20:22.685639] 🟢 smartorder-portal-v5.service OK
[2025-10-25 05:20:22.689993] 🟢 smartorder-watchdog.service OK
[2025-10-25 05:21:22.750415] 🟢 smartorder-proxy.service OK
[2025-10-25 05:21:22.753716] 🟢 smartorder-websync-bridge.service OK
[2025-10-25 05:21:22.757748] 🟢 smartorder-portal-v5.service OK
[2025-10-25 05:21:22.760507] 🟢 smartorder-watchdog.service OK
[2025-10-25 05:22:22.824858] 🟢 smartorder-proxy.service OK
[2025-10-25 05:22:22.827946] 🟢 smartorder-websync-bridge.service OK
[2025-10-25 05:22:22.830598] 🟢 smartorder-portal-v5.service OK
[2025-10-25 05:22:22.833393] 🟢 smartorder-watchdog.service OK
[2025-10-25 05:23:22.864150] 🟢 smartorder-proxy.service OK
[2025-10-25 05:23:22.866845] 🟢 smartorder-websync-bridge.service OK
[2025-10-25 05:23:22.869552] 🟢 smartorder-portal-v5.service OK
[2025-10-25 05:23:22.872941] 🟢 smartorder-watchdog.service OK
[2025-10-25 05:24:22.926318] 🟢 smartorder-proxy.service OK
[2025-10-25 05:24:22.931713] 🟢 smartorder-websync-bridge.service OK
[2025-10-25 05:24:22.940242] 🟢 smartorder-portal-v5.service OK
[2025-10-25 05:24:22.943176] 🟢 smartorder-watchdog.service OK
[2025-10-25 05:25:23.005007] 🟢 smartorder-proxy.service OK
[2025-10-25 05:25:23.008350] 🟢 smartorder-websync-bridge.service OK
[2025-10-25 05:25:23.011672] 🟢 smartorder-portal-v5.service OK
[2025-10-25 05:25:23.014618] 🟢 smartorder-watchdog.service OK
[2025-10-25 05:26:23.057175] 🟢 smartorder-proxy.service OK
[2025-10-25 05:26:23.061153] 🟢 smartorder-websync-bridge.service OK
[2025-10-25 05:26:23.064405] 🟢 smartorder-portal-v5.service OK
[2025-10-25 05:26:23.067174] 🟢 smartorder-watchdog.service OK
[2025-10-25 05:27:23.113210] 🟢 smartorder-proxy.service OK
[2025-10-25 05:27:23.116486] 🟢 smartorder-websync-bridge.service OK
[2025-10-25 05:27:23.119122] 🟢 smartorder-portal-v5.service OK
[2025-10-25 05:27:23.121812] 🟢 smartorder-watchdog.service OK
[2025-10-25 05:28:23.180005] 🟢 smartorder-proxy.service OK
[2025-10-25 05:28:23.183982] 🟢 smartorder-websync-bridge.service OK
[2025-10-25 05:28:23.186892] 🟢 smartorder-portal-v5.service OK
[2025-10-25 05:28:23.189741] 🟢 smartorder-watchdog.service OK
[2025-10-25 05:29:23.255395] 🟢 smartorder-proxy.service OK
[2025-10-25 05:29:23.259548] 🟢 smartorder-websync-bridge.service OK
[2025-10-25 05:29:23.262221] 🟢 smartorder-portal-v5.service OK
[2025-10-25 05:29:23.264824] 🟢 smartorder-watchdog.service OK
[2025-10-25 05:30:23.325286] 🟢 smartorder-proxy.service OK
[2025-10-25 05:30:23.328810] 🟢 smartorder-websync-bridge.service OK
[2025-10-25 05:30:23.331785] 🟢 smartorder-portal-v5.service OK
[2025-10-25 05:30:23.334570] 🟢 smartorder-watchdog.service OK
[2025-10-25 05:31:23.399502] 🟢 smartorder-proxy.service OK
[2025-10-25 05:31:23.402816] 🟢 smartorder-websync-bridge.service OK
[2025-10-25 05:31:23.405575] 🟢 smartorder-portal-v5.service OK
[2025-10-25 05:31:23.408448] 🟢 smartorder-watchdog.service OK
[2025-10-25 05:32:23.448262] 🟢 smartorder-proxy.service OK
[2025-10-25 05:32:23.451555] 🟢 smartorder-websync-bridge.service OK
[2025-10-25 05:32:23.454626] 🟢 smartorder-portal-v5.service OK
[2025-10-25 05:32:23.457698] 🟢 smartorder-watchdog.service OK
[2025-10-25 05:33:23.522885] 🟢 smartorder-proxy.service OK
[2025-10-25 05:33:23.526861] 🟢 smartorder-websync-bridge.service OK
[2025-10-25 05:33:23.529821] 🟢 smartorder-portal-v5.service OK
[2025-10-25 05:33:23.532536] 🟢 smartorder-watchdog.service OK
[2025-10-25 05:34:23.597270] 🟢 smartorder-proxy.service OK
[2025-10-25 05:34:23.601015] 🟢 smartorder-websync-bridge.service OK
[2025-10-25 05:34:23.604561] 🟢 smartorder-portal-v5.service OK
[2025-10-25 05:34:23.607628] 🟢 smartorder-watchdog.service OK
[2025-10-25 05:35:23.644215] 🟢 smartorder-proxy.service OK
[2025-10-25 05:35:23.647332] 🟢 smartorder-websync-bridge.service OK
[2025-10-25 05:35:23.650220] 🟢 smartorder-portal-v5.service OK
[2025-10-25 05:35:23.653068] 🟢 smartorder-watchdog.service OK
[2025-10-25 05:36:23.722668] 🟢 smartorder-proxy.service OK
[2025-10-25 05:36:23.728290] 🟢 smartorder-websync-bridge.service OK
[2025-10-25 05:36:23.731779] 🟢 smartorder-portal-v5.service OK
[2025-10-25 05:36:23.736643] 🟢 smartorder-watchdog.service OK
[2025-10-25 05:37:23.790298] 🟢 smartorder-proxy.service OK
[2025-10-25 05:37:23.795626] 🟢 smartorder-websync-bridge.service OK
[2025-10-25 05:37:23.800533] 🟢 smartorder-portal-v5.service OK
[2025-10-25 05:37:23.803380] 🟢 smartorder-watchdog.service OK
[2025-10-25 05:38:23.866113] 🟢 smartorder-proxy.service OK
[2025-10-25 05:38:23.869239] 🟢 smartorder-websync-bridge.service OK
[2025-10-25 05:38:23.872008] 🟢 smartorder-portal-v5.service OK
[2025-10-25 05:38:23.874952] 🟢 smartorder-watchdog.service OK
[2025-10-25 05:39:23.939657] 🟢 smartorder-proxy.service OK
[2025-10-25 05:39:23.946094] 🟢 smartorder-websync-bridge.service OK
[2025-10-25 05:39:23.951593] 🟢 smartorder-portal-v5.service OK
[2025-10-25 05:39:23.957788] 🟢 smartorder-watchdog.service OK
[2025-10-25 05:40:23.987209] 🟢 smartorder-proxy.service OK
[2025-10-25 05:40:23.990399] 🟢 smartorder-websync-bridge.service OK
[2025-10-25 05:40:23.993574] 🟢 smartorder-portal-v5.service OK
[2025-10-25 05:40:23.996660] 🟢 smartorder-watchdog.service OK
[2025-10-25 05:41:24.043401] 🟢 smartorder-proxy.service OK
[2025-10-25 05:41:24.047310] 🟢 smartorder-websync-bridge.service OK
[2025-10-25 05:41:24.050587] 🟢 smartorder-portal-v5.service OK
[2025-10-25 05:41:24.053763] 🟢 smartorder-watchdog.service OK
[2025-10-25 05:42:24.100606] 🟢 smartorder-proxy.service OK
[2025-10-25 05:42:24.103942] 🟢 smartorder-websync-bridge.service OK
[2025-10-25 05:42:24.107286] 🟢 smartorder-portal-v5.service OK
[2025-10-25 05:42:24.110699] 🟢 smartorder-watchdog.service OK
[2025-10-25 05:43:24.168629] 🟢 smartorder-proxy.service OK
[2025-10-25 05:43:24.171973] 🟢 smartorder-websync-bridge.service OK
[2025-10-25 05:43:24.175081] 🟢 smartorder-portal-v5.service OK
[2025-10-25 05:43:24.178357] 🟢 smartorder-watchdog.service OK
[2025-10-25 05:44:24.217226] 🟢 smartorder-proxy.service OK
[2025-10-25 05:44:24.220900] 🟢 smartorder-websync-bridge.service OK
[2025-10-25 05:44:24.223551] 🟢 smartorder-portal-v5.service OK
[2025-10-25 05:44:24.226254] 🟢 smartorder-watchdog.service OK
[2025-10-25 05:45:24.284192] 🟢 smartorder-proxy.service OK
[2025-10-25 05:45:24.287782] 🟢 smartorder-websync-bridge.service OK
[2025-10-25 05:45:24.290832] 🟢 smartorder-portal-v5.service OK
[2025-10-25 05:45:24.293899] 🟢 smartorder-watchdog.service OK
[2025-10-25 05:46:24.362348] 🟢 smartorder-proxy.service OK
[2025-10-25 05:46:24.365469] 🟢 smartorder-websync-bridge.service OK
[2025-10-25 05:46:24.368729] 🟢 smartorder-portal-v5.service OK
[2025-10-25 05:46:24.371903] 🟢 smartorder-watchdog.service OK
[2025-10-25 05:47:24.378987] 🟢 smartorder-proxy.service OK
[2025-10-25 05:47:24.382054] 🟢 smartorder-websync-bridge.service OK
[2025-10-25 05:47:24.384789] 🟢 smartorder-portal-v5.service OK
[2025-10-25 05:47:24.387636] 🟢 smartorder-watchdog.service OK
[2025-10-25 05:48:24.421398] 🟢 smartorder-proxy.service OK
[2025-10-25 05:48:24.426005] 🟢 smartorder-websync-bridge.service OK
[2025-10-25 05:48:24.429676] 🟢 smartorder-portal-v5.service OK
[2025-10-25 05:48:24.432954] 🟢 smartorder-watchdog.service OK
[2025-10-25 05:49:24.454360] 🟢 smartorder-proxy.service OK
[2025-10-25 05:49:24.458306] 🟢 smartorder-websync-bridge.service OK
[2025-10-25 05:49:24.461611] 🟢 smartorder-portal-v5.service OK
[2025-10-25 05:49:24.468526] 🟢 smartorder-watchdog.service OK
[2025-10-25 05:50:24.489866] 🟢 smartorder-proxy.service OK
[2025-10-25 05:50:24.498979] 🟢 smartorder-websync-bridge.service OK
[2025-10-25 05:50:24.501685] 🟢 smartorder-portal-v5.service OK
[2025-10-25 05:50:24.504488] 🟢 smartorder-watchdog.service OK
[2025-10-25 05:51:24.541865] 🟢 smartorder-proxy.service OK
[2025-10-25 05:51:24.552633] 🟢 smartorder-websync-bridge.service OK
[2025-10-25 05:51:24.555640] 🟢 smartorder-portal-v5.service OK
[2025-10-25 05:51:24.559521] 🟢 smartorder-watchdog.service OK
[2025-10-25 05:52:24.613285] 🟢 smartorder-proxy.service OK
[2025-10-25 05:52:24.616858] 🟢 smartorder-websync-bridge.service OK
[2025-10-25 05:52:24.620538] 🟢 smartorder-portal-v5.service OK
[2025-10-25 05:52:24.623910] 🟢 smartorder-watchdog.service OK
[2025-10-25 05:53:24.649065] 🟢 smartorder-proxy.service OK
[2025-10-25 05:53:24.652697] 🟢 smartorder-websync-bridge.service OK
[2025-10-25 05:53:24.656072] 🟢 smartorder-portal-v5.service OK
[2025-10-25 05:53:24.659796] 🟢 smartorder-watchdog.service OK
[2025-10-25 05:54:24.707592] 🟢 smartorder-proxy.service OK
[2025-10-25 05:54:24.717223] 🟢 smartorder-websync-bridge.service OK
[2025-10-25 05:54:24.720073] 🟢 smartorder-portal-v5.service OK
[2025-10-25 05:54:24.723696] 🟢 smartorder-watchdog.service OK
[2025-10-25 05:55:24.787634] 🟢 smartorder-proxy.service OK
[2025-10-25 05:55:24.790251] 🟢 smartorder-websync-bridge.service OK
[2025-10-25 05:55:24.792839] 🟢 smartorder-portal-v5.service OK
[2025-10-25 05:55:24.795580] 🟢 smartorder-watchdog.service OK
[2025-10-25 05:56:24.829628] 🟢 smartorder-proxy.service OK
[2025-10-25 05:56:24.833445] 🟢 smartorder-websync-bridge.service OK
[2025-10-25 05:56:24.837086] 🟢 smartorder-portal-v5.service OK
[2025-10-25 05:56:24.840553] 🟢 smartorder-watchdog.service OK
[2025-10-25 05:57:24.903871] 🟢 smartorder-proxy.service OK
[2025-10-25 05:57:24.907147] 🟢 smartorder-websync-bridge.service OK
[2025-10-25 05:57:24.910409] 🟢 smartorder-portal-v5.service OK
[2025-10-25 05:57:24.913162] 🟢 smartorder-watchdog.service OK
[2025-10-25 05:58:24.979079] 🟢 smartorder-proxy.service OK
[2025-10-25 05:58:24.984084] 🟢 smartorder-websync-bridge.service OK
[2025-10-25 05:58:24.990366] 🟢 smartorder-portal-v5.service OK
[2025-10-25 05:58:24.996681] 🟢 smartorder-watchdog.service OK
[2025-10-25 05:59:25.059639] 🟢 smartorder-proxy.service OK
[2025-10-25 05:59:25.062583] 🟢 smartorder-websync-bridge.service OK
[2025-10-25 05:59:25.065345] 🟢 smartorder-portal-v5.service OK
[2025-10-25 05:59:25.068226] 🟢 smartorder-watchdog.service OK
[2025-10-25 06:00:25.127786] 🟢 smartorder-proxy.service OK
[2025-10-25 06:00:25.131088] 🟢 smartorder-websync-bridge.service OK
[2025-10-25 06:00:25.133472] 🟢 smartorder-portal-v5.service OK
[2025-10-25 06:00:25.136033] 🟢 smartorder-watchdog.service OK
[2025-10-25 06:01:25.201127] 🟢 smartorder-proxy.service OK
[2025-10-25 06:01:25.204477] 🟢 smartorder-websync-bridge.service OK
[2025-10-25 06:01:25.206913] 🟢 smartorder-portal-v5.service OK
[2025-10-25 06:01:25.209684] 🟢 smartorder-watchdog.service OK
[2025-10-25 06:02:25.228710] 🟢 smartorder-proxy.service OK
[2025-10-25 06:02:25.231428] 🟢 smartorder-websync-bridge.service OK
[2025-10-25 06:02:25.233882] 🟢 smartorder-portal-v5.service OK
[2025-10-25 06:02:25.236590] 🟢 smartorder-watchdog.service OK
[2025-10-25 06:03:25.280052] 🟢 smartorder-proxy.service OK
[2025-10-25 06:03:25.284113] 🟢 smartorder-websync-bridge.service OK
[2025-10-25 06:03:25.287025] 🟢 smartorder-portal-v5.service OK
[2025-10-25 06:03:25.289832] 🟢 smartorder-watchdog.service OK
[2025-10-25 06:04:25.351983] 🟢 smartorder-proxy.service OK
[2025-10-25 06:04:25.355107] 🟢 smartorder-websync-bridge.service OK
[2025-10-25 06:04:25.357597] 🟢 smartorder-portal-v5.service OK
[2025-10-25 06:04:25.360534] 🟢 smartorder-watchdog.service OK
[2025-10-25 06:05:25.405665] 🟢 smartorder-proxy.service OK
[2025-10-25 06:05:25.411433] 🟢 smartorder-websync-bridge.service OK
[2025-10-25 06:05:25.415362] 🟢 smartorder-portal-v5.service OK
[2025-10-25 06:05:25.418481] 🟢 smartorder-watchdog.service OK
[2025-10-25 06:06:25.437837] 🟢 smartorder-proxy.service OK
[2025-10-25 06:06:25.441070] 🟢 smartorder-websync-bridge.service OK
[2025-10-25 06:06:25.443817] 🟢 smartorder-portal-v5.service OK
[2025-10-25 06:06:25.446467] 🟢 smartorder-watchdog.service OK
[2025-10-25 06:07:25.473880] 🟢 smartorder-proxy.service OK
[2025-10-25 06:07:25.477926] 🟢 smartorder-websync-bridge.service OK
[2025-10-25 06:07:25.481568] 🟢 smartorder-portal-v5.service OK
[2025-10-25 06:07:25.484217] 🟢 smartorder-watchdog.service OK
[2025-10-25 06:08:25.508013] 🟢 smartorder-proxy.service OK
[2025-10-25 06:08:25.510622] 🟢 smartorder-websync-bridge.service OK
[2025-10-25 06:08:25.513351] 🟢 smartorder-portal-v5.service OK
[2025-10-25 06:08:25.516054] 🟢 smartorder-watchdog.service OK
[2025-10-25 06:09:25.591284] 🟢 smartorder-proxy.service OK
[2025-10-25 06:09:25.593927] 🟢 smartorder-websync-bridge.service OK
[2025-10-25 06:09:25.596202] 🟢 smartorder-portal-v5.service OK
[2025-10-25 06:09:25.598685] 🟢 smartorder-watchdog.service OK
[2025-10-25 06:10:25.649084] 🟢 smartorder-proxy.service OK
[2025-10-25 06:10:25.651776] 🟢 smartorder-websync-bridge.service OK
[2025-10-25 06:10:25.654303] 🟢 smartorder-portal-v5.service OK
[2025-10-25 06:10:25.656913] 🟢 smartorder-watchdog.service OK
[2025-10-25 06:11:25.702968] 🟢 smartorder-proxy.service OK
[2025-10-25 06:11:25.706392] 🟢 smartorder-websync-bridge.service OK
[2025-10-25 06:11:25.710362] 🟢 smartorder-portal-v5.service OK
[2025-10-25 06:11:25.714024] 🟢 smartorder-watchdog.service OK
[2025-10-25 06:12:25.765048] 🟢 smartorder-proxy.service OK
[2025-10-25 06:12:25.768493] 🟢 smartorder-websync-bridge.service OK
[2025-10-25 06:12:25.772063] 🟢 smartorder-portal-v5.service OK
[2025-10-25 06:12:25.775739] 🟢 smartorder-watchdog.service OK
[2025-10-25 06:13:25.797555] 🟢 smartorder-proxy.service OK
[2025-10-25 06:13:25.801047] 🟢 smartorder-websync-bridge.service OK
[2025-10-25 06:13:25.804688] 🟢 smartorder-portal-v5.service OK
[2025-10-25 06:13:25.807754] 🟢 smartorder-watchdog.service OK
[2025-10-25 06:14:25.831593] 🟢 smartorder-proxy.service OK
[2025-10-25 06:14:25.834794] 🟢 smartorder-websync-bridge.service OK
[2025-10-25 06:14:25.838155] 🟢 smartorder-portal-v5.service OK
[2025-10-25 06:14:25.840543] 🟢 smartorder-watchdog.service OK
[2025-10-25 06:15:25.872487] 🟢 smartorder-proxy.service OK
[2025-10-25 06:15:25.875635] 🟢 smartorder-websync-bridge.service OK
[2025-10-25 06:15:25.878251] 🟢 smartorder-portal-v5.service OK
[2025-10-25 06:15:25.881399] 🟢 smartorder-watchdog.service OK
[2025-10-25 06:16:25.904760] 🟢 smartorder-proxy.service OK
[2025-10-25 06:16:25.908588] 🟢 smartorder-websync-bridge.service OK
[2025-10-25 06:16:25.911793] 🟢 smartorder-portal-v5.service OK
[2025-10-25 06:16:25.915367] 🟢 smartorder-watchdog.service OK
[2025-10-25 06:17:25.956806] 🟢 smartorder-proxy.service OK
[2025-10-25 06:17:25.959931] 🟢 smartorder-websync-bridge.service OK
[2025-10-25 06:17:25.962812] 🟢 smartorder-portal-v5.service OK
[2025-10-25 06:17:25.965692] 🟢 smartorder-watchdog.service OK
[2025-10-25 06:18:26.005016] 🟢 smartorder-proxy.service OK
[2025-10-25 06:18:26.008201] 🟢 smartorder-websync-bridge.service OK
[2025-10-25 06:18:26.010779] 🟢 smartorder-portal-v5.service OK
[2025-10-25 06:18:26.013555] 🟢 smartorder-watchdog.service OK
[2025-10-25 06:19:26.077552] 🟢 smartorder-proxy.service OK
[2025-10-25 06:19:26.080364] 🟢 smartorder-websync-bridge.service OK
[2025-10-25 06:19:26.082836] 🟢 smartorder-portal-v5.service OK
[2025-10-25 06:19:26.085326] 🟢 smartorder-watchdog.service OK
[2025-10-25 06:20:26.140665] 🟢 smartorder-proxy.service OK
[2025-10-25 06:20:26.143949] 🟢 smartorder-websync-bridge.service OK
[2025-10-25 06:20:26.146744] 🟢 smartorder-portal-v5.service OK
[2025-10-25 06:20:26.150267] 🟢 smartorder-watchdog.service OK
[2025-10-25 06:21:26.200918] 🟢 smartorder-proxy.service OK
[2025-10-25 06:21:26.203610] 🟢 smartorder-websync-bridge.service OK
[2025-10-25 06:21:26.206154] 🟢 smartorder-portal-v5.service OK
[2025-10-25 06:21:26.208726] 🟢 smartorder-watchdog.service OK
[2025-10-25 06:22:26.274391] 🟢 smartorder-proxy.service OK
[2025-10-25 06:22:26.280570] 🟢 smartorder-websync-bridge.service OK
[2025-10-25 06:22:26.283109] 🟢 smartorder-portal-v5.service OK
[2025-10-25 06:22:26.285567] 🟢 smartorder-watchdog.service OK
[2025-10-25 06:23:26.349994] 🟢 smartorder-proxy.service OK
[2025-10-25 06:23:26.352467] 🟢 smartorder-websync-bridge.service OK
[2025-10-25 06:23:26.355122] 🟢 smartorder-portal-v5.service OK
[2025-10-25 06:23:26.357733] 🟢 smartorder-watchdog.service OK
[2025-10-25 06:24:26.412931] 🟢 smartorder-proxy.service OK
[2025-10-25 06:24:26.415557] 🟢 smartorder-websync-bridge.service OK
[2025-10-25 06:24:26.417878] 🟢 smartorder-portal-v5.service OK
[2025-10-25 06:24:26.420503] 🟢 smartorder-watchdog.service OK
[2025-10-25 06:25:26.484869] 🟢 smartorder-proxy.service OK
[2025-10-25 06:25:26.488007] 🟢 smartorder-websync-bridge.service OK
[2025-10-25 06:25:26.491302] 🟢 smartorder-portal-v5.service OK
[2025-10-25 06:25:26.494372] 🟢 smartorder-watchdog.service OK
[2025-10-25 06:26:26.558911] 🟢 smartorder-proxy.service OK
[2025-10-25 06:26:26.562001] 🟢 smartorder-websync-bridge.service OK
[2025-10-25 06:26:26.565104] 🟢 smartorder-portal-v5.service OK
[2025-10-25 06:26:26.568193] 🟢 smartorder-watchdog.service OK
[2025-10-25 06:27:26.603125] 🟢 smartorder-proxy.service OK
[2025-10-25 06:27:26.610732] 🟢 smartorder-websync-bridge.service OK
[2025-10-25 06:27:26.613784] 🟢 smartorder-portal-v5.service OK
[2025-10-25 06:27:26.618731] 🟢 smartorder-watchdog.service OK
[2025-10-25 06:28:26.674094] 🟢 smartorder-proxy.service OK
[2025-10-25 06:28:26.677085] 🟢 smartorder-websync-bridge.service OK
[2025-10-25 06:28:26.680419] 🟢 smartorder-portal-v5.service OK
[2025-10-25 06:28:26.683116] 🟢 smartorder-watchdog.service OK
[2025-10-25 06:29:26.757137] 🟢 smartorder-proxy.service OK
[2025-10-25 06:29:26.760736] 🟢 smartorder-websync-bridge.service OK
[2025-10-25 06:29:26.763476] 🟢 smartorder-portal-v5.service OK
[2025-10-25 06:29:26.766143] 🟢 smartorder-watchdog.service OK
[2025-10-25 06:30:26.831326] 🟢 smartorder-proxy.service OK
[2025-10-25 06:30:26.835484] 🟢 smartorder-websync-bridge.service OK
[2025-10-25 06:30:26.839014] 🟢 smartorder-portal-v5.service OK
[2025-10-25 06:30:26.842539] 🟢 smartorder-watchdog.service OK
[2025-10-25 06:31:26.857232] 🟢 smartorder-proxy.service OK
[2025-10-25 06:31:26.862941] 🟢 smartorder-websync-bridge.service OK
[2025-10-25 06:31:26.866228] 🟢 smartorder-portal-v5.service OK
[2025-10-25 06:31:26.869706] 🟢 smartorder-watchdog.service OK
[2025-10-25 06:32:26.925787] 🟢 smartorder-proxy.service OK
[2025-10-25 06:32:26.928580] 🟢 smartorder-websync-bridge.service OK
[2025-10-25 06:32:26.931233] 🟢 smartorder-portal-v5.service OK
[2025-10-25 06:32:26.933727] 🟢 smartorder-watchdog.service OK
[2025-10-25 06:33:26.998659] 🟢 smartorder-proxy.service OK
[2025-10-25 06:33:27.002076] 🟢 smartorder-websync-bridge.service OK
[2025-10-25 06:33:27.005037] 🟢 smartorder-portal-v5.service OK
[2025-10-25 06:33:27.007849] 🟢 smartorder-watchdog.service OK
[2025-10-25 06:34:27.070754] 🟢 smartorder-proxy.service OK
[2025-10-25 06:34:27.082506] 🟢 smartorder-websync-bridge.service OK
[2025-10-25 06:34:27.086526] 🟢 smartorder-portal-v5.service OK
[2025-10-25 06:34:27.089867] 🟢 smartorder-watchdog.service OK
[2025-10-25 06:35:27.160527] 🟢 smartorder-proxy.service OK
[2025-10-25 06:35:27.166082] 🟢 smartorder-websync-bridge.service OK
[2025-10-25 06:35:27.170678] 🟢 smartorder-portal-v5.service OK
[2025-10-25 06:35:27.175607] 🟢 smartorder-watchdog.service OK
[2025-10-25 06:36:27.218996] 🟢 smartorder-proxy.service OK
[2025-10-25 06:36:27.222573] 🟢 smartorder-websync-bridge.service OK
[2025-10-25 06:36:27.226191] 🟢 smartorder-portal-v5.service OK
[2025-10-25 06:36:27.229438] 🟢 smartorder-watchdog.service OK
[2025-10-25 06:37:27.284103] 🟢 smartorder-proxy.service OK
[2025-10-25 06:37:27.287012] 🟢 smartorder-websync-bridge.service OK
[2025-10-25 06:37:27.289699] 🟢 smartorder-portal-v5.service OK
[2025-10-25 06:37:27.292311] 🟢 smartorder-watchdog.service OK
[2025-10-25 06:38:27.351626] 🟢 smartorder-proxy.service OK
[2025-10-25 06:38:27.354378] 🟢 smartorder-websync-bridge.service OK
[2025-10-25 06:38:27.357012] 🟢 smartorder-portal-v5.service OK
[2025-10-25 06:38:27.359606] 🟢 smartorder-watchdog.service OK
[2025-10-25 06:39:27.405394] 🟢 smartorder-proxy.service OK
[2025-10-25 06:39:27.408763] 🟢 smartorder-websync-bridge.service OK
[2025-10-25 06:39:27.411621] 🟢 smartorder-portal-v5.service OK
[2025-10-25 06:39:27.414333] 🟢 smartorder-watchdog.service OK
[2025-10-25 06:40:27.476415] 🟢 smartorder-proxy.service OK
[2025-10-25 06:40:27.479473] 🟢 smartorder-websync-bridge.service OK
[2025-10-25 06:40:27.482422] 🟢 smartorder-portal-v5.service OK
[2025-10-25 06:40:27.485287] 🟢 smartorder-watchdog.service OK
[2025-10-25 06:41:27.550635] 🟢 smartorder-proxy.service OK
[2025-10-25 06:41:27.553910] 🟢 smartorder-websync-bridge.service OK
[2025-10-25 06:41:27.558175] 🟢 smartorder-portal-v5.service OK
[2025-10-25 06:41:27.562686] 🟢 smartorder-watchdog.service OK
[2025-10-25 06:42:27.624717] 🟢 smartorder-proxy.service OK
[2025-10-25 06:42:27.628284] 🟢 smartorder-websync-bridge.service OK
[2025-10-25 06:42:27.631139] 🟢 smartorder-portal-v5.service OK
[2025-10-25 06:42:27.633556] 🟢 smartorder-watchdog.service OK
[2025-10-25 06:43:27.697557] 🟢 smartorder-proxy.service OK
[2025-10-25 06:43:27.700516] 🟢 smartorder-websync-bridge.service OK
[2025-10-25 06:43:27.702974] 🟢 smartorder-portal-v5.service OK
[2025-10-25 06:43:27.705916] 🟢 smartorder-watchdog.service OK
[2025-10-25 06:44:27.762721] 🟢 smartorder-proxy.service OK
[2025-10-25 06:44:27.766339] 🟢 smartorder-websync-bridge.service OK
[2025-10-25 06:44:27.774353] 🟢 smartorder-portal-v5.service OK
[2025-10-25 06:44:27.777758] 🟢 smartorder-watchdog.service OK
[2025-10-25 06:45:27.856932] 🟢 smartorder-proxy.service OK
[2025-10-25 06:45:27.862897] 🟢 smartorder-websync-bridge.service OK
[2025-10-25 06:45:27.866820] 🟢 smartorder-portal-v5.service OK
[2025-10-25 06:45:27.869830] 🟢 smartorder-watchdog.service OK
[2025-10-25 06:46:27.920434] 🟢 smartorder-proxy.service OK
[2025-10-25 06:46:27.923891] 🟢 smartorder-websync-bridge.service OK
[2025-10-25 06:46:27.927695] 🟢 smartorder-portal-v5.service OK
[2025-10-25 06:46:27.930338] 🟢 smartorder-watchdog.service OK
[2025-10-25 06:47:27.964422] 🟢 smartorder-proxy.service OK
[2025-10-25 06:47:27.968164] 🟢 smartorder-websync-bridge.service OK
[2025-10-25 06:47:27.970741] 🟢 smartorder-portal-v5.service OK
[2025-10-25 06:47:27.973254] 🟢 smartorder-watchdog.service OK
[2025-10-25 06:48:28.036271] 🟢 smartorder-proxy.service OK
[2025-10-25 06:48:28.039259] 🟢 smartorder-websync-bridge.service OK
[2025-10-25 06:48:28.042798] 🟢 smartorder-portal-v5.service OK
[2025-10-25 06:48:28.045895] 🟢 smartorder-watchdog.service OK
[2025-10-25 06:49:28.110594] 🟢 smartorder-proxy.service OK
[2025-10-25 06:49:28.113830] 🟢 smartorder-websync-bridge.service OK
[2025-10-25 06:49:28.117219] 🟢 smartorder-portal-v5.service OK
[2025-10-25 06:49:28.120741] 🟢 smartorder-watchdog.service OK
[2025-10-25 06:50:28.185388] 🟢 smartorder-proxy.service OK
[2025-10-25 06:50:28.188857] 🟢 smartorder-websync-bridge.service OK
[2025-10-25 06:50:28.191775] 🟢 smartorder-portal-v5.service OK
[2025-10-25 06:50:28.194509] 🟢 smartorder-watchdog.service OK
[2025-10-25 06:51:28.256799] 🟢 smartorder-proxy.service OK
[2025-10-25 06:51:28.259485] 🟢 smartorder-websync-bridge.service OK
[2025-10-25 06:51:28.261969] 🟢 smartorder-portal-v5.service OK
[2025-10-25 06:51:28.264418] 🟢 smartorder-watchdog.service OK
[2025-10-25 06:52:28.324692] 🟢 smartorder-proxy.service OK
[2025-10-25 06:52:28.328669] 🟢 smartorder-websync-bridge.service OK
[2025-10-25 06:52:28.332970] 🟢 smartorder-portal-v5.service OK
[2025-10-25 06:52:28.336369] 🟢 smartorder-watchdog.service OK
[2025-10-25 06:53:28.388132] 🟢 smartorder-proxy.service OK
[2025-10-25 06:53:28.393093] 🟢 smartorder-websync-bridge.service OK
[2025-10-25 06:53:28.397865] 🟢 smartorder-portal-v5.service OK
[2025-10-25 06:53:28.402436] 🟢 smartorder-watchdog.service OK
[2025-10-25 06:54:28.466724] 🟢 smartorder-proxy.service OK
[2025-10-25 06:54:28.469695] 🟢 smartorder-websync-bridge.service OK
[2025-10-25 06:54:28.472373] 🟢 smartorder-portal-v5.service OK
[2025-10-25 06:54:28.475172] 🟢 smartorder-watchdog.service OK
[2025-10-25 06:55:28.541625] 🟢 smartorder-proxy.service OK
[2025-10-25 06:55:28.557162] 🟢 smartorder-websync-bridge.service OK
[2025-10-25 06:55:28.560133] 🟢 smartorder-portal-v5.service OK
[2025-10-25 06:55:28.566821] 🟢 smartorder-watchdog.service OK
[2025-10-25 06:56:28.618959] 🟢 smartorder-proxy.service OK
[2025-10-25 06:56:28.621600] 🟢 smartorder-websync-bridge.service OK
[2025-10-25 06:56:28.624214] 🟢 smartorder-portal-v5.service OK
[2025-10-25 06:56:28.626775] 🟢 smartorder-watchdog.service OK
[2025-10-25 06:57:28.656774] 🟢 smartorder-proxy.service OK
[2025-10-25 06:57:28.660206] 🟢 smartorder-websync-bridge.service OK
[2025-10-25 06:57:28.662994] 🟢 smartorder-portal-v5.service OK
[2025-10-25 06:57:28.665799] 🟢 smartorder-watchdog.service OK
[2025-10-25 06:58:28.715453] 🟢 smartorder-proxy.service OK
[2025-10-25 06:58:28.718975] 🟢 smartorder-websync-bridge.service OK
[2025-10-25 06:58:28.722427] 🟢 smartorder-portal-v5.service OK
[2025-10-25 06:58:28.726123] 🟢 smartorder-watchdog.service OK
[2025-10-25 06:59:28.779763] 🟢 smartorder-proxy.service OK
[2025-10-25 06:59:28.782310] 🟢 smartorder-websync-bridge.service OK
[2025-10-25 06:59:28.784615] 🟢 smartorder-portal-v5.service OK
[2025-10-25 06:59:28.787166] 🟢 smartorder-watchdog.service OK
[2025-10-25 07:00:28.846654] 🟢 smartorder-proxy.service OK
[2025-10-25 07:00:28.849643] 🟢 smartorder-websync-bridge.service OK
[2025-10-25 07:00:28.852441] 🟢 smartorder-portal-v5.service OK
[2025-10-25 07:00:28.855477] 🟢 smartorder-watchdog.service OK
[2025-10-25 07:01:28.916174] 🟢 smartorder-proxy.service OK
[2025-10-25 07:01:28.919237] 🟢 smartorder-websync-bridge.service OK
[2025-10-25 07:01:28.921931] 🟢 smartorder-portal-v5.service OK
[2025-10-25 07:01:28.924695] 🟢 smartorder-watchdog.service OK
[2025-10-25 07:02:28.980270] 🟢 smartorder-proxy.service OK
[2025-10-25 07:02:28.983641] 🟢 smartorder-websync-bridge.service OK
[2025-10-25 07:02:28.986820] 🟢 smartorder-portal-v5.service OK
[2025-10-25 07:02:28.990055] 🟢 smartorder-watchdog.service OK
[2025-10-25 07:03:29.056524] 🟢 smartorder-proxy.service OK
[2025-10-25 07:03:29.061767] 🟢 smartorder-websync-bridge.service OK
[2025-10-25 07:03:29.065476] 🟢 smartorder-portal-v5.service OK
[2025-10-25 07:03:29.068716] 🟢 smartorder-watchdog.service OK
[2025-10-25 07:04:29.093022] 🟢 smartorder-proxy.service OK
[2025-10-25 07:04:29.096942] 🟢 smartorder-websync-bridge.service OK
[2025-10-25 07:04:29.100012] 🟢 smartorder-portal-v5.service OK
[2025-10-25 07:04:29.103279] 🟢 smartorder-watchdog.service OK
[2025-10-25 07:05:29.167371] 🟢 smartorder-proxy.service OK
[2025-10-25 07:05:29.169816] 🟢 smartorder-websync-bridge.service OK
[2025-10-25 07:05:29.172097] 🟢 smartorder-portal-v5.service OK
[2025-10-25 07:05:29.174665] 🟢 smartorder-watchdog.service OK
[2025-10-25 07:06:29.239463] 🟢 smartorder-proxy.service OK
[2025-10-25 07:06:29.243018] 🟢 smartorder-websync-bridge.service OK
[2025-10-25 07:06:29.245678] 🟢 smartorder-portal-v5.service OK
[2025-10-25 07:06:29.248471] 🟢 smartorder-watchdog.service OK
[2025-10-25 07:07:29.314099] 🟢 smartorder-proxy.service OK
[2025-10-25 07:07:29.317049] 🟢 smartorder-websync-bridge.service OK
[2025-10-25 07:07:29.319925] 🟢 smartorder-portal-v5.service OK
[2025-10-25 07:07:29.322735] 🟢 smartorder-watchdog.service OK
[2025-10-25 07:08:29.383371] 🟢 smartorder-proxy.service OK
[2025-10-25 07:08:29.386337] 🟢 smartorder-websync-bridge.service OK
[2025-10-25 07:08:29.389668] 🟢 smartorder-portal-v5.service OK
[2025-10-25 07:08:29.392562] 🟢 smartorder-watchdog.service OK
[2025-10-25 07:09:29.397978] 🟢 smartorder-proxy.service OK
[2025-10-25 07:09:29.400675] 🟢 smartorder-websync-bridge.service OK
[2025-10-25 07:09:29.403267] 🟢 smartorder-portal-v5.service OK
[2025-10-25 07:09:29.405732] 🟢 smartorder-watchdog.service OK
[2025-10-25 07:10:29.472443] 🟢 smartorder-proxy.service OK
[2025-10-25 07:10:29.477202] 🟢 smartorder-websync-bridge.service OK
[2025-10-25 07:10:29.482339] 🟢 smartorder-portal-v5.service OK
[2025-10-25 07:10:29.487514] 🟢 smartorder-watchdog.service OK
[2025-10-25 07:11:29.521551] 🟢 smartorder-proxy.service OK
[2025-10-25 07:11:29.524918] 🟢 smartorder-websync-bridge.service OK
[2025-10-25 07:11:29.527870] 🟢 smartorder-portal-v5.service OK
[2025-10-25 07:11:29.530543] 🟢 smartorder-watchdog.service OK
[2025-10-25 07:12:29.592713] 🟢 smartorder-proxy.service OK
[2025-10-25 07:12:29.596178] 🟢 smartorder-websync-bridge.service OK
[2025-10-25 07:12:29.599740] 🟢 smartorder-portal-v5.service OK
[2025-10-25 07:12:29.602714] 🟢 smartorder-watchdog.service OK
[2025-10-25 07:13:29.652645] 🟢 smartorder-proxy.service OK
[2025-10-25 07:13:29.656230] 🟢 smartorder-websync-bridge.service OK
[2025-10-25 07:13:29.659668] 🟢 smartorder-portal-v5.service OK
[2025-10-25 07:13:29.662647] 🟢 smartorder-watchdog.service OK
[2025-10-25 07:14:29.727158] 🟢 smartorder-proxy.service OK
[2025-10-25 07:14:29.730057] 🟢 smartorder-websync-bridge.service OK
[2025-10-25 07:14:29.733028] 🟢 smartorder-portal-v5.service OK
[2025-10-25 07:14:29.736007] 🟢 smartorder-watchdog.service OK
[2025-10-25 07:15:29.802937] 🟢 smartorder-proxy.service OK
[2025-10-25 07:15:29.808628] 🟢 smartorder-websync-bridge.service OK
[2025-10-25 07:15:29.811585] 🟢 smartorder-portal-v5.service OK
[2025-10-25 07:15:29.815052] 🟢 smartorder-watchdog.service OK
[2025-10-25 07:16:29.876170] 🟢 smartorder-proxy.service OK
[2025-10-25 07:16:29.879041] 🟢 smartorder-websync-bridge.service OK
[2025-10-25 07:16:29.882457] 🟢 smartorder-portal-v5.service OK
[2025-10-25 07:16:29.885530] 🟢 smartorder-watchdog.service OK
[2025-10-25 07:17:29.912815] 🟢 smartorder-proxy.service OK
[2025-10-25 07:17:29.915733] 🟢 smartorder-websync-bridge.service OK
[2025-10-25 07:17:29.918620] 🟢 smartorder-portal-v5.service OK
[2025-10-25 07:17:29.921761] 🟢 smartorder-watchdog.service OK
[2025-10-25 07:18:29.954896] 🟢 smartorder-proxy.service OK
[2025-10-25 07:18:29.958096] 🟢 smartorder-websync-bridge.service OK
[2025-10-25 07:18:29.961549] 🟢 smartorder-portal-v5.service OK
[2025-10-25 07:18:29.964324] 🟢 smartorder-watchdog.service OK
[2025-10-25 07:19:29.994660] 🟢 smartorder-proxy.service OK
[2025-10-25 07:19:29.997322] 🟢 smartorder-websync-bridge.service OK
[2025-10-25 07:19:29.999955] 🟢 smartorder-portal-v5.service OK
[2025-10-25 07:19:30.002566] 🟢 smartorder-watchdog.service OK
[2025-10-25 07:20:30.012983] 🟢 smartorder-proxy.service OK
[2025-10-25 07:20:30.015586] 🟢 smartorder-websync-bridge.service OK
[2025-10-25 07:20:30.017985] 🟢 smartorder-portal-v5.service OK
[2025-10-25 07:20:30.020614] 🟢 smartorder-watchdog.service OK
[2025-10-25 07:21:30.079615] 🟢 smartorder-proxy.service OK
[2025-10-25 07:21:30.082380] 🟢 smartorder-websync-bridge.service OK
[2025-10-25 07:21:30.088727] 🟢 smartorder-portal-v5.service OK
[2025-10-25 07:21:30.094555] 🟢 smartorder-watchdog.service OK
[2025-10-25 07:22:30.154028] 🟢 smartorder-proxy.service OK
[2025-10-25 07:22:30.157478] 🟢 smartorder-websync-bridge.service OK
[2025-10-25 07:22:30.160180] 🟢 smartorder-portal-v5.service OK
[2025-10-25 07:22:30.162830] 🟢 smartorder-watchdog.service OK
[2025-10-25 07:23:30.239941] 🟢 smartorder-proxy.service OK
[2025-10-25 07:23:30.244892] 🟢 smartorder-websync-bridge.service OK
[2025-10-25 07:23:30.251510] 🟢 smartorder-portal-v5.service OK
[2025-10-25 07:23:30.256827] 🟢 smartorder-watchdog.service OK
[2025-10-25 07:24:30.321270] 🟢 smartorder-proxy.service OK
[2025-10-25 07:24:30.324026] 🟢 smartorder-websync-bridge.service OK
[2025-10-25 07:24:30.327015] 🟢 smartorder-portal-v5.service OK
[2025-10-25 07:24:30.329864] 🟢 smartorder-watchdog.service OK
[2025-10-25 07:25:30.386801] 🟢 smartorder-proxy.service OK
[2025-10-25 07:25:30.390696] 🟢 smartorder-websync-bridge.service OK
[2025-10-25 07:25:30.393625] 🟢 smartorder-portal-v5.service OK
[2025-10-25 07:25:30.396113] 🟢 smartorder-watchdog.service OK
[2025-10-25 07:26:30.404756] 🟢 smartorder-proxy.service OK
[2025-10-25 07:26:30.407767] 🟢 smartorder-websync-bridge.service OK
[2025-10-25 07:26:30.410545] 🟢 smartorder-portal-v5.service OK
[2025-10-25 07:26:30.413257] 🟢 smartorder-watchdog.service OK
[2025-10-25 07:27:30.477008] 🟢 smartorder-proxy.service OK
[2025-10-25 07:27:30.479373] 🟢 smartorder-websync-bridge.service OK
[2025-10-25 07:27:30.481705] 🟢 smartorder-portal-v5.service OK
[2025-10-25 07:27:30.484217] 🟢 smartorder-watchdog.service OK
[2025-10-25 07:28:30.544540] 🟢 smartorder-proxy.service OK
[2025-10-25 07:28:30.547588] 🟢 smartorder-websync-bridge.service OK
[2025-10-25 07:28:30.550107] 🟢 smartorder-portal-v5.service OK
[2025-10-25 07:28:30.552902] 🟢 smartorder-watchdog.service OK
[2025-10-25 07:29:30.622908] 🟢 smartorder-proxy.service OK
[2025-10-25 07:29:30.628136] 🟢 smartorder-websync-bridge.service OK
[2025-10-25 07:29:30.632802] 🟢 smartorder-portal-v5.service OK
[2025-10-25 07:29:30.637416] 🟢 smartorder-watchdog.service OK
[2025-10-25 07:30:30.692399] 🟢 smartorder-proxy.service OK
[2025-10-25 07:30:30.695215] 🟢 smartorder-websync-bridge.service OK
[2025-10-25 07:30:30.697633] 🟢 smartorder-portal-v5.service OK
[2025-10-25 07:30:30.700337] 🟢 smartorder-watchdog.service OK
[2025-10-25 07:31:30.753235] 🟢 smartorder-proxy.service OK
[2025-10-25 07:31:30.757361] 🟢 smartorder-websync-bridge.service OK
[2025-10-25 07:31:30.760395] 🟢 smartorder-portal-v5.service OK
[2025-10-25 07:31:30.763006] 🟢 smartorder-watchdog.service OK
[2025-10-25 07:32:30.783203] 🟢 smartorder-proxy.service OK
[2025-10-25 07:32:30.786332] 🟢 smartorder-websync-bridge.service OK
[2025-10-25 07:32:30.789205] 🟢 smartorder-portal-v5.service OK
[2025-10-25 07:32:30.791973] 🟢 smartorder-watchdog.service OK
[2025-10-25 07:33:30.852277] 🟢 smartorder-proxy.service OK
[2025-10-25 07:33:30.855205] 🟢 smartorder-websync-bridge.service OK
[2025-10-25 07:33:30.858362] 🟢 smartorder-portal-v5.service OK
[2025-10-25 07:33:30.861317] 🟢 smartorder-watchdog.service OK
[2025-10-25 07:34:30.888411] 🟢 smartorder-proxy.service OK
[2025-10-25 07:34:30.892416] 🟢 smartorder-websync-bridge.service OK
[2025-10-25 07:34:30.895164] 🟢 smartorder-portal-v5.service OK
[2025-10-25 07:34:30.897621] 🟢 smartorder-watchdog.service OK
[2025-10-25 07:35:30.962596] 🟢 smartorder-proxy.service OK
[2025-10-25 07:35:30.966309] 🟢 smartorder-websync-bridge.service OK
[2025-10-25 07:35:30.970728] 🟢 smartorder-portal-v5.service OK
[2025-10-25 07:35:30.973825] 🟢 smartorder-watchdog.service OK
[2025-10-25 07:36:31.033734] 🟢 smartorder-proxy.service OK
[2025-10-25 07:36:31.036884] 🟢 smartorder-websync-bridge.service OK
[2025-10-25 07:36:31.039811] 🟢 smartorder-portal-v5.service OK
[2025-10-25 07:36:31.042900] 🟢 smartorder-watchdog.service OK
[2025-10-25 07:37:31.107171] 🟢 smartorder-proxy.service OK
[2025-10-25 07:37:31.110753] 🟢 smartorder-websync-bridge.service OK
[2025-10-25 07:37:31.114292] 🟢 smartorder-portal-v5.service OK
[2025-10-25 07:37:31.117312] 🟢 smartorder-watchdog.service OK
[2025-10-25 07:38:31.180758] 🟢 smartorder-proxy.service OK
[2025-10-25 07:38:31.184140] 🟢 smartorder-websync-bridge.service OK
[2025-10-25 07:38:31.187628] 🟢 smartorder-portal-v5.service OK
[2025-10-25 07:38:31.191008] 🟢 smartorder-watchdog.service OK
[2025-10-25 07:39:31.255605] 🟢 smartorder-proxy.service OK
[2025-10-25 07:39:31.259338] 🟢 smartorder-websync-bridge.service OK
[2025-10-25 07:39:31.262939] 🟢 smartorder-portal-v5.service OK
[2025-10-25 07:39:31.266480] 🟢 smartorder-watchdog.service OK
[2025-10-25 07:40:31.316485] 🟢 smartorder-proxy.service OK
[2025-10-25 07:40:31.319582] 🟢 smartorder-websync-bridge.service OK
[2025-10-25 07:40:31.322562] 🟢 smartorder-portal-v5.service OK
[2025-10-25 07:40:31.325658] 🟢 smartorder-watchdog.service OK
[2025-10-25 07:41:31.391369] 🟢 smartorder-proxy.service OK
[2025-10-25 07:41:31.395541] 🟢 smartorder-websync-bridge.service OK
[2025-10-25 07:41:31.398627] 🟢 smartorder-portal-v5.service OK
[2025-10-25 07:41:31.401360] 🟢 smartorder-watchdog.service OK
[2025-10-25 07:42:31.432815] 🟢 smartorder-proxy.service OK
[2025-10-25 07:42:31.435524] 🟢 smartorder-websync-bridge.service OK
[2025-10-25 07:42:31.438125] 🟢 smartorder-portal-v5.service OK
[2025-10-25 07:42:31.440600] 🟢 smartorder-watchdog.service OK
[2025-10-25 07:43:31.460549] 🟢 smartorder-proxy.service OK
[2025-10-25 07:43:31.464089] 🟢 smartorder-websync-bridge.service OK
[2025-10-25 07:43:31.467335] 🟢 smartorder-portal-v5.service OK
[2025-10-25 07:43:31.471104] 🟢 smartorder-watchdog.service OK
[2025-10-25 07:44:31.492237] 🟢 smartorder-proxy.service OK
[2025-10-25 07:44:31.494935] 🟢 smartorder-websync-bridge.service OK
[2025-10-25 07:44:31.497452] 🟢 smartorder-portal-v5.service OK
[2025-10-25 07:44:31.500115] 🟢 smartorder-watchdog.service OK
[2025-10-25 07:45:31.565298] 🟢 smartorder-proxy.service OK
[2025-10-25 07:45:31.567855] 🟢 smartorder-websync-bridge.service OK
[2025-10-25 07:45:31.570577] 🟢 smartorder-portal-v5.service OK
[2025-10-25 07:45:31.573150] 🟢 smartorder-watchdog.service OK
[2025-10-25 07:46:31.624710] 🟢 smartorder-proxy.service OK
[2025-10-25 07:46:31.627960] 🟢 smartorder-websync-bridge.service OK
[2025-10-25 07:46:31.630758] 🟢 smartorder-portal-v5.service OK
[2025-10-25 07:46:31.633530] 🟢 smartorder-watchdog.service OK
[2025-10-25 07:47:31.696461] 🟢 smartorder-proxy.service OK
[2025-10-25 07:47:31.699687] 🟢 smartorder-websync-bridge.service OK
[2025-10-25 07:47:31.702628] 🟢 smartorder-portal-v5.service OK
[2025-10-25 07:47:31.705718] 🟢 smartorder-watchdog.service OK
[2025-10-25 07:48:31.728078] 🟢 smartorder-proxy.service OK
[2025-10-25 07:48:31.731643] 🟢 smartorder-websync-bridge.service OK
[2025-10-25 07:48:31.734622] 🟢 smartorder-portal-v5.service OK
[2025-10-25 07:48:31.737602] 🟢 smartorder-watchdog.service OK
[2025-10-25 07:49:31.802656] 🟢 smartorder-proxy.service OK
[2025-10-25 07:49:31.805543] 🟢 smartorder-websync-bridge.service OK
[2025-10-25 07:49:31.808127] 🟢 smartorder-portal-v5.service OK
[2025-10-25 07:49:31.810668] 🟢 smartorder-watchdog.service OK
[2025-10-25 07:50:31.877764] 🟢 smartorder-proxy.service OK
[2025-10-25 07:50:31.884011] 🟢 smartorder-websync-bridge.service OK
[2025-10-25 07:50:31.886668] 🟢 smartorder-portal-v5.service OK
[2025-10-25 07:50:31.889252] 🟢 smartorder-watchdog.service OK
[2025-10-25 07:51:31.934307] 🟢 smartorder-proxy.service OK
[2025-10-25 07:51:31.942906] 🟢 smartorder-websync-bridge.service OK
[2025-10-25 07:51:31.950396] 🟢 smartorder-portal-v5.service OK
[2025-10-25 07:51:31.953394] 🟢 smartorder-watchdog.service OK
[2025-10-25 07:52:31.987596] 🟢 smartorder-proxy.service OK
[2025-10-25 07:52:31.990863] 🟢 smartorder-websync-bridge.service OK
[2025-10-25 07:52:31.993950] 🟢 smartorder-portal-v5.service OK
[2025-10-25 07:52:31.996624] 🟢 smartorder-watchdog.service OK
[2025-10-25 07:53:32.059337] 🟢 smartorder-proxy.service OK
[2025-10-25 07:53:32.062264] 🟢 smartorder-websync-bridge.service OK
[2025-10-25 07:53:32.064899] 🟢 smartorder-portal-v5.service OK
[2025-10-25 07:53:32.067465] 🟢 smartorder-watchdog.service OK
[2025-10-25 07:54:32.129610] 🟢 smartorder-proxy.service OK
[2025-10-25 07:54:32.133823] 🟢 smartorder-websync-bridge.service OK
[2025-10-25 07:54:32.137511] 🟢 smartorder-portal-v5.service OK
[2025-10-25 07:54:32.141382] 🟢 smartorder-watchdog.service OK
[2025-10-25 07:55:32.205478] 🟢 smartorder-proxy.service OK
[2025-10-25 07:55:32.208845] 🟢 smartorder-websync-bridge.service OK
[2025-10-25 07:55:32.211974] 🟢 smartorder-portal-v5.service OK
[2025-10-25 07:55:32.214658] 🟢 smartorder-watchdog.service OK
[2025-10-25 07:56:32.279072] 🟢 smartorder-proxy.service OK
[2025-10-25 07:56:32.282389] 🟢 smartorder-websync-bridge.service OK
[2025-10-25 07:56:32.285964] 🟢 smartorder-portal-v5.service OK
[2025-10-25 07:56:32.289059] 🟢 smartorder-watchdog.service OK
[2025-10-25 07:57:32.353515] 🟢 smartorder-proxy.service OK
[2025-10-25 07:57:32.356950] 🟢 smartorder-websync-bridge.service OK
[2025-10-25 07:57:32.359919] 🟢 smartorder-portal-v5.service OK
[2025-10-25 07:57:32.362989] 🟢 smartorder-watchdog.service OK
[2025-10-25 07:58:32.426984] 🟢 smartorder-proxy.service OK
[2025-10-25 07:58:32.429809] 🟢 smartorder-websync-bridge.service OK
[2025-10-25 07:58:32.432461] 🟢 smartorder-portal-v5.service OK
[2025-10-25 07:58:32.435003] 🟢 smartorder-watchdog.service OK
[2025-10-25 07:59:32.498543] 🟢 smartorder-proxy.service OK
[2025-10-25 07:59:32.501653] 🟢 smartorder-websync-bridge.service OK
[2025-10-25 07:59:32.504550] 🟢 smartorder-portal-v5.service OK
[2025-10-25 07:59:32.507093] 🟢 smartorder-watchdog.service OK
[2025-10-25 08:00:32.533387] 🟢 smartorder-proxy.service OK
[2025-10-25 08:00:32.536733] 🟢 smartorder-websync-bridge.service OK
[2025-10-25 08:00:32.539798] 🟢 smartorder-portal-v5.service OK
[2025-10-25 08:00:32.542742] 🟢 smartorder-watchdog.service OK
[2025-10-25 08:01:32.582709] 🟢 smartorder-proxy.service OK
[2025-10-25 08:01:32.586223] 🟢 smartorder-websync-bridge.service OK
[2025-10-25 08:01:32.589038] 🟢 smartorder-portal-v5.service OK
[2025-10-25 08:01:32.591758] 🟢 smartorder-watchdog.service OK
[2025-10-25 08:02:32.656889] 🟢 smartorder-proxy.service OK
[2025-10-25 08:02:32.660376] 🟢 smartorder-websync-bridge.service OK
[2025-10-25 08:02:32.663822] 🟢 smartorder-portal-v5.service OK
[2025-10-25 08:02:32.667255] 🟢 smartorder-watchdog.service OK
[2025-10-25 08:03:32.728911] 🟢 smartorder-proxy.service OK
[2025-10-25 08:03:32.732520] 🟢 smartorder-websync-bridge.service OK
[2025-10-25 08:03:32.736024] 🟢 smartorder-portal-v5.service OK
[2025-10-25 08:03:32.739582] 🟢 smartorder-watchdog.service OK
[2025-10-25 08:04:32.766842] 🟢 smartorder-proxy.service OK
[2025-10-25 08:04:32.770240] 🟢 smartorder-websync-bridge.service OK
[2025-10-25 08:04:32.773718] 🟢 smartorder-portal-v5.service OK
[2025-10-25 08:04:32.777091] 🟢 smartorder-watchdog.service OK
[2025-10-25 08:05:32.838673] 🟢 smartorder-proxy.service OK
[2025-10-25 08:05:32.843255] 🟢 smartorder-websync-bridge.service OK
[2025-10-25 08:05:32.847135] 🟢 smartorder-portal-v5.service OK
[2025-10-25 08:05:32.850889] 🟢 smartorder-watchdog.service OK
[2025-10-25 08:06:32.876394] 🟢 smartorder-proxy.service OK
[2025-10-25 08:06:32.880362] 🟢 smartorder-websync-bridge.service OK
[2025-10-25 08:06:32.882936] 🟢 smartorder-portal-v5.service OK
[2025-10-25 08:06:32.885468] 🟢 smartorder-watchdog.service OK
[2025-10-25 08:07:32.940225] 🟢 smartorder-proxy.service OK
[2025-10-25 08:07:32.944105] 🟢 smartorder-websync-bridge.service OK
[2025-10-25 08:07:32.947118] 🟢 smartorder-portal-v5.service OK
[2025-10-25 08:07:32.950108] 🟢 smartorder-watchdog.service OK
[2025-10-25 08:08:33.005085] 🟢 smartorder-proxy.service OK
[2025-10-25 08:08:33.008560] 🟢 smartorder-websync-bridge.service OK
[2025-10-25 08:08:33.011308] 🟢 smartorder-portal-v5.service OK
[2025-10-25 08:08:33.014257] 🟢 smartorder-watchdog.service OK
[2025-10-25 08:09:33.078959] 🟢 smartorder-proxy.service OK
[2025-10-25 08:09:33.081902] 🟢 smartorder-websync-bridge.service OK
[2025-10-25 08:09:33.084757] 🟢 smartorder-portal-v5.service OK
[2025-10-25 08:09:33.087450] 🟢 smartorder-watchdog.service OK
[2025-10-25 08:10:33.124060] 🟢 smartorder-proxy.service OK
[2025-10-25 08:10:33.127389] 🟢 smartorder-websync-bridge.service OK
[2025-10-25 08:10:33.130037] 🟢 smartorder-portal-v5.service OK
[2025-10-25 08:10:33.132895] 🟢 smartorder-watchdog.service OK
[2025-10-25 08:11:33.198401] 🟢 smartorder-proxy.service OK
[2025-10-25 08:11:33.202496] 🟢 smartorder-websync-bridge.service OK
[2025-10-25 08:11:33.206077] 🟢 smartorder-portal-v5.service OK
[2025-10-25 08:11:33.209542] 🟢 smartorder-watchdog.service OK
[2025-10-25 08:12:33.253462] 🟢 smartorder-proxy.service OK
[2025-10-25 08:12:33.257082] 🟢 smartorder-websync-bridge.service OK
[2025-10-25 08:12:33.260457] 🟢 smartorder-portal-v5.service OK
[2025-10-25 08:12:33.264018] 🟢 smartorder-watchdog.service OK
[2025-10-25 08:13:33.309959] 🟢 smartorder-proxy.service OK
[2025-10-25 08:13:33.313745] 🟢 smartorder-websync-bridge.service OK
[2025-10-25 08:13:33.317261] 🟢 smartorder-portal-v5.service OK
[2025-10-25 08:13:33.319903] 🟢 smartorder-watchdog.service OK
[2025-10-25 08:14:33.384058] 🟢 smartorder-proxy.service OK
[2025-10-25 08:14:33.387032] 🟢 smartorder-websync-bridge.service OK
[2025-10-25 08:14:33.389890] 🟢 smartorder-portal-v5.service OK
[2025-10-25 08:14:33.392605] 🟢 smartorder-watchdog.service OK
[2025-10-25 08:15:33.452341] 🟢 smartorder-proxy.service OK
[2025-10-25 08:15:33.455310] 🟢 smartorder-websync-bridge.service OK
[2025-10-25 08:15:33.458194] 🟢 smartorder-portal-v5.service OK
[2025-10-25 08:15:33.460865] 🟢 smartorder-watchdog.service OK
[2025-10-25 08:16:33.482588] 🟢 smartorder-proxy.service OK
[2025-10-25 08:16:33.487186] 🟢 smartorder-websync-bridge.service OK
[2025-10-25 08:16:33.491046] 🟢 smartorder-portal-v5.service OK
[2025-10-25 08:16:33.493661] 🟢 smartorder-watchdog.service OK
[2025-10-25 08:17:33.557692] 🟢 smartorder-proxy.service OK
[2025-10-25 08:17:33.560742] 🟢 smartorder-websync-bridge.service OK
[2025-10-25 08:17:33.563711] 🟢 smartorder-portal-v5.service OK
[2025-10-25 08:17:33.566415] 🟢 smartorder-watchdog.service OK
[2025-10-25 08:18:33.572226] 🟢 smartorder-proxy.service OK
[2025-10-25 08:18:33.575008] 🟢 smartorder-websync-bridge.service OK
[2025-10-25 08:18:33.577666] 🟢 smartorder-portal-v5.service OK
[2025-10-25 08:18:33.580223] 🟢 smartorder-watchdog.service OK
[2025-10-25 08:19:33.645361] 🟢 smartorder-proxy.service OK
[2025-10-25 08:19:33.649512] 🟢 smartorder-websync-bridge.service OK
[2025-10-25 08:19:33.653810] 🟢 smartorder-portal-v5.service OK
[2025-10-25 08:19:33.657578] 🟢 smartorder-watchdog.service OK
[2025-10-25 08:20:33.721803] 🟢 smartorder-proxy.service OK
[2025-10-25 08:20:33.725013] 🟢 smartorder-websync-bridge.service OK
[2025-10-25 08:20:33.728066] 🟢 smartorder-portal-v5.service OK
[2025-10-25 08:20:33.731322] 🟢 smartorder-watchdog.service OK
[2025-10-25 08:21:33.781229] 🟢 smartorder-proxy.service OK
[2025-10-25 08:21:33.784427] 🟢 smartorder-websync-bridge.service OK
[2025-10-25 08:21:33.787135] 🟢 smartorder-portal-v5.service OK
[2025-10-25 08:21:33.789543] 🟢 smartorder-watchdog.service OK
[2025-10-25 08:22:33.824512] 🟢 smartorder-proxy.service OK
[2025-10-25 08:22:33.827581] 🟢 smartorder-websync-bridge.service OK
[2025-10-25 08:22:33.830405] 🟢 smartorder-portal-v5.service OK
[2025-10-25 08:22:33.833026] 🟢 smartorder-watchdog.service OK
[2025-10-25 08:23:33.896430] 🟢 smartorder-proxy.service OK
[2025-10-25 08:23:33.899460] 🟢 smartorder-websync-bridge.service OK
[2025-10-25 08:23:33.902058] 🟢 smartorder-portal-v5.service OK
[2025-10-25 08:23:33.904633] 🟢 smartorder-watchdog.service OK
[2025-10-25 08:24:33.969060] 🟢 smartorder-proxy.service OK
[2025-10-25 08:24:33.972211] 🟢 smartorder-websync-bridge.service OK
[2025-10-25 08:24:33.975044] 🟢 smartorder-portal-v5.service OK
[2025-10-25 08:24:33.977787] 🟢 smartorder-watchdog.service OK
[2025-10-25 08:25:34.042943] 🟢 smartorder-proxy.service OK
[2025-10-25 08:25:34.046307] 🟢 smartorder-websync-bridge.service OK
[2025-10-25 08:25:34.049362] 🟢 smartorder-portal-v5.service OK
[2025-10-25 08:25:34.052169] 🟢 smartorder-watchdog.service OK
[2025-10-25 08:26:34.076957] 🟢 smartorder-proxy.service OK
[2025-10-25 08:26:34.080973] 🟢 smartorder-websync-bridge.service OK
[2025-10-25 08:26:34.084494] 🟢 smartorder-portal-v5.service OK
[2025-10-25 08:26:34.087876] 🟢 smartorder-watchdog.service OK
[2025-10-25 08:27:34.102531] 🟢 smartorder-proxy.service OK
[2025-10-25 08:27:34.107504] 🟢 smartorder-websync-bridge.service OK
[2025-10-25 08:27:34.111426] 🟢 smartorder-portal-v5.service OK
[2025-10-25 08:27:34.115746] 🟢 smartorder-watchdog.service OK
[2025-10-25 08:28:34.141459] 🟢 smartorder-proxy.service OK
[2025-10-25 08:28:34.144720] 🟢 smartorder-websync-bridge.service OK
[2025-10-25 08:28:34.148075] 🟢 smartorder-portal-v5.service OK
[2025-10-25 08:28:34.151177] 🟢 smartorder-watchdog.service OK
[2025-10-25 08:29:34.195001] 🟢 smartorder-proxy.service OK
[2025-10-25 08:29:34.198507] 🟢 smartorder-websync-bridge.service OK
[2025-10-25 08:29:34.201684] 🟢 smartorder-portal-v5.service OK
[2025-10-25 08:29:34.204731] 🟢 smartorder-watchdog.service OK
[2025-10-25 08:30:34.248651] 🟢 smartorder-proxy.service OK
[2025-10-25 08:30:34.251901] 🟢 smartorder-websync-bridge.service OK
[2025-10-25 08:30:34.255013] 🟢 smartorder-portal-v5.service OK
[2025-10-25 08:30:34.257742] 🟢 smartorder-watchdog.service OK
[2025-10-25 08:31:34.325776] 🟢 smartorder-proxy.service OK
[2025-10-25 08:31:34.328972] 🟢 smartorder-websync-bridge.service OK
[2025-10-25 08:31:34.331949] 🟢 smartorder-portal-v5.service OK
[2025-10-25 08:31:34.336967] 🟢 smartorder-watchdog.service OK
[2025-10-25 08:32:34.402323] 🟢 smartorder-proxy.service OK
[2025-10-25 08:32:34.405303] 🟢 smartorder-websync-bridge.service OK
[2025-10-25 08:32:34.407956] 🟢 smartorder-portal-v5.service OK
[2025-10-25 08:32:34.410684] 🟢 smartorder-watchdog.service OK
[2025-10-25 08:33:34.462061] 🟢 smartorder-proxy.service OK
[2025-10-25 08:33:34.466084] 🟢 smartorder-websync-bridge.service OK
[2025-10-25 08:33:34.471862] 🟢 smartorder-portal-v5.service OK
[2025-10-25 08:33:34.475332] 🟢 smartorder-watchdog.service OK
[2025-10-25 08:34:34.550992] 🟢 smartorder-proxy.service OK
[2025-10-25 08:34:34.554118] 🟢 smartorder-websync-bridge.service OK
[2025-10-25 08:34:34.557005] 🟢 smartorder-portal-v5.service OK
[2025-10-25 08:34:34.559732] 🟢 smartorder-watchdog.service OK
[2025-10-25 08:35:34.566392] 🟢 smartorder-proxy.service OK
[2025-10-25 08:35:34.572627] 🟢 smartorder-websync-bridge.service OK
[2025-10-25 08:35:34.575196] 🟢 smartorder-portal-v5.service OK
[2025-10-25 08:35:34.577552] 🟢 smartorder-watchdog.service OK
[2025-10-25 08:36:34.642453] 🟢 smartorder-proxy.service OK
[2025-10-25 08:36:34.645542] 🟢 smartorder-websync-bridge.service OK
[2025-10-25 08:36:34.649765] 🟢 smartorder-portal-v5.service OK
[2025-10-25 08:36:34.652997] 🟢 smartorder-watchdog.service OK
[2025-10-25 08:37:34.707428] 🟢 smartorder-proxy.service OK
[2025-10-25 08:37:34.711991] 🟢 smartorder-websync-bridge.service OK
[2025-10-25 08:37:34.718608] ⚠️ smartorder-portal-v5.service inactif — redémarrage...
[2025-10-25 08:37:37.733273] ❌ smartorder-portal-v5.service échec de redémarrage (activating).
[2025-10-25 08:37:37.738631] 🟢 smartorder-watchdog.service OK
[2025-10-25 08:38:37.788713] 🟢 smartorder-proxy.service OK
[2025-10-25 08:38:37.791581] 🟢 smartorder-websync-bridge.service OK
[2025-10-25 08:38:37.793941] ⚠️ smartorder-portal-v5.service inactif — redémarrage...
[2025-10-25 08:38:40.806132] ❌ smartorder-portal-v5.service échec de redémarrage (activating).
[2025-10-25 08:38:40.809234] 🟢 smartorder-watchdog.service OK
[2025-10-25 08:39:40.836592] 🟢 smartorder-proxy.service OK
[2025-10-25 08:39:40.839460] 🟢 smartorder-websync-bridge.service OK
[2025-10-25 08:39:40.841718] ⚠️ smartorder-portal-v5.service inactif — redémarrage...
[2025-10-25 08:39:43.852905] ❌ smartorder-portal-v5.service échec de redémarrage (activating).
[2025-10-25 08:39:43.855676] 🟢 smartorder-watchdog.service OK
[2025-10-25 08:40:43.920713] 🟢 smartorder-proxy.service OK
[2025-10-25 08:40:43.924100] 🟢 smartorder-websync-bridge.service OK
[2025-10-25 08:40:43.927346] ⚠️ smartorder-portal-v5.service inactif — redémarrage...
[2025-10-25 08:40:46.946972] ❌ smartorder-portal-v5.service échec de redémarrage (activating).
[2025-10-25 08:40:46.949682] 🟢 smartorder-watchdog.service OK
[2025-10-25 08:41:46.956644] 🟢 smartorder-proxy.service OK
[2025-10-25 08:41:46.959406] 🟢 smartorder-websync-bridge.service OK
[2025-10-25 08:41:46.963511] ⚠️ smartorder-portal-v5.service inactif — redémarrage...
[2025-10-25 08:41:49.985556] ❌ smartorder-portal-v5.service échec de redémarrage (activating).
[2025-10-25 08:41:49.988646] 🟢 smartorder-watchdog.service OK
[2025-10-25 08:42:50.028837] 🟢 smartorder-proxy.service OK
[2025-10-25 08:42:50.040465] 🟢 smartorder-websync-bridge.service OK
[2025-10-25 08:42:50.048881] ⚠️ smartorder-portal-v5.service inactif — redémarrage...
[2025-10-25 08:42:53.061343] ❌ smartorder-portal-v5.service échec de redémarrage (activating).
[2025-10-25 08:42:53.065206] 🟢 smartorder-watchdog.service OK
[2025-10-25 08:43:53.129529] 🟢 smartorder-proxy.service OK
[2025-10-25 08:43:53.132551] 🟢 smartorder-websync-bridge.service OK
[2025-10-25 08:43:53.135861] ⚠️ smartorder-portal-v5.service inactif — redémarrage...
[2025-10-25 08:43:56.157442] ❌ smartorder-portal-v5.service échec de redémarrage (activating).
[2025-10-25 08:43:56.161523] 🟢 smartorder-watchdog.service OK
[2025-10-25 08:44:56.225066] 🟢 smartorder-proxy.service OK
[2025-10-25 08:44:56.228066] 🟢 smartorder-websync-bridge.service OK
[2025-10-25 08:44:56.231526] ⚠️ smartorder-portal-v5.service inactif — redémarrage...
[2025-10-25 08:44:59.243820] ❌ smartorder-portal-v5.service échec de redémarrage (activating).
[2025-10-25 08:44:59.246745] 🟢 smartorder-watchdog.service OK
[2025-10-25 08:45:59.311006] 🟢 smartorder-proxy.service OK
[2025-10-25 08:45:59.315328] 🟢 smartorder-websync-bridge.service OK
[2025-10-25 08:45:59.318943] ⚠️ smartorder-portal-v5.service inactif — redémarrage...
[2025-10-25 08:46:02.337615] ❌ smartorder-portal-v5.service échec de redémarrage (activating).
[2025-10-25 08:46:02.344279] 🟢 smartorder-watchdog.service OK
[2025-10-25 08:47:02.408474] 🟢 smartorder-proxy.service OK
[2025-10-25 08:47:02.411246] 🟢 smartorder-websync-bridge.service OK
[2025-10-25 08:47:02.413880] ⚠️ smartorder-portal-v5.service inactif — redémarrage...
[2025-10-25 08:47:05.429808] ❌ smartorder-portal-v5.service échec de redémarrage (activating).
[2025-10-25 08:47:05.433098] 🟢 smartorder-watchdog.service OK
[2025-10-25 08:48:05.500866] 🟢 smartorder-proxy.service OK
[2025-10-25 08:48:05.506307] 🟢 smartorder-websync-bridge.service OK
[2025-10-25 08:48:05.510704] ⚠️ smartorder-portal-v5.service inactif — redémarrage...
[2025-10-25 08:48:08.537089] ❌ smartorder-portal-v5.service échec de redémarrage (activating).
[2025-10-25 08:48:08.540129] 🟢 smartorder-watchdog.service OK
[2025-10-25 08:49:08.616222] 🟢 smartorder-proxy.service OK
[2025-10-25 08:49:08.634576] 🟢 smartorder-websync-bridge.service OK
[2025-10-25 08:49:08.650214] ⚠️ smartorder-portal-v5.service inactif — redémarrage...
[2025-10-25 08:49:11.668397] ❌ smartorder-portal-v5.service échec de redémarrage (activating).
[2025-10-25 08:49:11.671697] 🟢 smartorder-watchdog.service OK
[2025-10-25 08:50:11.740753] 🟢 smartorder-proxy.service OK
[2025-10-25 08:50:11.755997] 🟢 smartorder-websync-bridge.service OK
[2025-10-25 08:50:11.767874] ⚠️ smartorder-portal-v5.service inactif — redémarrage...
[2025-10-25 08:50:14.791989] ❌ smartorder-portal-v5.service échec de redémarrage (activating).
[2025-10-25 08:50:14.795001] 🟢 smartorder-watchdog.service OK
[2025-10-25 08:51:14.832881] 🟢 smartorder-proxy.service OK
[2025-10-25 08:51:14.835966] 🟢 smartorder-websync-bridge.service OK
[2025-10-25 08:51:14.839381] ⚠️ smartorder-portal-v5.service inactif — redémarrage...
[2025-10-25 08:51:17.867935] ❌ smartorder-portal-v5.service échec de redémarrage (activating).
[2025-10-25 08:51:17.871131] 🟢 smartorder-watchdog.service OK
[2025-10-25 08:52:17.935688] 🟢 smartorder-proxy.service OK
[2025-10-25 08:52:17.939240] 🟢 smartorder-websync-bridge.service OK
[2025-10-25 08:52:17.942276] ⚠️ smartorder-portal-v5.service inactif — redémarrage...
[2025-10-25 08:52:20.966195] ❌ smartorder-portal-v5.service échec de redémarrage (activating).
[2025-10-25 08:52:20.972537] 🟢 smartorder-watchdog.service OK
[2025-10-25 08:53:21.019930] 🟢 smartorder-proxy.service OK
[2025-10-25 08:53:21.029320] 🟢 smartorder-websync-bridge.service OK
[2025-10-25 08:53:21.031910] ⚠️ smartorder-portal-v5.service inactif — redémarrage...
[2025-10-25 08:53:24.045355] ❌ smartorder-portal-v5.service échec de redémarrage (activating).
[2025-10-25 08:53:24.049036] 🟢 smartorder-watchdog.service OK
[2025-10-25 08:54:24.111929] 🟢 smartorder-proxy.service OK
[2025-10-25 08:54:24.114731] 🟢 smartorder-websync-bridge.service OK
[2025-10-25 08:54:24.117499] ⚠️ smartorder-portal-v5.service inactif — redémarrage...
[2025-10-25 08:54:27.146214] ❌ smartorder-portal-v5.service échec de redémarrage (activating).
[2025-10-25 08:54:27.149675] 🟢 smartorder-watchdog.service OK
[2025-10-25 08:55:27.211710] 🟢 smartorder-proxy.service OK
[2025-10-25 08:55:27.214293] 🟢 smartorder-websync-bridge.service OK
[2025-10-25 08:55:27.216683] ⚠️ smartorder-portal-v5.service inactif — redémarrage...
[2025-10-25 08:55:30.239490] ❌ smartorder-portal-v5.service échec de redémarrage (activating).
[2025-10-25 08:55:30.242709] 🟢 smartorder-watchdog.service OK
[2025-10-25 08:56:30.304230] 🟢 smartorder-proxy.service OK
[2025-10-25 08:56:30.307727] 🟢 smartorder-websync-bridge.service OK
[2025-10-25 08:56:30.310648] ⚠️ smartorder-portal-v5.service inactif — redémarrage...
[2025-10-25 08:56:33.332797] ❌ smartorder-portal-v5.service échec de redémarrage (activating).
[2025-10-25 08:56:33.336743] 🟢 smartorder-watchdog.service OK
[2025-10-25 08:57:33.388319] 🟢 smartorder-proxy.service OK
[2025-10-25 08:57:33.391763] 🟢 smartorder-websync-bridge.service OK
[2025-10-25 08:57:33.394605] ⚠️ smartorder-portal-v5.service inactif — redémarrage...
[2025-10-25 08:57:36.421767] ❌ smartorder-portal-v5.service échec de redémarrage (activating).
[2025-10-25 08:57:36.426543] 🟢 smartorder-watchdog.service OK
[2025-10-25 08:58:36.486218] 🟢 smartorder-proxy.service OK
[2025-10-25 08:58:36.489076] 🟢 smartorder-websync-bridge.service OK
[2025-10-25 08:58:36.491830] ⚠️ smartorder-portal-v5.service inactif — redémarrage...
[2025-10-25 08:58:39.503533] ❌ smartorder-portal-v5.service échec de redémarrage (activating).
[2025-10-25 08:58:39.506777] 🟢 smartorder-watchdog.service OK
[2025-10-25 08:59:39.526807] 🟢 smartorder-proxy.service OK
[2025-10-25 08:59:39.536974] 🟢 smartorder-websync-bridge.service OK
[2025-10-25 08:59:39.541158] ⚠️ smartorder-portal-v5.service inactif — redémarrage...
[2025-10-25 08:59:42.556730] ❌ smartorder-portal-v5.service échec de redémarrage (activating).
[2025-10-25 08:59:42.559695] 🟢 smartorder-watchdog.service OK
[2025-10-25 09:00:42.602228] 🟢 smartorder-proxy.service OK
[2025-10-25 09:00:42.605648] 🟢 smartorder-websync-bridge.service OK
[2025-10-25 09:00:42.608846] ⚠️ smartorder-portal-v5.service inactif — redémarrage...
[2025-10-25 09:00:45.621497] ❌ smartorder-portal-v5.service échec de redémarrage (activating).
[2025-10-25 09:00:45.626012] 🟢 smartorder-watchdog.service OK
[2025-10-25 09:01:45.687983] 🟢 smartorder-proxy.service OK
[2025-10-25 09:01:45.690916] 🟢 smartorder-websync-bridge.service OK
[2025-10-25 09:01:45.693600] ⚠️ smartorder-portal-v5.service inactif — redémarrage...
[2025-10-25 09:01:48.705671] ❌ smartorder-portal-v5.service échec de redémarrage (activating).
[2025-10-25 09:01:48.708757] 🟢 smartorder-watchdog.service OK
[2025-10-25 09:02:48.757179] 🟢 smartorder-proxy.service OK
[2025-10-25 09:02:48.760842] 🟢 smartorder-websync-bridge.service OK
[2025-10-25 09:02:48.763617] ⚠️ smartorder-portal-v5.service inactif — redémarrage...
[2025-10-25 09:02:51.774905] ❌ smartorder-portal-v5.service échec de redémarrage (activating).
[2025-10-25 09:02:51.779577] 🟢 smartorder-watchdog.service OK
[2025-10-25 09:03:51.844553] 🟢 smartorder-proxy.service OK
[2025-10-25 09:03:51.848963] 🟢 smartorder-websync-bridge.service OK
[2025-10-25 09:03:51.852385] ⚠️ smartorder-portal-v5.service inactif — redémarrage...
[2025-10-25 09:03:54.864137] ❌ smartorder-portal-v5.service échec de redémarrage (activating).
[2025-10-25 09:03:54.867165] 🟢 smartorder-watchdog.service OK
[2025-10-25 09:04:54.933160] 🟢 smartorder-proxy.service OK
[2025-10-25 09:04:54.937835] 🟢 smartorder-websync-bridge.service OK
[2025-10-25 09:04:54.941487] ⚠️ smartorder-portal-v5.service inactif — redémarrage...
[2025-10-25 09:04:57.952448] ❌ smartorder-portal-v5.service échec de redémarrage (activating).
[2025-10-25 09:04:57.955487] 🟢 smartorder-watchdog.service OK
[2025-10-25 09:05:57.961371] 🟢 smartorder-proxy.service OK
[2025-10-25 09:05:57.964824] 🟢 smartorder-websync-bridge.service OK
[2025-10-25 09:05:57.967515] ⚠️ smartorder-portal-v5.service inactif — redémarrage...
[2025-10-25 09:06:00.978304] ❌ smartorder-portal-v5.service échec de redémarrage (activating).
[2025-10-25 09:06:00.981544] 🟢 smartorder-watchdog.service OK
[2025-10-25 09:07:01.046916] 🟢 smartorder-proxy.service OK
[2025-10-25 09:07:01.050124] 🟢 smartorder-websync-bridge.service OK
[2025-10-25 09:07:01.052843] ⚠️ smartorder-portal-v5.service inactif — redémarrage...
[2025-10-25 09:07:04.064860] ❌ smartorder-portal-v5.service échec de redémarrage (activating).
[2025-10-25 09:07:04.068270] 🟢 smartorder-watchdog.service OK
[2025-10-25 09:08:04.128699] 🟢 smartorder-proxy.service OK
[2025-10-25 09:08:04.131711] 🟢 smartorder-websync-bridge.service OK
[2025-10-25 09:08:04.134240] ⚠️ smartorder-portal-v5.service inactif — redémarrage...
[2025-10-25 09:08:07.152913] ❌ smartorder-portal-v5.service échec de redémarrage (activating).
[2025-10-25 09:08:07.163536] 🟢 smartorder-watchdog.service OK
[2025-10-25 09:09:07.224052] 🟢 smartorder-proxy.service OK
[2025-10-25 09:09:07.226761] 🟢 smartorder-websync-bridge.service OK
[2025-10-25 09:09:07.233246] ⚠️ smartorder-portal-v5.service inactif — redémarrage...
[2025-10-25 09:09:10.245431] ❌ smartorder-portal-v5.service échec de redémarrage (activating).
[2025-10-25 09:09:10.248747] 🟢 smartorder-watchdog.service OK
[2025-10-25 09:10:10.283777] 🟢 smartorder-proxy.service OK
[2025-10-25 09:10:10.286633] 🟢 smartorder-websync-bridge.service OK
[2025-10-25 09:10:10.289355] ⚠️ smartorder-portal-v5.service inactif — redémarrage...
[2025-10-25 09:10:13.304485] ❌ smartorder-portal-v5.service échec de redémarrage (activating).
[2025-10-25 09:10:13.308315] 🟢 smartorder-watchdog.service OK
[2025-10-25 09:11:13.373757] 🟢 smartorder-proxy.service OK
[2025-10-25 09:11:13.378127] 🟢 smartorder-websync-bridge.service OK
[2025-10-25 09:11:13.381197] 🟢 smartorder-portal-v5.service OK
[2025-10-25 09:11:13.384092] 🟢 smartorder-watchdog.service OK
[2025-10-25 09:12:13.445704] 🟢 smartorder-proxy.service OK
[2025-10-25 09:12:13.448791] 🟢 smartorder-websync-bridge.service OK
[2025-10-25 09:12:13.451827] ⚠️ smartorder-portal-v5.service inactif — redémarrage...
[2025-10-25 09:12:16.487613] ❌ smartorder-portal-v5.service échec de redémarrage (activating).
[2025-10-25 09:12:16.490267] 🟢 smartorder-watchdog.service OK
[2025-10-25 09:13:16.532551] 🟢 smartorder-proxy.service OK
[2025-10-25 09:13:16.535206] 🟢 smartorder-websync-bridge.service OK
[2025-10-25 09:13:16.537781] ⚠️ smartorder-portal-v5.service inactif — redémarrage...
[2025-10-25 09:13:19.635257] ❌ smartorder-portal-v5.service échec de redémarrage (activating).
[2025-10-25 09:13:19.638216] 🟢 smartorder-watchdog.service OK
[2025-10-25 09:14:19.702538] 🟢 smartorder-proxy.service OK
[2025-10-25 09:14:19.705432] 🟢 smartorder-websync-bridge.service OK
[2025-10-25 09:14:19.708143] ⚠️ smartorder-portal-v5.service inactif — redémarrage...
[2025-10-25 09:14:22.801295] ❌ smartorder-portal-v5.service échec de redémarrage (activating).
[2025-10-25 09:14:22.806476] 🟢 smartorder-watchdog.service OK
[2025-10-25 09:15:22.819116] 🟢 smartorder-proxy.service OK
[2025-10-25 09:15:22.822226] 🟢 smartorder-websync-bridge.service OK
[2025-10-25 09:15:22.825107] ⚠️ smartorder-portal-v5.service inactif — redémarrage...
[2025-10-25 09:15:25.924567] ❌ smartorder-portal-v5.service échec de redémarrage (activating).
[2025-10-25 09:15:25.928260] 🟢 smartorder-watchdog.service OK
[2025-10-25 09:16:25.978485] 🟢 smartorder-proxy.service OK
[2025-10-25 09:16:25.981660] 🟢 smartorder-websync-bridge.service OK
[2025-10-25 09:16:25.984442] ⚠️ smartorder-portal-v5.service inactif — redémarrage...
[2025-10-25 09:16:29.079074] ❌ smartorder-portal-v5.service échec de redémarrage (activating).
[2025-10-25 09:16:29.082189] 🟢 smartorder-watchdog.service OK
[2025-10-25 09:17:29.147090] 🟢 smartorder-proxy.service OK
[2025-10-25 09:17:29.150141] 🟢 smartorder-websync-bridge.service OK
[2025-10-25 09:17:29.152845] ⚠️ smartorder-portal-v5.service inactif — redémarrage...
[2025-10-25 09:17:32.258865] ❌ smartorder-portal-v5.service échec de redémarrage (activating).
[2025-10-25 09:17:32.264978] 🟢 smartorder-watchdog.service OK
[2025-10-25 09:18:32.331860] 🟢 smartorder-proxy.service OK
[2025-10-25 09:18:32.335593] 🟢 smartorder-websync-bridge.service OK
[2025-10-25 09:18:32.338993] ⚠️ smartorder-portal-v5.service inactif — redémarrage...
[2025-10-25 09:18:35.434566] ❌ smartorder-portal-v5.service échec de redémarrage (activating).
[2025-10-25 09:18:35.437699] 🟢 smartorder-watchdog.service OK
[2025-10-25 09:18:44.236960] === SAFELOGIC GUARDIAN DIAG INIT ===
[2025-10-25 09:18:44.257007] 🟢 smartorder-proxy.service OK
[2025-10-25 09:18:44.259704] 🟢 smartorder-websync-bridge.service OK
[2025-10-25 09:18:44.262896] 🟢 smartorder-portal-v5.service OK
[2025-10-25 09:18:44.272402] 🟢 smartorder-watchdog.service OK
[2025-10-25 09:19:14.417061] === SAFELOGIC GUARDIAN DIAG INIT ===
[2025-10-25 09:19:14.422476] 🟢 smartorder-proxy.service OK
[2025-10-25 09:19:14.426915] 🟢 smartorder-websync-bridge.service OK
[2025-10-25 09:19:14.435165] 🟢 smartorder-portal-v5.service OK
[2025-10-25 09:19:14.441545] 🟢 smartorder-watchdog.service OK
[2025-10-25 09:19:44.572819] === SAFELOGIC GUARDIAN DIAG INIT ===
[2025-10-25 09:19:44.578898] 🟢 smartorder-proxy.service OK
[2025-10-25 09:19:44.584838] 🟢 smartorder-websync-bridge.service OK
[2025-10-25 09:19:44.593293] 🟢 smartorder-portal-v5.service OK
[2025-10-25 09:19:44.598750] 🟢 smartorder-watchdog.service OK
[2025-10-25 09:20:11.303024] === SAFELOGIC GUARDIAN DIAG INIT ===
[2025-10-25 09:20:11.313186] 🟢 smartorder-proxy.service OK
[2025-10-25 09:20:11.318055] 🟢 smartorder-websync-bridge.service OK
[2025-10-25 09:20:11.328791] 🟢 smartorder-portal-v5.service OK
[2025-10-25 09:20:11.337422] 🟢 smartorder-watchdog.service OK
[2025-10-25 09:20:14.754843] === SAFELOGIC GUARDIAN DIAG INIT ===
[2025-10-25 09:20:14.772655] 🟢 smartorder-proxy.service OK
[2025-10-25 09:20:14.775509] 🟢 smartorder-websync-bridge.service OK
[2025-10-25 09:20:14.778314] 🟢 smartorder-portal-v5.service OK
[2025-10-25 09:20:14.782153] 🟢 smartorder-watchdog.service OK
[2025-10-25 09:20:41.465548] === SAFELOGIC GUARDIAN DIAG INIT ===
[2025-10-25 09:20:41.493138] 🟢 smartorder-proxy.service OK
[2025-10-25 09:20:41.496807] 🟢 smartorder-websync-bridge.service OK
[2025-10-25 09:20:41.500612] 🟢 smartorder-portal-v5.service OK
[2025-10-25 09:20:41.506831] 🟢 smartorder-watchdog.service OK
[2025-10-25 09:20:44.943120] === SAFELOGIC GUARDIAN DIAG INIT ===
[2025-10-25 09:20:44.959407] 🟢 smartorder-proxy.service OK
[2025-10-25 09:20:44.967682] 🟢 smartorder-websync-bridge.service OK
[2025-10-25 09:20:44.979304] 🟢 smartorder-portal-v5.service OK
[2025-10-25 09:20:44.992042] 🟢 smartorder-watchdog.service OK
[2025-10-25 09:21:11.611606] === SAFELOGIC GUARDIAN DIAG INIT ===
[2025-10-25 09:21:11.620472] 🟢 smartorder-proxy.service OK
[2025-10-25 09:21:11.624380] 🟢 smartorder-websync-bridge.service OK
[2025-10-25 09:21:11.632866] 🟢 smartorder-portal-v5.service OK
[2025-10-25 09:21:11.638960] 🟢 smartorder-watchdog.service OK
[2025-10-25 09:21:15.074085] === SAFELOGIC GUARDIAN DIAG INIT ===
[2025-10-25 09:21:15.088311] 🟢 smartorder-proxy.service OK
[2025-10-25 09:21:15.091279] 🟢 smartorder-websync-bridge.service OK
[2025-10-25 09:21:15.094161] 🟢 smartorder-portal-v5.service OK
[2025-10-25 09:21:15.097202] 🟢 smartorder-watchdog.service OK
[2025-10-25 09:21:41.768328] === SAFELOGIC GUARDIAN DIAG INIT ===
[2025-10-25 09:21:41.787532] 🟢 smartorder-proxy.service OK
[2025-10-25 09:21:41.791263] 🟢 smartorder-websync-bridge.service OK
[2025-10-25 09:21:41.800384] 🟢 smartorder-portal-v5.service OK
[2025-10-25 09:21:41.804293] 🟢 smartorder-watchdog.service OK
[2025-10-25 09:21:45.267609] === SAFELOGIC GUARDIAN DIAG INIT ===
[2025-10-25 09:21:45.276572] 🟢 smartorder-proxy.service OK
[2025-10-25 09:21:45.279320] 🟢 smartorder-websync-bridge.service OK
[2025-10-25 09:21:45.284874] 🟢 smartorder-portal-v5.service OK
[2025-10-25 09:21:45.288852] 🟢 smartorder-watchdog.service OK
[2025-10-25 09:22:11.935517] === SAFELOGIC GUARDIAN DIAG INIT ===
[2025-10-25 09:22:11.942079] 🟢 smartorder-proxy.service OK
[2025-10-25 09:22:11.944674] 🟢 smartorder-websync-bridge.service OK
[2025-10-25 09:22:11.948618] 🟢 smartorder-portal-v5.service OK
[2025-10-25 09:22:11.954144] 🟢 smartorder-watchdog.service OK
[2025-10-25 09:22:15.418146] === SAFELOGIC GUARDIAN DIAG INIT ===
[2025-10-25 09:22:15.427842] 🟢 smartorder-proxy.service OK
[2025-10-25 09:22:15.431076] 🟢 smartorder-websync-bridge.service OK
[2025-10-25 09:22:15.436048] 🟢 smartorder-portal-v5.service OK
[2025-10-25 09:22:15.442214] 🟢 smartorder-watchdog.service OK
[2025-10-25 09:22:42.079672] === SAFELOGIC GUARDIAN DIAG INIT ===
[2025-10-25 09:22:42.087156] 🟢 smartorder-proxy.service OK
[2025-10-25 09:22:42.090485] 🟢 smartorder-websync-bridge.service OK
[2025-10-25 09:22:42.097234] 🟢 smartorder-portal-v5.service OK
[2025-10-25 09:22:42.100960] 🟢 smartorder-watchdog.service OK
[2025-10-25 09:22:45.549436] === SAFELOGIC GUARDIAN DIAG INIT ===
[2025-10-25 09:22:45.559401] 🟢 smartorder-proxy.service OK
[2025-10-25 09:22:45.562505] 🟢 smartorder-websync-bridge.service OK
[2025-10-25 09:22:45.568138] 🟢 smartorder-portal-v5.service OK
[2025-10-25 09:22:45.576913] 🟢 smartorder-watchdog.service OK
[2025-10-25 09:23:12.239404] === SAFELOGIC GUARDIAN DIAG INIT ===
[2025-10-25 09:23:12.263251] 🟢 smartorder-proxy.service OK
[2025-10-25 09:23:12.268377] 🟢 smartorder-websync-bridge.service OK
[2025-10-25 09:23:12.271386] 🟢 smartorder-portal-v5.service OK
[2025-10-25 09:23:12.276521] 🟢 smartorder-watchdog.service OK
[2025-10-25 09:23:15.727271] === SAFELOGIC GUARDIAN DIAG INIT ===
[2025-10-25 09:23:15.737160] 🟢 smartorder-proxy.service OK
[2025-10-25 09:23:15.747607] 🟢 smartorder-websync-bridge.service OK
[2025-10-25 09:23:15.770169] 🟢 smartorder-portal-v5.service OK
[2025-10-25 09:23:15.775536] 🟢 smartorder-watchdog.service OK
[2025-10-25 09:23:42.418141] === SAFELOGIC GUARDIAN DIAG INIT ===
[2025-10-25 09:23:42.432896] 🟢 smartorder-proxy.service OK
[2025-10-25 09:23:42.440816] 🟢 smartorder-websync-bridge.service OK
[2025-10-25 09:23:42.452525] 🟢 smartorder-portal-v5.service OK
[2025-10-25 09:23:42.461932] 🟢 smartorder-watchdog.service OK
[2025-10-25 09:23:45.879093] === SAFELOGIC GUARDIAN DIAG INIT ===
[2025-10-25 09:23:45.890262] 🟢 smartorder-proxy.service OK
[2025-10-25 09:23:45.897326] 🟢 smartorder-websync-bridge.service OK
[2025-10-25 09:23:45.905564] 🟢 smartorder-portal-v5.service OK
[2025-10-25 09:23:45.918566] 🟢 smartorder-watchdog.service OK
[2025-10-25 09:24:12.563698] === SAFELOGIC GUARDIAN DIAG INIT ===
[2025-10-25 09:24:12.581164] 🟢 smartorder-proxy.service OK
[2025-10-25 09:24:12.587162] 🟢 smartorder-websync-bridge.service OK
[2025-10-25 09:24:12.591625] 🟢 smartorder-portal-v5.service OK
[2025-10-25 09:24:12.601598] 🟢 smartorder-watchdog.service OK
[2025-10-25 09:24:16.064475] === SAFELOGIC GUARDIAN DIAG INIT ===
[2025-10-25 09:24:16.080498] 🟢 smartorder-proxy.service OK
[2025-10-25 09:24:16.092509] 🟢 smartorder-websync-bridge.service OK
[2025-10-25 09:24:16.095701] 🟢 smartorder-portal-v5.service OK
[2025-10-25 09:24:16.109015] 🟢 smartorder-watchdog.service OK
[2025-10-25 09:24:42.723456] === SAFELOGIC GUARDIAN DIAG INIT ===
[2025-10-25 09:24:42.748039] 🟢 smartorder-proxy.service OK
[2025-10-25 09:24:42.752665] 🟢 smartorder-websync-bridge.service OK
[2025-10-25 09:24:42.755602] 🟢 smartorder-portal-v5.service OK
[2025-10-25 09:24:42.763149] 🟢 smartorder-watchdog.service OK
[2025-10-25 09:24:46.229973] === SAFELOGIC GUARDIAN DIAG INIT ===
[2025-10-25 09:24:46.244266] 🟢 smartorder-proxy.service OK
[2025-10-25 09:24:46.250690] 🟢 smartorder-websync-bridge.service OK
[2025-10-25 09:24:46.256098] 🟢 smartorder-portal-v5.service OK
[2025-10-25 09:24:46.260007] 🟢 smartorder-watchdog.service OK
[2025-10-25 09:25:12.900065] === SAFELOGIC GUARDIAN DIAG INIT ===
[2025-10-25 09:25:12.917044] 🟢 smartorder-proxy.service OK
[2025-10-25 09:25:12.922778] 🟢 smartorder-websync-bridge.service OK
[2025-10-25 09:25:12.926422] 🟢 smartorder-portal-v5.service OK
[2025-10-25 09:25:12.929447] 🟢 smartorder-watchdog.service OK
[2025-10-25 09:25:16.410314] === SAFELOGIC GUARDIAN DIAG INIT ===
[2025-10-25 09:25:16.424775] 🟢 smartorder-proxy.service OK
[2025-10-25 09:25:16.428588] 🟢 smartorder-websync-bridge.service OK
[2025-10-25 09:25:16.436451] 🟢 smartorder-portal-v5.service OK
[2025-10-25 09:25:16.440551] 🟢 smartorder-watchdog.service OK
[2025-10-25 09:25:43.041397] === SAFELOGIC GUARDIAN DIAG INIT ===
[2025-10-25 09:25:43.046061] 🟢 smartorder-proxy.service OK
[2025-10-25 09:25:43.052952] 🟢 smartorder-websync-bridge.service OK
[2025-10-25 09:25:43.056910] 🟢 smartorder-portal-v5.service OK
[2025-10-25 09:25:43.060767] 🟢 smartorder-watchdog.service OK
[2025-10-25 09:25:46.535407] === SAFELOGIC GUARDIAN DIAG INIT ===
[2025-10-25 09:25:46.545741] 🟢 smartorder-proxy.service OK
[2025-10-25 09:25:46.551274] 🟢 smartorder-websync-bridge.service OK
[2025-10-25 09:25:46.555826] 🟢 smartorder-portal-v5.service OK
[2025-10-25 09:25:46.560440] 🟢 smartorder-watchdog.service OK
[2025-10-25 09:26:11.709823] === SAFELOGIC GUARDIAN DIAG INIT ===
[2025-10-25 09:26:11.718705] 🟢 smartorder-proxy.service OK
[2025-10-25 09:26:11.725413] 🟢 smartorder-websync-bridge.service OK
[2025-10-25 09:26:11.731276] 🟢 smartorder-portal-v5.service OK
[2025-10-25 09:26:11.734326] 🟢 smartorder-watchdog.service OK
[2025-10-25 09:26:13.617707] === SAFELOGIC GUARDIAN DIAG INIT ===
[2025-10-25 09:26:13.666217] 🟢 smartorder-proxy.service OK
[2025-10-25 09:26:13.696529] 🟢 smartorder-websync-bridge.service OK
[2025-10-25 09:26:13.724542] 🟢 smartorder-portal-v5.service OK
[2025-10-25 09:26:13.743869] 🟢 smartorder-watchdog.service OK
[2025-10-25 09:26:42.032523] === SAFELOGIC GUARDIAN DIAG INIT ===
[2025-10-25 09:26:42.044379] 🟢 smartorder-proxy.service OK
[2025-10-25 09:26:42.048346] 🟢 smartorder-websync-bridge.service OK
[2025-10-25 09:26:42.051013] 🟢 smartorder-portal-v5.service OK
[2025-10-25 09:26:42.054202] 🟢 smartorder-watchdog.service OK
[2025-10-25 09:26:43.810461] === SAFELOGIC GUARDIAN DIAG INIT ===
[2025-10-25 09:26:43.828999] 🟢 smartorder-proxy.service OK
[2025-10-25 09:26:43.832651] 🟢 smartorder-websync-bridge.service OK
[2025-10-25 09:26:43.835916] 🟢 smartorder-portal-v5.service OK
[2025-10-25 09:26:43.841059] 🟢 smartorder-watchdog.service OK
[2025-10-25 09:27:12.359445] === SAFELOGIC GUARDIAN DIAG INIT ===
[2025-10-25 09:27:12.394215] 🟢 smartorder-proxy.service OK
[2025-10-25 09:27:12.400376] 🟢 smartorder-websync-bridge.service OK
[2025-10-25 09:27:12.403380] 🟢 smartorder-portal-v5.service OK
[2025-10-25 09:27:12.408479] 🟢 smartorder-watchdog.service OK
[2025-10-25 09:27:14.107339] === SAFELOGIC GUARDIAN DIAG INIT ===
[2025-10-25 09:27:14.124444] 🟢 smartorder-proxy.service OK
[2025-10-25 09:27:14.135273] 🟢 smartorder-websync-bridge.service OK
[2025-10-25 09:27:14.144546] 🟢 smartorder-portal-v5.service OK
[2025-10-25 09:27:14.147888] 🟢 smartorder-watchdog.service OK
[2025-10-25 09:27:42.728102] === SAFELOGIC GUARDIAN DIAG INIT ===
[2025-10-25 09:27:42.740557] 🟢 smartorder-proxy.service OK
[2025-10-25 09:27:42.745272] 🟢 smartorder-websync-bridge.service OK
[2025-10-25 09:27:42.761359] 🟢 smartorder-portal-v5.service OK
[2025-10-25 09:27:42.768514] 🟢 smartorder-watchdog.service OK
[2025-10-25 09:28:13.041722] === SAFELOGIC GUARDIAN DIAG INIT ===
[2025-10-25 09:28:13.052020] 🟢 smartorder-proxy.service OK
[2025-10-25 09:28:13.057069] 🟢 smartorder-websync-bridge.service OK
[2025-10-25 09:28:13.061901] 🟢 smartorder-portal-v5.service OK
[2025-10-25 09:28:13.067201] 🟢 smartorder-watchdog.service OK
[2025-10-25 09:28:43.373469] === SAFELOGIC GUARDIAN DIAG INIT ===
[2025-10-25 09:28:43.387617] 🟢 smartorder-proxy.service OK
[2025-10-25 09:28:43.397148] 🟢 smartorder-websync-bridge.service OK
[2025-10-25 09:28:43.408925] 🟢 smartorder-portal-v5.service OK
[2025-10-25 09:28:43.411895] 🟢 smartorder-watchdog.service OK
[2025-10-25 09:29:13.671317] === SAFELOGIC GUARDIAN DIAG INIT ===
[2025-10-25 09:29:13.678681] 🟢 smartorder-proxy.service OK
[2025-10-25 09:29:13.686629] 🟢 smartorder-websync-bridge.service OK
[2025-10-25 09:29:13.707688] 🟢 smartorder-portal-v5.service OK
[2025-10-25 09:29:13.710179] 🟢 smartorder-watchdog.service OK
[2025-10-25 09:29:44.067153] === SAFELOGIC GUARDIAN DIAG INIT ===
[2025-10-25 09:29:44.080479] 🟢 smartorder-proxy.service OK
[2025-10-25 09:29:44.089179] 🟢 smartorder-websync-bridge.service OK
[2025-10-25 09:29:44.094269] 🟢 smartorder-portal-v5.service OK
[2025-10-25 09:29:44.110298] 🟢 smartorder-watchdog.service OK
[2025-10-25 09:30:14.406087] === SAFELOGIC GUARDIAN DIAG INIT ===
[2025-10-25 09:30:14.414804] 🟢 smartorder-proxy.service OK
[2025-10-25 09:30:14.422924] 🟢 smartorder-websync-bridge.service OK
[2025-10-25 09:30:14.426839] 🟢 smartorder-portal-v5.service OK
[2025-10-25 09:30:14.431793] 🟢 smartorder-watchdog.service OK
[2025-10-25 09:30:44.732641] === SAFELOGIC GUARDIAN DIAG INIT ===
[2025-10-25 09:30:44.741254] 🟢 smartorder-proxy.service OK
[2025-10-25 09:30:44.744206] 🟢 smartorder-websync-bridge.service OK
[2025-10-25 09:30:44.748924] 🟢 smartorder-portal-v5.service OK
[2025-10-25 09:30:44.751620] 🟢 smartorder-watchdog.service OK
[2025-10-25 09:31:14.994128] === SAFELOGIC GUARDIAN DIAG INIT ===
[2025-10-25 09:31:15.001131] 🟢 smartorder-proxy.service OK
[2025-10-25 09:31:15.003840] 🟢 smartorder-websync-bridge.service OK
[2025-10-25 09:31:15.011013] 🟢 smartorder-portal-v5.service OK
[2025-10-25 09:31:15.016819] 🟢 smartorder-watchdog.service OK
[2025-10-25 09:31:45.327758] === SAFELOGIC GUARDIAN DIAG INIT ===
[2025-10-25 09:31:45.337937] 🟢 smartorder-proxy.service OK
[2025-10-25 09:31:45.347067] 🟢 smartorder-websync-bridge.service OK
[2025-10-25 09:31:45.351913] 🟢 smartorder-portal-v5.service OK
[2025-10-25 09:31:45.360997] 🟢 smartorder-watchdog.service OK
[2025-10-25 09:32:15.665915] === SAFELOGIC GUARDIAN DIAG INIT ===
[2025-10-25 09:32:15.676002] 🟢 smartorder-proxy.service OK
[2025-10-25 09:32:15.688230] 🟢 smartorder-websync-bridge.service OK
[2025-10-25 09:32:15.696445] 🟢 smartorder-portal-v5.service OK
[2025-10-25 09:32:15.699703] 🟢 smartorder-watchdog.service OK
[2025-10-25 09:32:46.000824] === SAFELOGIC GUARDIAN DIAG INIT ===
[2025-10-25 09:32:46.014565] 🟢 smartorder-proxy.service OK
[2025-10-25 09:32:46.018973] 🟢 smartorder-websync-bridge.service OK
[2025-10-25 09:32:46.024358] 🟢 smartorder-portal-v5.service OK
[2025-10-25 09:32:46.033966] 🟢 smartorder-watchdog.service OK
[2025-10-25 09:33:16.303288] === SAFELOGIC GUARDIAN DIAG INIT ===
[2025-10-25 09:33:16.326748] 🟢 smartorder-proxy.service OK
[2025-10-25 09:33:16.330865] 🟢 smartorder-websync-bridge.service OK
[2025-10-25 09:33:16.337213] 🟢 smartorder-portal-v5.service OK
[2025-10-25 09:33:16.340930] 🟢 smartorder-watchdog.service OK
[2025-10-25 09:33:46.621952] === SAFELOGIC GUARDIAN DIAG INIT ===
[2025-10-25 09:33:46.627952] 🟢 smartorder-proxy.service OK
[2025-10-25 09:33:46.644053] 🟢 smartorder-websync-bridge.service OK
[2025-10-25 09:33:46.653881] 🟢 smartorder-portal-v5.service OK
[2025-10-25 09:33:46.660720] 🟢 smartorder-watchdog.service OK
[2025-10-25 09:34:16.946956] === SAFELOGIC GUARDIAN DIAG INIT ===
[2025-10-25 09:34:16.969420] 🟢 smartorder-proxy.service OK
[2025-10-25 09:34:16.974689] 🟢 smartorder-websync-bridge.service OK
[2025-10-25 09:34:16.993723] 🟢 smartorder-portal-v5.service OK
[2025-10-25 09:34:16.998106] 🟢 smartorder-watchdog.service OK
[2025-10-25 09:34:47.281568] === SAFELOGIC GUARDIAN DIAG INIT ===
[2025-10-25 09:34:47.299149] 🟢 smartorder-proxy.service OK
[2025-10-25 09:34:47.303402] 🟢 smartorder-websync-bridge.service OK
[2025-10-25 09:34:47.313718] 🟢 smartorder-portal-v5.service OK
[2025-10-25 09:34:47.320401] 🟢 smartorder-watchdog.service OK
[2025-10-25 09:35:17.612777] === SAFELOGIC GUARDIAN DIAG INIT ===
[2025-10-25 09:35:17.620417] 🟢 smartorder-proxy.service OK
[2025-10-25 09:35:17.630677] 🟢 smartorder-websync-bridge.service OK
[2025-10-25 09:35:17.633832] 🟢 smartorder-portal-v5.service OK
[2025-10-25 09:35:17.636492] 🟢 smartorder-watchdog.service OK
[2025-10-25 09:35:47.925395] === SAFELOGIC GUARDIAN DIAG INIT ===
[2025-10-25 09:35:47.939544] 🟢 smartorder-proxy.service OK
[2025-10-25 09:35:47.944668] 🟢 smartorder-websync-bridge.service OK
[2025-10-25 09:35:47.949111] 🟢 smartorder-portal-v5.service OK
[2025-10-25 09:35:47.955832] 🟢 smartorder-watchdog.service OK
[2025-10-25 09:36:18.261317] === SAFELOGIC GUARDIAN DIAG INIT ===
[2025-10-25 09:36:18.269170] 🟢 smartorder-proxy.service OK
[2025-10-25 09:36:18.273018] 🟢 smartorder-websync-bridge.service OK
[2025-10-25 09:36:18.279729] 🟢 smartorder-portal-v5.service OK
[2025-10-25 09:36:18.286936] 🟢 smartorder-watchdog.service OK
[2025-10-25 09:36:48.597079] === SAFELOGIC GUARDIAN DIAG INIT ===
[2025-10-25 09:36:48.608043] 🟢 smartorder-proxy.service OK
[2025-10-25 09:36:48.612473] 🟢 smartorder-websync-bridge.service OK
[2025-10-25 09:36:48.620730] 🟢 smartorder-portal-v5.service OK
[2025-10-25 09:36:48.623530] 🟢 smartorder-watchdog.service OK
[2025-10-25 09:37:18.909700] === SAFELOGIC GUARDIAN DIAG INIT ===
[2025-10-25 09:37:18.916523] 🟢 smartorder-proxy.service OK
[2025-10-25 09:37:18.920753] 🟢 smartorder-websync-bridge.service OK
[2025-10-25 09:37:18.929071] 🟢 smartorder-portal-v5.service OK
[2025-10-25 09:37:18.933493] 🟢 smartorder-watchdog.service OK
[2025-10-25 09:37:49.303049] === SAFELOGIC GUARDIAN DIAG INIT ===
[2025-10-25 09:37:49.314929] 🟢 smartorder-proxy.service OK
[2025-10-25 09:37:49.317975] 🟢 smartorder-websync-bridge.service OK
[2025-10-25 09:37:49.320756] 🟢 smartorder-portal-v5.service OK
[2025-10-25 09:37:49.328875] 🟢 smartorder-watchdog.service OK
[2025-10-25 09:38:19.638737] === SAFELOGIC GUARDIAN DIAG INIT ===
[2025-10-25 09:38:19.656990] 🟢 smartorder-proxy.service OK
[2025-10-25 09:38:19.667259] 🟢 smartorder-websync-bridge.service OK
[2025-10-25 09:38:19.676929] 🟢 smartorder-portal-v5.service OK
[2025-10-25 09:38:19.684432] 🟢 smartorder-watchdog.service OK
[2025-10-25 09:38:49.920784] === SAFELOGIC GUARDIAN DIAG INIT ===
[2025-10-25 09:38:49.928564] 🟢 smartorder-proxy.service OK
[2025-10-25 09:38:49.932976] 🟢 smartorder-websync-bridge.service OK
[2025-10-25 09:38:49.936330] 🟢 smartorder-portal-v5.service OK
[2025-10-25 09:38:49.939963] 🟢 smartorder-watchdog.service OK
[2025-10-25 09:39:20.290505] === SAFELOGIC GUARDIAN DIAG INIT ===
[2025-10-25 09:39:20.300301] 🟢 smartorder-proxy.service OK
[2025-10-25 09:39:20.303726] 🟢 smartorder-websync-bridge.service OK
[2025-10-25 09:39:20.307565] 🟢 smartorder-portal-v5.service OK
[2025-10-25 09:39:20.313342] 🟢 smartorder-watchdog.service OK
[2025-10-25 09:39:50.607108] === SAFELOGIC GUARDIAN DIAG INIT ===
[2025-10-25 09:39:50.616792] 🟢 smartorder-proxy.service OK
[2025-10-25 09:39:50.620136] 🟢 smartorder-websync-bridge.service OK
[2025-10-25 09:39:50.626619] 🟢 smartorder-portal-v5.service OK
[2025-10-25 09:39:50.633692] 🟢 smartorder-watchdog.service OK
[2025-10-25 09:40:20.929717] === SAFELOGIC GUARDIAN DIAG INIT ===
[2025-10-25 09:40:20.943065] 🟢 smartorder-proxy.service OK
[2025-10-25 09:40:20.945846] 🟢 smartorder-websync-bridge.service OK
[2025-10-25 09:40:20.948728] 🟢 smartorder-portal-v5.service OK
[2025-10-25 09:40:20.951849] 🟢 smartorder-watchdog.service OK
[2025-10-25 09:40:51.217987] === SAFELOGIC GUARDIAN DIAG INIT ===
[2025-10-25 09:40:51.238050] 🟢 smartorder-proxy.service OK
[2025-10-25 09:40:51.244440] 🟢 smartorder-websync-bridge.service OK
[2025-10-25 09:40:51.248207] 🟢 smartorder-portal-v5.service OK
[2025-10-25 09:40:51.252162] 🟢 smartorder-watchdog.service OK
[2025-10-25 09:41:21.573595] === SAFELOGIC GUARDIAN DIAG INIT ===
[2025-10-25 09:41:21.584697] 🟢 smartorder-proxy.service OK
[2025-10-25 09:41:21.592489] 🟢 smartorder-websync-bridge.service OK
[2025-10-25 09:41:21.595634] 🟢 smartorder-portal-v5.service OK
[2025-10-25 09:41:21.604722] 🟢 smartorder-watchdog.service OK
[2025-10-25 09:41:51.905603] === SAFELOGIC GUARDIAN DIAG INIT ===
[2025-10-25 09:41:51.910897] 🟢 smartorder-proxy.service OK
[2025-10-25 09:41:51.916531] 🟢 smartorder-websync-bridge.service OK
[2025-10-25 09:41:51.924835] 🟢 smartorder-portal-v5.service OK
[2025-10-25 09:41:51.929061] 🟢 smartorder-watchdog.service OK
[2025-10-25 09:42:22.219775] === SAFELOGIC GUARDIAN DIAG INIT ===
[2025-10-25 09:42:22.235742] 🟢 smartorder-proxy.service OK
[2025-10-25 09:42:22.239148] 🟢 smartorder-websync-bridge.service OK
[2025-10-25 09:42:22.244901] 🟢 smartorder-portal-v5.service OK
[2025-10-25 09:42:22.253891] 🟢 smartorder-watchdog.service OK
[2025-10-25 09:42:52.550530] === SAFELOGIC GUARDIAN DIAG INIT ===
[2025-10-25 09:42:52.569284] 🟢 smartorder-proxy.service OK
[2025-10-25 09:42:52.572739] 🟢 smartorder-websync-bridge.service OK
[2025-10-25 09:42:52.579793] 🟢 smartorder-portal-v5.service OK
[2025-10-25 09:42:52.585386] 🟢 smartorder-watchdog.service OK
[2025-10-25 09:43:22.862393] === SAFELOGIC GUARDIAN DIAG INIT ===
[2025-10-25 09:43:22.876514] 🟢 smartorder-proxy.service OK
[2025-10-25 09:43:22.879613] 🟢 smartorder-websync-bridge.service OK
[2025-10-25 09:43:22.886847] 🟢 smartorder-portal-v5.service OK
[2025-10-25 09:43:22.890756] 🟢 smartorder-watchdog.service OK
[2025-10-25 09:43:53.194478] === SAFELOGIC GUARDIAN DIAG INIT ===
[2025-10-25 09:43:53.203719] 🟢 smartorder-proxy.service OK
[2025-10-25 09:43:53.210781] 🟢 smartorder-websync-bridge.service OK
[2025-10-25 09:43:53.216380] 🟢 smartorder-portal-v5.service OK
[2025-10-25 09:43:53.219878] 🟢 smartorder-watchdog.service OK
[2025-10-25 09:44:23.524637] === SAFELOGIC GUARDIAN DIAG INIT ===
[2025-10-25 09:44:23.529778] 🟢 smartorder-proxy.service OK
[2025-10-25 09:44:23.532715] ⚠️ smartorder-websync-bridge.service inactif — redémarrage...
[2025-10-25 09:44:26.561536] ✅ smartorder-websync-bridge.service restauré avec succès.
[2025-10-25 09:44:26.567272] 🟢 smartorder-portal-v5.service OK
[2025-10-25 09:44:26.571321] 🟢 smartorder-watchdog.service OK
[2025-10-25 09:44:53.813717] === SAFELOGIC GUARDIAN DIAG INIT ===
[2025-10-25 09:44:53.829006] 🟢 smartorder-proxy.service OK
[2025-10-25 09:44:53.831923] 🟢 smartorder-websync-bridge.service OK
[2025-10-25 09:44:53.835034] 🟢 smartorder-portal-v5.service OK
[2025-10-25 09:44:53.840853] 🟢 smartorder-watchdog.service OK
[2025-10-25 09:45:24.090494] === SAFELOGIC GUARDIAN DIAG INIT ===
[2025-10-25 09:45:24.098090] 🟢 smartorder-proxy.service OK
[2025-10-25 09:45:24.100876] 🟢 smartorder-websync-bridge.service OK
[2025-10-25 09:45:24.103723] 🟢 smartorder-portal-v5.service OK
[2025-10-25 09:45:24.109265] 🟢 smartorder-watchdog.service OK
[2025-10-25 09:45:54.430349] === SAFELOGIC GUARDIAN DIAG INIT ===
[2025-10-25 09:45:54.448757] 🟢 smartorder-proxy.service OK
[2025-10-25 09:45:54.455785] 🟢 smartorder-websync-bridge.service OK
[2025-10-25 09:45:54.463700] 🟢 smartorder-portal-v5.service OK
[2025-10-25 09:45:54.470278] 🟢 smartorder-watchdog.service OK
[2025-10-25 09:46:24.755062] === SAFELOGIC GUARDIAN DIAG INIT ===
[2025-10-25 09:46:24.774072] 🟢 smartorder-proxy.service OK
[2025-10-25 09:46:24.784544] 🟢 smartorder-websync-bridge.service OK
[2025-10-25 09:46:24.791572] 🟢 smartorder-portal-v5.service OK
[2025-10-25 09:46:24.795079] 🟢 smartorder-watchdog.service OK
[2025-10-25 09:46:55.067263] === SAFELOGIC GUARDIAN DIAG INIT ===
[2025-10-25 09:46:55.084206] 🟢 smartorder-proxy.service OK
[2025-10-25 09:46:55.088706] 🟢 smartorder-websync-bridge.service OK
[2025-10-25 09:46:55.092039] 🟢 smartorder-portal-v5.service OK
[2025-10-25 09:46:55.097659] 🟢 smartorder-watchdog.service OK
[2025-10-25 09:47:25.391413] === SAFELOGIC GUARDIAN DIAG INIT ===
[2025-10-25 09:47:25.399045] 🟢 smartorder-proxy.service OK
[2025-10-25 09:47:25.403275] 🟢 smartorder-websync-bridge.service OK
[2025-10-25 09:47:25.407564] 🟢 smartorder-portal-v5.service OK
[2025-10-25 09:47:25.411780] 🟢 smartorder-watchdog.service OK
[2025-10-25 09:47:55.713027] === SAFELOGIC GUARDIAN DIAG INIT ===
[2025-10-25 09:47:55.732379] 🟢 smartorder-proxy.service OK
[2025-10-25 09:47:55.736071] 🟢 smartorder-websync-bridge.service OK
[2025-10-25 09:47:55.740972] 🟢 smartorder-portal-v5.service OK
[2025-10-25 09:47:55.753079] 🟢 smartorder-watchdog.service OK
[2025-10-25 09:48:26.405848] === SAFELOGIC GUARDIAN DIAG INIT ===
[2025-10-25 09:48:26.440978] 🟢 smartorder-proxy.service OK
[2025-10-25 09:48:26.449314] 🟢 smartorder-websync-bridge.service OK
[2025-10-25 09:48:26.501399] 🟢 smartorder-portal-v5.service OK
[2025-10-25 09:48:26.504681] 🟢 smartorder-watchdog.service OK
[2025-10-25 09:48:56.675612] === SAFELOGIC GUARDIAN DIAG INIT ===
[2025-10-25 09:48:56.692425] 🟢 smartorder-proxy.service OK
[2025-10-25 09:48:56.696405] 🟢 smartorder-websync-bridge.service OK
[2025-10-25 09:48:56.703134] 🟢 smartorder-portal-v5.service OK
[2025-10-25 09:48:56.706349] 🟢 smartorder-watchdog.service OK
[2025-10-25 09:49:26.994497] === SAFELOGIC GUARDIAN DIAG INIT ===
[2025-10-25 09:49:27.013027] 🟢 smartorder-proxy.service OK
[2025-10-25 09:49:27.024375] 🟢 smartorder-websync-bridge.service OK
[2025-10-25 09:49:27.029159] 🟢 smartorder-portal-v5.service OK
[2025-10-25 09:49:27.036217] 🟢 smartorder-watchdog.service OK
[2025-10-25 09:49:57.394496] === SAFELOGIC GUARDIAN DIAG INIT ===
[2025-10-25 09:49:57.415021] 🟢 smartorder-proxy.service OK
[2025-10-25 09:49:57.417758] 🟢 smartorder-websync-bridge.service OK
[2025-10-25 09:49:57.420141] 🟢 smartorder-portal-v5.service OK
[2025-10-25 09:49:57.428879] 🟢 smartorder-watchdog.service OK
[2025-10-25 09:50:27.700964] === SAFELOGIC GUARDIAN DIAG INIT ===
[2025-10-25 09:50:27.710724] 🟢 smartorder-proxy.service OK
[2025-10-25 09:50:27.715530] 🟢 smartorder-websync-bridge.service OK
[2025-10-25 09:50:27.718437] 🟢 smartorder-portal-v5.service OK
[2025-10-25 09:50:27.722813] 🟢 smartorder-watchdog.service OK
[2025-10-25 09:50:58.038297] === SAFELOGIC GUARDIAN DIAG INIT ===
[2025-10-25 09:50:58.052557] 🟢 smartorder-proxy.service OK
[2025-10-25 09:50:58.059045] 🟢 smartorder-websync-bridge.service OK
[2025-10-25 09:50:58.068024] 🟢 smartorder-portal-v5.service OK
[2025-10-25 09:50:58.071449] 🟢 smartorder-watchdog.service OK
[2025-10-25 09:51:28.330823] === SAFELOGIC GUARDIAN DIAG INIT ===
[2025-10-25 09:51:28.344239] 🟢 smartorder-proxy.service OK
[2025-10-25 09:51:28.347163] 🟢 smartorder-websync-bridge.service OK
[2025-10-25 09:51:28.349852] 🟢 smartorder-portal-v5.service OK
[2025-10-25 09:51:28.352555] 🟢 smartorder-watchdog.service OK
[2025-10-25 09:51:58.599437] === SAFELOGIC GUARDIAN DIAG INIT ===
[2025-10-25 09:51:58.614541] 🟢 smartorder-proxy.service OK
[2025-10-25 09:51:58.619581] 🟢 smartorder-websync-bridge.service OK
[2025-10-25 09:51:58.623856] 🟢 smartorder-portal-v5.service OK
[2025-10-25 09:51:58.628405] 🟢 smartorder-watchdog.service OK
[2025-10-25 09:52:28.935402] === SAFELOGIC GUARDIAN DIAG INIT ===
[2025-10-25 09:52:28.945611] 🟢 smartorder-proxy.service OK
[2025-10-25 09:52:28.955325] 🟢 smartorder-websync-bridge.service OK
[2025-10-25 09:52:28.968607] 🟢 smartorder-portal-v5.service OK
[2025-10-25 09:52:28.976525] 🟢 smartorder-watchdog.service OK
[2025-10-25 09:52:59.251150] === SAFELOGIC GUARDIAN DIAG INIT ===
[2025-10-25 09:52:59.264708] 🟢 smartorder-proxy.service OK
[2025-10-25 09:52:59.270907] 🟢 smartorder-websync-bridge.service OK
[2025-10-25 09:52:59.278961] 🟢 smartorder-portal-v5.service OK
[2025-10-25 09:52:59.283742] 🟢 smartorder-watchdog.service OK
[2025-10-25 09:53:29.556627] === SAFELOGIC GUARDIAN DIAG INIT ===
[2025-10-25 09:53:29.568368] 🟢 smartorder-proxy.service OK
[2025-10-25 09:53:29.576662] 🟢 smartorder-websync-bridge.service OK
[2025-10-25 09:53:29.580894] 🟢 smartorder-portal-v5.service OK
[2025-10-25 09:53:29.584080] 🟢 smartorder-watchdog.service OK
[2025-10-25 09:53:59.869933] === SAFELOGIC GUARDIAN DIAG INIT ===
[2025-10-25 09:53:59.884518] 🟢 smartorder-proxy.service OK
[2025-10-25 09:53:59.888484] 🟢 smartorder-websync-bridge.service OK
[2025-10-25 09:53:59.895240] 🟢 smartorder-portal-v5.service OK
[2025-10-25 09:53:59.906449] 🟢 smartorder-watchdog.service OK
[2025-10-25 09:54:30.240956] === SAFELOGIC GUARDIAN DIAG INIT ===
[2025-10-25 09:54:30.256531] 🟢 smartorder-proxy.service OK
[2025-10-25 09:54:30.262992] 🟢 smartorder-websync-bridge.service OK
[2025-10-25 09:54:30.280422] 🟢 smartorder-portal-v5.service OK
[2025-10-25 09:54:30.284372] 🟢 smartorder-watchdog.service OK
[2025-10-25 09:55:00.525190] === SAFELOGIC GUARDIAN DIAG INIT ===
[2025-10-25 09:55:00.533186] 🟢 smartorder-proxy.service OK
[2025-10-25 09:55:00.536440] 🟢 smartorder-websync-bridge.service OK
[2025-10-25 09:55:00.542062] 🟢 smartorder-portal-v5.service OK
[2025-10-25 09:55:00.547424] 🟢 smartorder-watchdog.service OK
[2025-10-25 09:55:30.846639] === SAFELOGIC GUARDIAN DIAG INIT ===
[2025-10-25 09:55:30.858392] 🟢 smartorder-proxy.service OK
[2025-10-25 09:55:30.873041] 🟢 smartorder-websync-bridge.service OK
[2025-10-25 09:55:30.884790] 🟢 smartorder-portal-v5.service OK
[2025-10-25 09:55:30.900646] 🟢 smartorder-watchdog.service OK
[2025-10-25 09:56:01.165239] === SAFELOGIC GUARDIAN DIAG INIT ===
[2025-10-25 09:56:01.169077] 🟢 smartorder-proxy.service OK
[2025-10-25 09:56:01.176993] 🟢 smartorder-websync-bridge.service OK
[2025-10-25 09:56:01.180412] 🟢 smartorder-portal-v5.service OK
[2025-10-25 09:56:01.185008] 🟢 smartorder-watchdog.service OK
[2025-10-25 09:56:31.521879] === SAFELOGIC GUARDIAN DIAG INIT ===
[2025-10-25 09:56:31.529454] 🟢 smartorder-proxy.service OK
[2025-10-25 09:56:31.536585] 🟢 smartorder-websync-bridge.service OK
[2025-10-25 09:56:31.546037] 🟢 smartorder-portal-v5.service OK
[2025-10-25 09:56:31.558503] 🟢 smartorder-watchdog.service OK
[2025-10-25 09:57:01.836875] === SAFELOGIC GUARDIAN DIAG INIT ===
[2025-10-25 09:57:01.839815] 🟢 smartorder-proxy.service OK
[2025-10-25 09:57:01.842179] 🟢 smartorder-websync-bridge.service OK
[2025-10-25 09:57:01.848506] 🟢 smartorder-portal-v5.service OK
[2025-10-25 09:57:01.850814] 🟢 smartorder-watchdog.service OK
[2025-10-25 09:57:32.163944] === SAFELOGIC GUARDIAN DIAG INIT ===
[2025-10-25 09:57:32.177923] 🟢 smartorder-proxy.service OK
[2025-10-25 09:57:32.181696] 🟢 smartorder-websync-bridge.service OK
[2025-10-25 09:57:32.185188] 🟢 smartorder-portal-v5.service OK
[2025-10-25 09:57:32.193449] 🟢 smartorder-watchdog.service OK
[2025-10-25 09:58:02.462077] === SAFELOGIC GUARDIAN DIAG INIT ===
[2025-10-25 09:58:02.470985] 🟢 smartorder-proxy.service OK
[2025-10-25 09:58:02.478669] 🟢 smartorder-websync-bridge.service OK
[2025-10-25 09:58:02.481642] 🟢 smartorder-portal-v5.service OK
[2025-10-25 09:58:02.485148] 🟢 smartorder-watchdog.service OK
[2025-10-25 09:58:32.728809] === SAFELOGIC GUARDIAN DIAG INIT ===
[2025-10-25 09:58:32.742896] 🟢 smartorder-proxy.service OK
[2025-10-25 09:58:32.748240] 🟢 smartorder-websync-bridge.service OK
[2025-10-25 09:58:32.754788] 🟢 smartorder-portal-v5.service OK
[2025-10-25 09:58:32.758894] 🟢 smartorder-watchdog.service OK
[2025-10-25 09:59:03.072757] === SAFELOGIC GUARDIAN DIAG INIT ===
[2025-10-25 09:59:03.078536] 🟢 smartorder-proxy.service OK
[2025-10-25 09:59:03.086773] 🟢 smartorder-websync-bridge.service OK
[2025-10-25 09:59:03.097100] 🟢 smartorder-portal-v5.service OK
[2025-10-25 09:59:03.105362] 🟢 smartorder-watchdog.service OK
[2025-10-25 09:59:33.395554] === SAFELOGIC GUARDIAN DIAG INIT ===
[2025-10-25 09:59:33.401357] 🟢 smartorder-proxy.service OK
[2025-10-25 09:59:33.409183] 🟢 smartorder-websync-bridge.service OK
[2025-10-25 09:59:33.412280] 🟢 smartorder-portal-v5.service OK
[2025-10-25 09:59:33.416861] 🟢 smartorder-watchdog.service OK
[2025-10-25 10:00:03.817165] === SAFELOGIC GUARDIAN DIAG INIT ===
[2025-10-25 10:00:03.834660] 🟢 smartorder-proxy.service OK
[2025-10-25 10:00:03.840588] 🟢 smartorder-websync-bridge.service OK
[2025-10-25 10:00:03.850234] 🟢 smartorder-portal-v5.service OK
[2025-10-25 10:00:03.858802] 🟢 smartorder-watchdog.service OK
[2025-10-25 10:00:34.176947] === SAFELOGIC GUARDIAN DIAG INIT ===
[2025-10-25 10:00:34.190978] 🟢 smartorder-proxy.service OK
[2025-10-25 10:00:34.206663] 🟢 smartorder-websync-bridge.service OK
[2025-10-25 10:00:34.215458] 🟢 smartorder-portal-v5.service OK
[2025-10-25 10:00:34.226298] 🟢 smartorder-watchdog.service OK
[2025-10-25 10:01:04.663754] === SAFELOGIC GUARDIAN DIAG INIT ===
[2025-10-25 10:01:04.683249] 🟢 smartorder-proxy.service OK
[2025-10-25 10:01:04.691001] 🟢 smartorder-websync-bridge.service OK
[2025-10-25 10:01:04.702317] 🟢 smartorder-portal-v5.service OK
[2025-10-25 10:01:04.706277] 🟢 smartorder-watchdog.service OK
[2025-10-25 10:01:35.014332] === SAFELOGIC GUARDIAN DIAG INIT ===
[2025-10-25 10:01:35.022498] 🟢 smartorder-proxy.service OK
[2025-10-25 10:01:35.029211] 🟢 smartorder-websync-bridge.service OK
[2025-10-25 10:01:35.032382] 🟢 smartorder-portal-v5.service OK
[2025-10-25 10:01:35.039078] 🟢 smartorder-watchdog.service OK
[2025-10-25 10:02:05.357118] === SAFELOGIC GUARDIAN DIAG INIT ===
[2025-10-25 10:02:05.364591] 🟢 smartorder-proxy.service OK
[2025-10-25 10:02:05.373272] 🟢 smartorder-websync-bridge.service OK
[2025-10-25 10:02:05.379103] 🟢 smartorder-portal-v5.service OK
[2025-10-25 10:02:05.384931] 🟢 smartorder-watchdog.service OK
[2025-10-25 10:02:35.725730] === SAFELOGIC GUARDIAN DIAG INIT ===
[2025-10-25 10:02:35.730709] 🟢 smartorder-proxy.service OK
[2025-10-25 10:02:35.742698] 🟢 smartorder-websync-bridge.service OK
[2025-10-25 10:02:35.760904] 🟢 smartorder-portal-v5.service OK
[2025-10-25 10:02:35.773542] 🟢 smartorder-watchdog.service OK
[2025-10-25 10:03:06.059753] === SAFELOGIC GUARDIAN DIAG INIT ===
[2025-10-25 10:03:06.077824] 🟢 smartorder-proxy.service OK
[2025-10-25 10:03:06.092524] 🟢 smartorder-websync-bridge.service OK
[2025-10-25 10:03:06.100821] 🟢 smartorder-portal-v5.service OK
[2025-10-25 10:03:06.108753] 🟢 smartorder-watchdog.service OK
[2025-10-25 10:03:36.365061] === SAFELOGIC GUARDIAN DIAG INIT ===
[2025-10-25 10:03:36.382653] 🟢 smartorder-proxy.service OK
[2025-10-25 10:03:36.385843] 🟢 smartorder-websync-bridge.service OK
[2025-10-25 10:03:36.392963] 🟢 smartorder-portal-v5.service OK
[2025-10-25 10:03:36.401144] 🟢 smartorder-watchdog.service OK
[2025-10-25 10:04:06.746371] === SAFELOGIC GUARDIAN DIAG INIT ===
[2025-10-25 10:04:06.779891] 🟢 smartorder-proxy.service OK
[2025-10-25 10:04:06.783406] 🟢 smartorder-websync-bridge.service OK
[2025-10-25 10:04:06.786768] 🟢 smartorder-portal-v5.service OK
[2025-10-25 10:04:06.791330] 🟢 smartorder-watchdog.service OK
[2025-10-25 10:04:37.030327] === SAFELOGIC GUARDIAN DIAG INIT ===
[2025-10-25 10:04:37.041575] 🟢 smartorder-proxy.service OK
[2025-10-25 10:04:37.044333] 🟢 smartorder-websync-bridge.service OK
[2025-10-25 10:04:37.047756] 🟢 smartorder-portal-v5.service OK
[2025-10-25 10:04:37.051141] 🟢 smartorder-watchdog.service OK
[2025-10-25 10:05:07.408206] === SAFELOGIC GUARDIAN DIAG INIT ===
[2025-10-25 10:05:07.417502] 🟢 smartorder-proxy.service OK
[2025-10-25 10:05:07.426172] 🟢 smartorder-websync-bridge.service OK
[2025-10-25 10:05:07.435393] 🟢 smartorder-portal-v5.service OK
[2025-10-25 10:05:07.440089] 🟢 smartorder-watchdog.service OK
[2025-10-25 10:05:37.681247] === SAFELOGIC GUARDIAN DIAG INIT ===
[2025-10-25 10:05:37.687665] 🟢 smartorder-proxy.service OK
[2025-10-25 10:05:37.704966] 🟢 smartorder-websync-bridge.service OK
[2025-10-25 10:05:37.709083] 🟢 smartorder-portal-v5.service OK
[2025-10-25 10:05:37.724187] 🟢 smartorder-watchdog.service OK
[2025-10-25 10:06:07.963950] === SAFELOGIC GUARDIAN DIAG INIT ===
[2025-10-25 10:06:07.972034] 🟢 smartorder-proxy.service OK
[2025-10-25 10:06:07.977768] 🟢 smartorder-websync-bridge.service OK
[2025-10-25 10:06:07.982562] 🟢 smartorder-portal-v5.service OK
[2025-10-25 10:06:07.987370] 🟢 smartorder-watchdog.service OK
[2025-10-25 10:06:38.263499] === SAFELOGIC GUARDIAN DIAG INIT ===
[2025-10-25 10:06:38.281075] 🟢 smartorder-proxy.service OK
[2025-10-25 10:06:38.285587] 🟢 smartorder-websync-bridge.service OK
[2025-10-25 10:06:38.289917] 🟢 smartorder-portal-v5.service OK
[2025-10-25 10:06:38.294091] 🟢 smartorder-watchdog.service OK
[2025-10-25 10:07:08.607478] === SAFELOGIC GUARDIAN DIAG INIT ===
[2025-10-25 10:07:08.622044] 🟢 smartorder-proxy.service OK
[2025-10-25 10:07:08.629378] 🟢 smartorder-websync-bridge.service OK
[2025-10-25 10:07:08.634995] 🟢 smartorder-portal-v5.service OK
[2025-10-25 10:07:08.640850] 🟢 smartorder-watchdog.service OK
[2025-10-25 10:07:38.940027] === SAFELOGIC GUARDIAN DIAG INIT ===
[2025-10-25 10:07:38.954479] 🟢 smartorder-proxy.service OK
[2025-10-25 10:07:38.961926] 🟢 smartorder-websync-bridge.service OK
[2025-10-25 10:07:38.968350] 🟢 smartorder-portal-v5.service OK
[2025-10-25 10:07:38.975930] 🟢 smartorder-watchdog.service OK
[2025-10-25 10:08:09.312993] === SAFELOGIC GUARDIAN DIAG INIT ===
[2025-10-25 10:08:09.326209] 🟢 smartorder-proxy.service OK
[2025-10-25 10:08:09.332455] 🟢 smartorder-websync-bridge.service OK
[2025-10-25 10:08:09.344943] 🟢 smartorder-portal-v5.service OK
[2025-10-25 10:08:09.348288] 🟢 smartorder-watchdog.service OK
[2025-10-25 10:08:39.586495] === SAFELOGIC GUARDIAN DIAG INIT ===
[2025-10-25 10:08:39.601710] 🟢 smartorder-proxy.service OK
[2025-10-25 10:08:39.605813] 🟢 smartorder-websync-bridge.service OK
[2025-10-25 10:08:39.618378] 🟢 smartorder-portal-v5.service OK
[2025-10-25 10:08:39.641537] 🟢 smartorder-watchdog.service OK
[2025-10-25 10:09:09.931861] === SAFELOGIC GUARDIAN DIAG INIT ===
[2025-10-25 10:09:09.943228] 🟢 smartorder-proxy.service OK
[2025-10-25 10:09:09.946541] ⚠️ smartorder-websync-bridge.service inactif — redémarrage...
[2025-10-25 10:09:12.989194] ✅ smartorder-websync-bridge.service restauré avec succès.
[2025-10-25 10:09:12.992306] 🟢 smartorder-portal-v5.service OK
[2025-10-25 10:09:12.995016] 🟢 smartorder-watchdog.service OK
[2025-10-25 10:09:40.262285] === SAFELOGIC GUARDIAN DIAG INIT ===
[2025-10-25 10:09:40.274742] 🟢 smartorder-proxy.service OK
[2025-10-25 10:09:40.279223] 🟢 smartorder-websync-bridge.service OK
[2025-10-25 10:09:40.284856] 🟢 smartorder-portal-v5.service OK
[2025-10-25 10:09:40.289086] 🟢 smartorder-watchdog.service OK
[2025-10-25 10:10:10.611930] === SAFELOGIC GUARDIAN DIAG INIT ===
[2025-10-25 10:10:10.625480] 🟢 smartorder-proxy.service OK
[2025-10-25 10:10:10.629002] 🟢 smartorder-websync-bridge.service OK
[2025-10-25 10:10:10.633440] 🟢 smartorder-portal-v5.service OK
[2025-10-25 10:10:10.641077] 🟢 smartorder-watchdog.service OK
[2025-10-25 10:10:40.902491] === SAFELOGIC GUARDIAN DIAG INIT ===
[2025-10-25 10:10:40.909386] 🟢 smartorder-proxy.service OK
[2025-10-25 10:10:40.914134] 🟢 smartorder-websync-bridge.service OK
[2025-10-25 10:10:40.918829] 🟢 smartorder-portal-v5.service OK
[2025-10-25 10:10:40.924488] 🟢 smartorder-watchdog.service OK
[2025-10-25 10:11:11.253865] === SAFELOGIC GUARDIAN DIAG INIT ===
[2025-10-25 10:11:11.272469] 🟢 smartorder-proxy.service OK
[2025-10-25 10:11:11.275316] 🟢 smartorder-websync-bridge.service OK
[2025-10-25 10:11:11.278143] 🟢 smartorder-portal-v5.service OK
[2025-10-25 10:11:11.283086] 🟢 smartorder-watchdog.service OK
[2025-10-25 10:11:41.553774] === SAFELOGIC GUARDIAN DIAG INIT ===
[2025-10-25 10:11:41.564942] 🟢 smartorder-proxy.service OK
[2025-10-25 10:11:41.570433] 🟢 smartorder-websync-bridge.service OK
[2025-10-25 10:11:41.573516] 🟢 smartorder-portal-v5.service OK
[2025-10-25 10:11:41.580937] 🟢 smartorder-watchdog.service OK
[2025-10-25 10:12:11.932382] === SAFELOGIC GUARDIAN DIAG INIT ===
[2025-10-25 10:12:11.951855] 🟢 smartorder-proxy.service OK
[2025-10-25 10:12:11.955107] 🟢 smartorder-websync-bridge.service OK
[2025-10-25 10:12:11.962949] 🟢 smartorder-portal-v5.service OK
[2025-10-25 10:12:11.974736] 🟢 smartorder-watchdog.service OK
[2025-10-25 10:12:42.301276] === SAFELOGIC GUARDIAN DIAG INIT ===
[2025-10-25 10:12:42.307736] 🟢 smartorder-proxy.service OK
[2025-10-25 10:12:42.310847] 🟢 smartorder-websync-bridge.service OK
[2025-10-25 10:12:42.321419] 🟢 smartorder-portal-v5.service OK
[2025-10-25 10:12:42.325437] 🟢 smartorder-watchdog.service OK
[2025-10-25 10:13:12.596455] === SAFELOGIC GUARDIAN DIAG INIT ===
[2025-10-25 10:13:12.600722] 🟢 smartorder-proxy.service OK
[2025-10-25 10:13:12.603483] 🟢 smartorder-websync-bridge.service OK
[2025-10-25 10:13:12.606104] 🟢 smartorder-portal-v5.service OK
[2025-10-25 10:13:12.608929] 🟢 smartorder-watchdog.service OK
[2025-10-25 10:13:42.915434] === SAFELOGIC GUARDIAN DIAG INIT ===
[2025-10-25 10:13:42.924762] 🟢 smartorder-proxy.service OK
[2025-10-25 10:13:42.933328] 🟢 smartorder-websync-bridge.service OK
[2025-10-25 10:13:42.939319] 🟢 smartorder-portal-v5.service OK
[2025-10-25 10:13:42.946388] 🟢 smartorder-watchdog.service OK
[2025-10-25 10:14:13.219523] === SAFELOGIC GUARDIAN DIAG INIT ===
[2025-10-25 10:14:13.233157] 🟢 smartorder-proxy.service OK
[2025-10-25 10:14:13.236925] 🟢 smartorder-websync-bridge.service OK
[2025-10-25 10:14:13.250334] 🟢 smartorder-portal-v5.service OK
[2025-10-25 10:14:13.269823] 🟢 smartorder-watchdog.service OK
[2025-10-25 10:14:43.564031] === SAFELOGIC GUARDIAN DIAG INIT ===
[2025-10-25 10:14:43.578886] 🟢 smartorder-proxy.service OK
[2025-10-25 10:14:43.587874] 🟢 smartorder-websync-bridge.service OK
[2025-10-25 10:14:43.597336] 🟢 smartorder-portal-v5.service OK
[2025-10-25 10:14:43.605228] 🟢 smartorder-watchdog.service OK
[2025-10-25 10:15:13.884090] === SAFELOGIC GUARDIAN DIAG INIT ===
[2025-10-25 10:15:13.900928] 🟢 smartorder-proxy.service OK
[2025-10-25 10:15:13.914462] 🟢 smartorder-websync-bridge.service OK
[2025-10-25 10:15:13.917206] 🟢 smartorder-portal-v5.service OK
[2025-10-25 10:15:13.919923] 🟢 smartorder-watchdog.service OK
[2025-10-25 10:15:44.217713] === SAFELOGIC GUARDIAN DIAG INIT ===
[2025-10-25 10:15:44.225420] 🟢 smartorder-proxy.service OK
[2025-10-25 10:15:44.230267] 🟢 smartorder-websync-bridge.service OK
[2025-10-25 10:15:44.238482] 🟢 smartorder-portal-v5.service OK
[2025-10-25 10:15:44.246395] 🟢 smartorder-watchdog.service OK
[2025-10-25 10:16:14.526228] === SAFELOGIC GUARDIAN DIAG INIT ===
[2025-10-25 10:16:14.533019] 🟢 smartorder-proxy.service OK
[2025-10-25 10:16:14.536946] 🟢 smartorder-websync-bridge.service OK
[2025-10-25 10:16:14.544897] 🟢 smartorder-portal-v5.service OK
[2025-10-25 10:16:14.547562] 🟢 smartorder-watchdog.service OK
[2025-10-25 10:16:44.846083] === SAFELOGIC GUARDIAN DIAG INIT ===
[2025-10-25 10:16:44.855576] 🟢 smartorder-proxy.service OK
[2025-10-25 10:16:44.859685] 🟢 smartorder-websync-bridge.service OK
[2025-10-25 10:16:44.863603] 🟢 smartorder-portal-v5.service OK
[2025-10-25 10:16:44.866446] 🟢 smartorder-watchdog.service OK
[2025-10-25 10:17:15.146234] === SAFELOGIC GUARDIAN DIAG INIT ===
[2025-10-25 10:17:15.150874] 🟢 smartorder-proxy.service OK
[2025-10-25 10:17:15.154943] 🟢 smartorder-websync-bridge.service OK
[2025-10-25 10:17:15.159714] 🟢 smartorder-portal-v5.service OK
[2025-10-25 10:17:15.163799] 🟢 smartorder-watchdog.service OK
[2025-10-25 10:17:45.437642] === SAFELOGIC GUARDIAN DIAG INIT ===
[2025-10-25 10:17:45.441900] 🟢 smartorder-proxy.service OK
[2025-10-25 10:17:45.445171] 🟢 smartorder-websync-bridge.service OK
[2025-10-25 10:17:45.453187] 🟢 smartorder-portal-v5.service OK
[2025-10-25 10:17:45.456629] 🟢 smartorder-watchdog.service OK
[2025-10-25 10:18:15.755106] === SAFELOGIC GUARDIAN DIAG INIT ===
[2025-10-25 10:18:15.764896] 🟢 smartorder-proxy.service OK
[2025-10-25 10:18:15.772373] 🟢 smartorder-websync-bridge.service OK
[2025-10-25 10:18:15.782187] 🟢 smartorder-portal-v5.service OK
[2025-10-25 10:18:15.789012] 🟢 smartorder-watchdog.service OK
[2025-10-25 10:18:46.052231] === SAFELOGIC GUARDIAN DIAG INIT ===
[2025-10-25 10:18:46.072102] 🟢 smartorder-proxy.service OK
[2025-10-25 10:18:46.074577] 🟢 smartorder-websync-bridge.service OK
[2025-10-25 10:18:46.076887] 🟢 smartorder-portal-v5.service OK
[2025-10-25 10:18:46.081076] 🟢 smartorder-watchdog.service OK
[2025-10-25 10:19:16.367196] === SAFELOGIC GUARDIAN DIAG INIT ===
[2025-10-25 10:19:16.386261] 🟢 smartorder-proxy.service OK
[2025-10-25 10:19:16.396458] 🟢 smartorder-websync-bridge.service OK
[2025-10-25 10:19:16.401692] 🟢 smartorder-portal-v5.service OK
[2025-10-25 10:19:16.408556] 🟢 smartorder-watchdog.service OK
[2025-10-25 10:19:46.706601] === SAFELOGIC GUARDIAN DIAG INIT ===
[2025-10-25 10:19:46.714895] 🟢 smartorder-proxy.service OK
[2025-10-25 10:19:46.724389] 🟢 smartorder-websync-bridge.service OK
[2025-10-25 10:19:46.728357] 🟢 smartorder-portal-v5.service OK
[2025-10-25 10:19:46.733350] 🟢 smartorder-watchdog.service OK
[2025-10-25 10:20:17.013486] === SAFELOGIC GUARDIAN DIAG INIT ===
[2025-10-25 10:20:17.021488] 🟢 smartorder-proxy.service OK
[2025-10-25 10:20:17.024553] 🟢 smartorder-websync-bridge.service OK
[2025-10-25 10:20:17.027398] 🟢 smartorder-portal-v5.service OK
[2025-10-25 10:20:17.035763] 🟢 smartorder-watchdog.service OK
[2025-10-25 10:20:47.343186] === SAFELOGIC GUARDIAN DIAG INIT ===
[2025-10-25 10:20:47.356627] 🟢 smartorder-proxy.service OK
[2025-10-25 10:20:47.367052] 🟢 smartorder-websync-bridge.service OK
[2025-10-25 10:20:47.372692] 🟢 smartorder-portal-v5.service OK
[2025-10-25 10:20:47.381511] 🟢 smartorder-watchdog.service OK
[2025-10-25 10:21:17.681830] === SAFELOGIC GUARDIAN DIAG INIT ===
[2025-10-25 10:21:17.696371] 🟢 smartorder-proxy.service OK
[2025-10-25 10:21:17.702446] 🟢 smartorder-websync-bridge.service OK
[2025-10-25 10:21:17.706314] 🟢 smartorder-portal-v5.service OK
[2025-10-25 10:21:17.709981] 🟢 smartorder-watchdog.service OK
[2025-10-25 10:21:48.027688] === SAFELOGIC GUARDIAN DIAG INIT ===
[2025-10-25 10:21:48.045254] 🟢 smartorder-proxy.service OK
[2025-10-25 10:21:48.052631] 🟢 smartorder-websync-bridge.service OK
[2025-10-25 10:21:48.055408] 🟢 smartorder-portal-v5.service OK
[2025-10-25 10:21:48.064976] 🟢 smartorder-watchdog.service OK
[2025-10-25 10:22:18.293653] === SAFELOGIC GUARDIAN DIAG INIT ===
[2025-10-25 10:22:18.313166] 🟢 smartorder-proxy.service OK
[2025-10-25 10:22:18.316231] 🟢 smartorder-websync-bridge.service OK
[2025-10-25 10:22:18.320943] 🟢 smartorder-portal-v5.service OK
[2025-10-25 10:22:18.324937] 🟢 smartorder-watchdog.service OK
[2025-10-25 10:22:48.692137] === SAFELOGIC GUARDIAN DIAG INIT ===
[2025-10-25 10:22:48.701230] 🟢 smartorder-proxy.service OK
[2025-10-25 10:22:48.711163] 🟢 smartorder-websync-bridge.service OK
[2025-10-25 10:22:48.717343] 🟢 smartorder-portal-v5.service OK
[2025-10-25 10:22:48.722791] 🟢 smartorder-watchdog.service OK
[2025-10-25 10:23:18.971893] === SAFELOGIC GUARDIAN DIAG INIT ===
[2025-10-25 10:23:18.983225] 🟢 smartorder-proxy.service OK
[2025-10-25 10:23:18.989927] 🟢 smartorder-websync-bridge.service OK
[2025-10-25 10:23:18.997113] 🟢 smartorder-portal-v5.service OK
[2025-10-25 10:23:19.000407] 🟢 smartorder-watchdog.service OK
[2025-10-25 10:23:49.282197] === SAFELOGIC GUARDIAN DIAG INIT ===
[2025-10-25 10:23:49.291301] 🟢 smartorder-proxy.service OK
[2025-10-25 10:23:49.296941] 🟢 smartorder-websync-bridge.service OK
[2025-10-25 10:23:49.302291] 🟢 smartorder-portal-v5.service OK
[2025-10-25 10:23:49.309084] 🟢 smartorder-watchdog.service OK
[2025-10-25 10:24:19.601121] === SAFELOGIC GUARDIAN DIAG INIT ===
[2025-10-25 10:24:19.611498] 🟢 smartorder-proxy.service OK
[2025-10-25 10:24:19.614528] 🟢 smartorder-websync-bridge.service OK
[2025-10-25 10:24:19.617205] 🟢 smartorder-portal-v5.service OK
[2025-10-25 10:24:19.620569] 🟢 smartorder-watchdog.service OK
[2025-10-25 10:24:49.943178] === SAFELOGIC GUARDIAN DIAG INIT ===
[2025-10-25 10:24:49.953166] 🟢 smartorder-proxy.service OK
[2025-10-25 10:24:49.960272] 🟢 smartorder-websync-bridge.service OK
[2025-10-25 10:24:49.964741] 🟢 smartorder-portal-v5.service OK
[2025-10-25 10:24:49.979537] 🟢 smartorder-watchdog.service OK
[2025-10-25 10:25:20.536192] === SAFELOGIC GUARDIAN DIAG INIT ===
[2025-10-25 10:25:20.549805] 🟢 smartorder-proxy.service OK
[2025-10-25 10:25:20.589632] 🟢 smartorder-websync-bridge.service OK
[2025-10-25 10:25:20.593099] 🟢 smartorder-portal-v5.service OK
[2025-10-25 10:25:20.601958] 🟢 smartorder-watchdog.service OK
[2025-10-25 10:25:50.886391] === SAFELOGIC GUARDIAN DIAG INIT ===
[2025-10-25 10:25:50.896813] 🟢 smartorder-proxy.service OK
[2025-10-25 10:25:50.900857] 🟢 smartorder-websync-bridge.service OK
[2025-10-25 10:25:50.913032] 🟢 smartorder-portal-v5.service OK
[2025-10-25 10:25:50.925956] 🟢 smartorder-watchdog.service OK
[2025-10-25 10:26:21.227246] === SAFELOGIC GUARDIAN DIAG INIT ===
[2025-10-25 10:26:21.253461] 🟢 smartorder-proxy.service OK
[2025-10-25 10:26:21.267526] 🟢 smartorder-websync-bridge.service OK
[2025-10-25 10:26:21.272559] 🟢 smartorder-portal-v5.service OK
[2025-10-25 10:26:21.275626] 🟢 smartorder-watchdog.service OK
[2025-10-25 10:26:51.527423] === SAFELOGIC GUARDIAN DIAG INIT ===
[2025-10-25 10:26:51.543313] 🟢 smartorder-proxy.service OK
[2025-10-25 10:26:51.547902] 🟢 smartorder-websync-bridge.service OK
[2025-10-25 10:26:51.553594] 🟢 smartorder-portal-v5.service OK
[2025-10-25 10:26:51.556890] 🟢 smartorder-watchdog.service OK
[2025-10-25 10:27:21.857702] === SAFELOGIC GUARDIAN DIAG INIT ===
[2025-10-25 10:27:21.872651] 🟢 smartorder-proxy.service OK
[2025-10-25 10:27:21.875580] 🟢 smartorder-websync-bridge.service OK
[2025-10-25 10:27:21.877946] 🟢 smartorder-portal-v5.service OK
[2025-10-25 10:27:21.882980] 🟢 smartorder-watchdog.service OK
[2025-10-25 10:27:52.162469] === SAFELOGIC GUARDIAN DIAG INIT ===
[2025-10-25 10:27:52.176444] 🟢 smartorder-proxy.service OK
[2025-10-25 10:27:52.191958] 🟢 smartorder-websync-bridge.service OK
[2025-10-25 10:27:52.194853] 🟢 smartorder-portal-v5.service OK
[2025-10-25 10:27:52.205702] 🟢 smartorder-watchdog.service OK
[2025-10-25 10:28:22.476604] === SAFELOGIC GUARDIAN DIAG INIT ===
[2025-10-25 10:28:22.482402] 🟢 smartorder-proxy.service OK
[2025-10-25 10:28:22.485723] 🟢 smartorder-websync-bridge.service OK
[2025-10-25 10:28:22.489419] 🟢 smartorder-portal-v5.service OK
[2025-10-25 10:28:22.492948] 🟢 smartorder-watchdog.service OK
[2025-10-25 10:28:52.742893] === SAFELOGIC GUARDIAN DIAG INIT ===
[2025-10-25 10:28:52.759536] 🟢 smartorder-proxy.service OK
[2025-10-25 10:28:52.764639] 🟢 smartorder-websync-bridge.service OK
[2025-10-25 10:28:52.768418] 🟢 smartorder-portal-v5.service OK
[2025-10-25 10:28:52.770708] 🟢 smartorder-watchdog.service OK
[2025-10-25 10:29:23.066472] === SAFELOGIC GUARDIAN DIAG INIT ===
[2025-10-25 10:29:23.072060] 🟢 smartorder-proxy.service OK
[2025-10-25 10:29:23.077313] 🟢 smartorder-websync-bridge.service OK
[2025-10-25 10:29:23.083443] 🟢 smartorder-portal-v5.service OK
[2025-10-25 10:29:23.109563] 🟢 smartorder-watchdog.service OK
[2025-10-25 10:29:53.333935] === SAFELOGIC GUARDIAN DIAG INIT ===
[2025-10-25 10:29:53.342822] 🟢 smartorder-proxy.service OK
[2025-10-25 10:29:53.350097] 🟢 smartorder-websync-bridge.service OK
[2025-10-25 10:29:53.355832] 🟢 smartorder-portal-v5.service OK
[2025-10-25 10:29:53.358785] 🟢 smartorder-watchdog.service OK
[2025-10-25 10:30:23.675240] === SAFELOGIC GUARDIAN DIAG INIT ===
[2025-10-25 10:30:23.683003] 🟢 smartorder-proxy.service OK
[2025-10-25 10:30:23.690804] 🟢 smartorder-websync-bridge.service OK
[2025-10-25 10:30:23.694894] 🟢 smartorder-portal-v5.service OK
[2025-10-25 10:30:23.702821] 🟢 smartorder-watchdog.service OK
[2025-10-25 10:30:54.039219] === SAFELOGIC GUARDIAN DIAG INIT ===
[2025-10-25 10:30:54.052580] 🟢 smartorder-proxy.service OK
[2025-10-25 10:30:54.057496] 🟢 smartorder-websync-bridge.service OK
[2025-10-25 10:30:54.065142] 🟢 smartorder-portal-v5.service OK
[2025-10-25 10:30:54.071452] 🟢 smartorder-watchdog.service OK
[2025-10-25 10:31:24.371504] === SAFELOGIC GUARDIAN DIAG INIT ===
[2025-10-25 10:31:24.384877] 🟢 smartorder-proxy.service OK
[2025-10-25 10:31:24.390383] 🟢 smartorder-websync-bridge.service OK
[2025-10-25 10:31:24.395715] 🟢 smartorder-portal-v5.service OK
[2025-10-25 10:31:24.404652] 🟢 smartorder-watchdog.service OK
[2025-10-25 10:31:54.708536] === SAFELOGIC GUARDIAN DIAG INIT ===
[2025-10-25 10:31:54.722662] 🟢 smartorder-proxy.service OK
[2025-10-25 10:31:54.726438] 🟢 smartorder-websync-bridge.service OK
[2025-10-25 10:31:54.730574] 🟢 smartorder-portal-v5.service OK
[2025-10-25 10:31:54.739409] 🟢 smartorder-watchdog.service OK
[2025-10-25 10:32:25.049601] === SAFELOGIC GUARDIAN DIAG INIT ===
[2025-10-25 10:32:25.053793] 🟢 smartorder-proxy.service OK
[2025-10-25 10:32:25.057237] 🟢 smartorder-websync-bridge.service OK
[2025-10-25 10:32:25.065997] 🟢 smartorder-portal-v5.service OK
[2025-10-25 10:32:25.069329] 🟢 smartorder-watchdog.service OK
[2025-10-25 10:32:55.379280] === SAFELOGIC GUARDIAN DIAG INIT ===
[2025-10-25 10:32:55.395217] 🟢 smartorder-proxy.service OK
[2025-10-25 10:32:55.398267] 🟢 smartorder-websync-bridge.service OK
[2025-10-25 10:32:55.402472] 🟢 smartorder-portal-v5.service OK
[2025-10-25 10:32:55.412411] 🟢 smartorder-watchdog.service OK
[2025-10-25 10:33:25.716788] === SAFELOGIC GUARDIAN DIAG INIT ===
[2025-10-25 10:33:25.720065] 🟢 smartorder-proxy.service OK
[2025-10-25 10:33:25.726051] 🟢 smartorder-websync-bridge.service OK
[2025-10-25 10:33:25.730835] 🟢 smartorder-portal-v5.service OK
[2025-10-25 10:33:25.738613] 🟢 smartorder-watchdog.service OK
[2025-10-25 10:33:56.016688] === SAFELOGIC GUARDIAN DIAG INIT ===
[2025-10-25 10:33:56.031576] 🟢 smartorder-proxy.service OK
[2025-10-25 10:33:56.037944] 🟢 smartorder-websync-bridge.service OK
[2025-10-25 10:33:56.045152] 🟢 smartorder-portal-v5.service OK
[2025-10-25 10:33:56.048034] 🟢 smartorder-watchdog.service OK
[2025-10-25 10:34:26.390837] === SAFELOGIC GUARDIAN DIAG INIT ===
[2025-10-25 10:34:26.403090] 🟢 smartorder-proxy.service OK
[2025-10-25 10:34:26.413129] 🟢 smartorder-websync-bridge.service OK
[2025-10-25 10:34:26.417781] 🟢 smartorder-portal-v5.service OK
[2025-10-25 10:34:26.425743] 🟢 smartorder-watchdog.service OK
[2025-10-25 10:34:56.717922] === SAFELOGIC GUARDIAN DIAG INIT ===
[2025-10-25 10:34:56.725905] 🟢 smartorder-proxy.service OK
[2025-10-25 10:34:56.733928] 🟢 smartorder-websync-bridge.service OK
[2025-10-25 10:34:56.738683] 🟢 smartorder-portal-v5.service OK
[2025-10-25 10:34:56.750995] 🟢 smartorder-watchdog.service OK
[2025-10-25 10:35:27.018920] === SAFELOGIC GUARDIAN DIAG INIT ===
[2025-10-25 10:35:27.026779] 🟢 smartorder-proxy.service OK
[2025-10-25 10:35:27.036942] 🟢 smartorder-websync-bridge.service OK
[2025-10-25 10:35:27.041879] 🟢 smartorder-portal-v5.service OK
[2025-10-25 10:35:27.044930] 🟢 smartorder-watchdog.service OK
[2025-10-25 10:35:57.318124] === SAFELOGIC GUARDIAN DIAG INIT ===
[2025-10-25 10:35:57.336146] 🟢 smartorder-proxy.service OK
[2025-10-25 10:35:57.342561] 🟢 smartorder-websync-bridge.service OK
[2025-10-25 10:35:57.353653] 🟢 smartorder-portal-v5.service OK
[2025-10-25 10:35:57.361227] 🟢 smartorder-watchdog.service OK
[2025-10-25 10:36:27.687913] === SAFELOGIC GUARDIAN DIAG INIT ===
[2025-10-25 10:36:27.706851] 🟢 smartorder-proxy.service OK
[2025-10-25 10:36:27.709845] 🟢 smartorder-websync-bridge.service OK
[2025-10-25 10:36:27.712863] 🟢 smartorder-portal-v5.service OK
[2025-10-25 10:36:27.720764] 🟢 smartorder-watchdog.service OK
[2025-10-25 10:36:58.008887] === SAFELOGIC GUARDIAN DIAG INIT ===
[2025-10-25 10:36:58.021769] 🟢 smartorder-proxy.service OK
[2025-10-25 10:36:58.028977] 🟢 smartorder-websync-bridge.service OK
[2025-10-25 10:36:58.032902] 🟢 smartorder-portal-v5.service OK
[2025-10-25 10:36:58.044138] 🟢 smartorder-watchdog.service OK
[2025-10-25 10:37:28.335263] === SAFELOGIC GUARDIAN DIAG INIT ===
[2025-10-25 10:37:28.357159] 🟢 smartorder-proxy.service OK
[2025-10-25 10:37:28.360840] 🟢 smartorder-websync-bridge.service OK
[2025-10-25 10:37:28.372363] 🟢 smartorder-portal-v5.service OK
[2025-10-25 10:37:28.378107] 🟢 smartorder-watchdog.service OK
[2025-10-25 10:37:58.675331] === SAFELOGIC GUARDIAN DIAG INIT ===
[2025-10-25 10:37:58.680084] 🟢 smartorder-proxy.service OK
[2025-10-25 10:37:58.687382] 🟢 smartorder-websync-bridge.service OK
[2025-10-25 10:37:58.690859] 🟢 smartorder-portal-v5.service OK
[2025-10-25 10:37:58.705467] 🟢 smartorder-watchdog.service OK
[2025-10-25 10:38:29.014746] === SAFELOGIC GUARDIAN DIAG INIT ===
[2025-10-25 10:38:29.017943] 🟢 smartorder-proxy.service OK
[2025-10-25 10:38:29.020495] 🟢 smartorder-websync-bridge.service OK
[2025-10-25 10:38:29.024561] 🟢 smartorder-portal-v5.service OK
[2025-10-25 10:38:29.028575] 🟢 smartorder-watchdog.service OK
[2025-10-25 10:38:59.311170] === SAFELOGIC GUARDIAN DIAG INIT ===
[2025-10-25 10:38:59.318101] 🟢 smartorder-proxy.service OK
[2025-10-25 10:38:59.325040] 🟢 smartorder-websync-bridge.service OK
[2025-10-25 10:38:59.328011] 🟢 smartorder-portal-v5.service OK
[2025-10-25 10:38:59.330740] 🟢 smartorder-watchdog.service OK
[2025-10-25 10:39:29.681539] === SAFELOGIC GUARDIAN DIAG INIT ===
[2025-10-25 10:39:29.696411] 🟢 smartorder-proxy.service OK
[2025-10-25 10:39:29.699952] 🟢 smartorder-websync-bridge.service OK
[2025-10-25 10:39:29.703055] 🟢 smartorder-portal-v5.service OK
[2025-10-25 10:39:29.706547] 🟢 smartorder-watchdog.service OK
[2025-10-25 10:40:00.022350] === SAFELOGIC GUARDIAN DIAG INIT ===
[2025-10-25 10:40:00.033768] 🟢 smartorder-proxy.service OK
[2025-10-25 10:40:00.042966] 🟢 smartorder-websync-bridge.service OK
[2025-10-25 10:40:00.052857] 🟢 smartorder-portal-v5.service OK
[2025-10-25 10:40:00.065863] 🟢 smartorder-watchdog.service OK
[2025-10-25 10:40:30.315126] === SAFELOGIC GUARDIAN DIAG INIT ===
[2025-10-25 10:40:30.321210] 🟢 smartorder-proxy.service OK
[2025-10-25 10:40:30.324756] 🟢 smartorder-websync-bridge.service OK
[2025-10-25 10:40:30.327677] 🟢 smartorder-portal-v5.service OK
[2025-10-25 10:40:30.331441] 🟢 smartorder-watchdog.service OK
[2025-10-25 10:41:00.635699] === SAFELOGIC GUARDIAN DIAG INIT ===
[2025-10-25 10:41:00.658021] 🟢 smartorder-proxy.service OK
[2025-10-25 10:41:00.668481] 🟢 smartorder-websync-bridge.service OK
[2025-10-25 10:41:00.677583] 🟢 smartorder-portal-v5.service OK
[2025-10-25 10:41:00.681841] 🟢 smartorder-watchdog.service OK
[2025-10-25 10:41:30.970479] === SAFELOGIC GUARDIAN DIAG INIT ===
[2025-10-25 10:41:30.992525] 🟢 smartorder-proxy.service OK
[2025-10-25 10:41:30.998882] 🟢 smartorder-websync-bridge.service OK
[2025-10-25 10:41:31.004413] 🟢 smartorder-portal-v5.service OK
[2025-10-25 10:41:31.008511] 🟢 smartorder-watchdog.service OK
[2025-10-25 10:42:01.308903] === SAFELOGIC GUARDIAN DIAG INIT ===
[2025-10-25 10:42:01.324576] 🟢 smartorder-proxy.service OK
[2025-10-25 10:42:01.337120] 🟢 smartorder-websync-bridge.service OK
[2025-10-25 10:42:01.348890] 🟢 smartorder-portal-v5.service OK
[2025-10-25 10:42:01.360536] 🟢 smartorder-watchdog.service OK
[2025-10-25 10:42:31.612066] === SAFELOGIC GUARDIAN DIAG INIT ===
[2025-10-25 10:42:31.625337] 🟢 smartorder-proxy.service OK
[2025-10-25 10:42:31.631362] 🟢 smartorder-websync-bridge.service OK
[2025-10-25 10:42:31.642462] 🟢 smartorder-portal-v5.service OK
[2025-10-25 10:42:31.645469] 🟢 smartorder-watchdog.service OK
[2025-10-25 10:43:01.956930] === SAFELOGIC GUARDIAN DIAG INIT ===
[2025-10-25 10:43:01.970467] 🟢 smartorder-proxy.service OK
[2025-10-25 10:43:01.976387] 🟢 smartorder-websync-bridge.service OK
[2025-10-25 10:43:01.979454] 🟢 smartorder-portal-v5.service OK
[2025-10-25 10:43:01.989850] 🟢 smartorder-watchdog.service OK
[2025-10-25 10:43:32.314247] === SAFELOGIC GUARDIAN DIAG INIT ===
[2025-10-25 10:43:32.321323] 🟢 smartorder-proxy.service OK
[2025-10-25 10:43:32.335380] 🟢 smartorder-websync-bridge.service OK
[2025-10-25 10:43:32.339965] 🟢 smartorder-portal-v5.service OK
[2025-10-25 10:43:32.345537] 🟢 smartorder-watchdog.service OK
[2025-10-25 10:44:02.598629] === SAFELOGIC GUARDIAN DIAG INIT ===
[2025-10-25 10:44:02.605997] 🟢 smartorder-proxy.service OK
[2025-10-25 10:44:02.610084] 🟢 smartorder-websync-bridge.service OK
[2025-10-25 10:44:02.613926] 🟢 smartorder-portal-v5.service OK
[2025-10-25 10:44:02.617481] 🟢 smartorder-watchdog.service OK
[2025-10-25 10:44:32.948604] === SAFELOGIC GUARDIAN DIAG INIT ===
[2025-10-25 10:44:32.951738] 🟢 smartorder-proxy.service OK
[2025-10-25 10:44:32.954138] 🟢 smartorder-websync-bridge.service OK
[2025-10-25 10:44:32.956861] 🟢 smartorder-portal-v5.service OK
[2025-10-25 10:44:32.969441] 🟢 smartorder-watchdog.service OK
[2025-10-25 10:45:03.265786] === SAFELOGIC GUARDIAN DIAG INIT ===
[2025-10-25 10:45:03.275233] 🟢 smartorder-proxy.service OK
[2025-10-25 10:45:03.281245] 🟢 smartorder-websync-bridge.service OK
[2025-10-25 10:45:03.290181] 🟢 smartorder-portal-v5.service OK
[2025-10-25 10:45:03.295092] 🟢 smartorder-watchdog.service OK
[2025-10-25 10:45:33.621977] === SAFELOGIC GUARDIAN DIAG INIT ===
[2025-10-25 10:45:33.630924] 🟢 smartorder-proxy.service OK
[2025-10-25 10:45:33.636707] 🟢 smartorder-websync-bridge.service OK
[2025-10-25 10:45:33.642997] 🟢 smartorder-portal-v5.service OK
[2025-10-25 10:45:33.653237] 🟢 smartorder-watchdog.service OK
[2025-10-25 10:46:03.952550] === SAFELOGIC GUARDIAN DIAG INIT ===
[2025-10-25 10:46:03.963515] 🟢 smartorder-proxy.service OK
[2025-10-25 10:46:03.972647] 🟢 smartorder-websync-bridge.service OK
[2025-10-25 10:46:03.984096] 🟢 smartorder-portal-v5.service OK
[2025-10-25 10:46:03.988094] 🟢 smartorder-watchdog.service OK
[2025-10-25 10:46:34.659970] === SAFELOGIC GUARDIAN DIAG INIT ===
[2025-10-25 10:46:34.686806] 🟢 smartorder-proxy.service OK
[2025-10-25 10:46:34.700767] 🟢 smartorder-websync-bridge.service OK
[2025-10-25 10:46:34.711065] 🟢 smartorder-portal-v5.service OK
[2025-10-25 10:46:34.744783] 🟢 smartorder-watchdog.service OK
[2025-10-25 10:47:04.877290] === SAFELOGIC GUARDIAN DIAG INIT ===
[2025-10-25 10:47:04.889608] 🟢 smartorder-proxy.service OK
[2025-10-25 10:47:04.892363] 🟢 smartorder-websync-bridge.service OK
[2025-10-25 10:47:04.897678] 🟢 smartorder-portal-v5.service OK
[2025-10-25 10:47:04.900219] 🟢 smartorder-watchdog.service OK
[2025-10-25 10:47:35.162389] === SAFELOGIC GUARDIAN DIAG INIT ===
[2025-10-25 10:47:35.171733] 🟢 smartorder-proxy.service OK
[2025-10-25 10:47:35.177723] 🟢 smartorder-websync-bridge.service OK
[2025-10-25 10:47:35.183490] 🟢 smartorder-portal-v5.service OK
[2025-10-25 10:47:35.190397] 🟢 smartorder-watchdog.service OK
[2025-10-25 10:48:05.491001] === SAFELOGIC GUARDIAN DIAG INIT ===
[2025-10-25 10:48:05.500095] 🟢 smartorder-proxy.service OK
[2025-10-25 10:48:05.507347] 🟢 smartorder-websync-bridge.service OK
[2025-10-25 10:48:05.514894] 🟢 smartorder-portal-v5.service OK
[2025-10-25 10:48:05.524073] 🟢 smartorder-watchdog.service OK
[2025-10-25 10:48:35.809829] === SAFELOGIC GUARDIAN DIAG INIT ===
[2025-10-25 10:48:35.817191] 🟢 smartorder-proxy.service OK
[2025-10-25 10:48:35.820133] 🟢 smartorder-websync-bridge.service OK
[2025-10-25 10:48:35.832869] 🟢 smartorder-portal-v5.service OK
[2025-10-25 10:48:35.844914] 🟢 smartorder-watchdog.service OK
[2025-10-25 10:49:06.169440] === SAFELOGIC GUARDIAN DIAG INIT ===
[2025-10-25 10:49:06.176782] 🟢 smartorder-proxy.service OK
[2025-10-25 10:49:06.181539] 🟢 smartorder-websync-bridge.service OK
[2025-10-25 10:49:06.201494] 🟢 smartorder-portal-v5.service OK
[2025-10-25 10:49:06.209200] 🟢 smartorder-watchdog.service OK
[2025-10-25 10:49:36.538879] === SAFELOGIC GUARDIAN DIAG INIT ===
[2025-10-25 10:49:36.551696] 🟢 smartorder-proxy.service OK
[2025-10-25 10:49:36.561223] 🟢 smartorder-websync-bridge.service OK
[2025-10-25 10:49:36.572020] 🟢 smartorder-portal-v5.service OK
[2025-10-25 10:49:36.577845] 🟢 smartorder-watchdog.service OK
[2025-10-25 10:50:06.887956] === SAFELOGIC GUARDIAN DIAG INIT ===
[2025-10-25 10:50:06.899466] 🟢 smartorder-proxy.service OK
[2025-10-25 10:50:06.904452] 🟢 smartorder-websync-bridge.service OK
[2025-10-25 10:50:06.912642] 🟢 smartorder-portal-v5.service OK
[2025-10-25 10:50:06.916894] 🟢 smartorder-watchdog.service OK
[2025-10-25 10:50:37.225543] === SAFELOGIC GUARDIAN DIAG INIT ===
[2025-10-25 10:50:37.237601] 🟢 smartorder-proxy.service OK
[2025-10-25 10:50:37.240847] 🟢 smartorder-websync-bridge.service OK
[2025-10-25 10:50:37.247310] 🟢 smartorder-portal-v5.service OK
[2025-10-25 10:50:37.250582] 🟢 smartorder-watchdog.service OK
[2025-10-25 10:51:07.562966] === SAFELOGIC GUARDIAN DIAG INIT ===
[2025-10-25 10:51:07.571072] 🟢 smartorder-proxy.service OK
[2025-10-25 10:51:07.577594] 🟢 smartorder-websync-bridge.service OK
[2025-10-25 10:51:07.582680] 🟢 smartorder-portal-v5.service OK
[2025-10-25 10:51:07.587827] 🟢 smartorder-watchdog.service OK
[2025-10-25 10:51:37.879383] === SAFELOGIC GUARDIAN DIAG INIT ===
[2025-10-25 10:51:37.887524] 🟢 smartorder-proxy.service OK
[2025-10-25 10:51:37.891353] 🟢 smartorder-websync-bridge.service OK
[2025-10-25 10:51:37.898518] 🟢 smartorder-portal-v5.service OK
[2025-10-25 10:51:37.903351] 🟢 smartorder-watchdog.service OK
[2025-10-25 10:52:08.184697] === SAFELOGIC GUARDIAN DIAG INIT ===
[2025-10-25 10:52:08.192855] 🟢 smartorder-proxy.service OK
[2025-10-25 10:52:08.198027] 🟢 smartorder-websync-bridge.service OK
[2025-10-25 10:52:08.204128] 🟢 smartorder-portal-v5.service OK
[2025-10-25 10:52:08.216943] 🟢 smartorder-watchdog.service OK
[2025-10-25 10:52:38.499140] === SAFELOGIC GUARDIAN DIAG INIT ===
[2025-10-25 10:52:38.503261] 🟢 smartorder-proxy.service OK
[2025-10-25 10:52:38.512464] 🟢 smartorder-websync-bridge.service OK
[2025-10-25 10:52:38.516390] 🟢 smartorder-portal-v5.service OK
[2025-10-25 10:52:38.524497] 🟢 smartorder-watchdog.service OK
[2025-10-25 10:53:08.816008] === SAFELOGIC GUARDIAN DIAG INIT ===
[2025-10-25 10:53:08.834150] 🟢 smartorder-proxy.service OK
[2025-10-25 10:53:08.838623] 🟢 smartorder-websync-bridge.service OK
[2025-10-25 10:53:08.842916] 🟢 smartorder-portal-v5.service OK
[2025-10-25 10:53:08.849697] 🟢 smartorder-watchdog.service OK
[2025-10-25 10:53:39.146482] === SAFELOGIC GUARDIAN DIAG INIT ===
[2025-10-25 10:53:39.155688] 🟢 smartorder-proxy.service OK
[2025-10-25 10:53:39.163928] 🟢 smartorder-websync-bridge.service OK
[2025-10-25 10:53:39.170553] 🟢 smartorder-portal-v5.service OK
[2025-10-25 10:53:39.175885] 🟢 smartorder-watchdog.service OK
[2025-10-25 10:54:09.455856] === SAFELOGIC GUARDIAN DIAG INIT ===
[2025-10-25 10:54:09.465163] 🟢 smartorder-proxy.service OK
[2025-10-25 10:54:09.473058] 🟢 smartorder-websync-bridge.service OK
[2025-10-25 10:54:09.478786] 🟢 smartorder-portal-v5.service OK
[2025-10-25 10:54:09.484748] 🟢 smartorder-watchdog.service OK
[2025-10-25 10:54:39.739792] === SAFELOGIC GUARDIAN DIAG INIT ===
[2025-10-25 10:54:39.748378] 🟢 smartorder-proxy.service OK
[2025-10-25 10:54:39.752852] 🟢 smartorder-websync-bridge.service OK
[2025-10-25 10:54:39.757406] 🟢 smartorder-portal-v5.service OK
[2025-10-25 10:54:39.761315] 🟢 smartorder-watchdog.service OK
[2025-10-25 10:55:10.038834] === SAFELOGIC GUARDIAN DIAG INIT ===
[2025-10-25 10:55:10.049771] 🟢 smartorder-proxy.service OK
[2025-10-25 10:55:10.052764] 🟢 smartorder-websync-bridge.service OK
[2025-10-25 10:55:10.056877] 🟢 smartorder-portal-v5.service OK
[2025-10-25 10:55:10.063882] 🟢 smartorder-watchdog.service OK
[2025-10-25 10:55:40.341026] === SAFELOGIC GUARDIAN DIAG INIT ===
[2025-10-25 10:55:40.354566] 🟢 smartorder-proxy.service OK
[2025-10-25 10:55:40.357750] 🟢 smartorder-websync-bridge.service OK
[2025-10-25 10:55:40.361767] 🟢 smartorder-portal-v5.service OK
[2025-10-25 10:55:40.365447] 🟢 smartorder-watchdog.service OK
[2025-10-25 10:56:10.722411] === SAFELOGIC GUARDIAN DIAG INIT ===
[2025-10-25 10:56:10.745336] 🟢 smartorder-proxy.service OK
[2025-10-25 10:56:10.752721] 🟢 smartorder-websync-bridge.service OK
[2025-10-25 10:56:10.756281] 🟢 smartorder-portal-v5.service OK
[2025-10-25 10:56:10.762429] 🟢 smartorder-watchdog.service OK
[2025-10-25 10:56:41.035225] === SAFELOGIC GUARDIAN DIAG INIT ===
[2025-10-25 10:56:41.046340] 🟢 smartorder-proxy.service OK
[2025-10-25 10:56:41.053064] 🟢 smartorder-websync-bridge.service OK
[2025-10-25 10:56:41.056820] 🟢 smartorder-portal-v5.service OK
[2025-10-25 10:56:41.060871] 🟢 smartorder-watchdog.service OK
[2025-10-25 10:57:11.357153] === SAFELOGIC GUARDIAN DIAG INIT ===
[2025-10-25 10:57:11.367842] 🟢 smartorder-proxy.service OK
[2025-10-25 10:57:11.385245] 🟢 smartorder-websync-bridge.service OK
[2025-10-25 10:57:11.390876] 🟢 smartorder-portal-v5.service OK
[2025-10-25 10:57:11.395274] 🟢 smartorder-watchdog.service OK
[2025-10-25 10:57:41.687598] === SAFELOGIC GUARDIAN DIAG INIT ===
[2025-10-25 10:57:41.696106] 🟢 smartorder-proxy.service OK
[2025-10-25 10:57:41.704802] 🟢 smartorder-websync-bridge.service OK
[2025-10-25 10:57:41.709231] 🟢 smartorder-portal-v5.service OK
[2025-10-25 10:57:41.713419] 🟢 smartorder-watchdog.service OK
[2025-10-25 10:58:12.013063] === SAFELOGIC GUARDIAN DIAG INIT ===
[2025-10-25 10:58:12.025363] 🟢 smartorder-proxy.service OK
[2025-10-25 10:58:12.027886] 🟢 smartorder-websync-bridge.service OK
[2025-10-25 10:58:12.032568] 🟢 smartorder-portal-v5.service OK
[2025-10-25 10:58:12.036838] 🟢 smartorder-watchdog.service OK
[2025-10-25 10:58:42.331907] === SAFELOGIC GUARDIAN DIAG INIT ===
[2025-10-25 10:58:42.347562] 🟢 smartorder-proxy.service OK
[2025-10-25 10:58:42.353571] 🟢 smartorder-websync-bridge.service OK
[2025-10-25 10:58:42.356233] 🟢 smartorder-portal-v5.service OK
[2025-10-25 10:58:42.366308] 🟢 smartorder-watchdog.service OK
[2025-10-25 10:59:12.665325] === SAFELOGIC GUARDIAN DIAG INIT ===
[2025-10-25 10:59:12.677397] 🟢 smartorder-proxy.service OK
[2025-10-25 10:59:12.682047] 🟢 smartorder-websync-bridge.service OK
[2025-10-25 10:59:12.694321] 🟢 smartorder-portal-v5.service OK
[2025-10-25 10:59:12.698217] 🟢 smartorder-watchdog.service OK
[2025-10-25 10:59:42.975926] === SAFELOGIC GUARDIAN DIAG INIT ===
[2025-10-25 10:59:42.988189] 🟢 smartorder-proxy.service OK
[2025-10-25 10:59:42.992576] 🟢 smartorder-websync-bridge.service OK
[2025-10-25 10:59:42.997237] 🟢 smartorder-portal-v5.service OK
[2025-10-25 10:59:43.003081] 🟢 smartorder-watchdog.service OK
[2025-10-25 11:00:13.280423] === SAFELOGIC GUARDIAN DIAG INIT ===
[2025-10-25 11:00:13.287338] 🟢 smartorder-proxy.service OK
[2025-10-25 11:00:13.292895] 🟢 smartorder-websync-bridge.service OK
[2025-10-25 11:00:13.301433] 🟢 smartorder-portal-v5.service OK
[2025-10-25 11:00:13.306033] 🟢 smartorder-watchdog.service OK
[2025-10-25 11:00:43.569893] === SAFELOGIC GUARDIAN DIAG INIT ===
[2025-10-25 11:00:43.575373] 🟢 smartorder-proxy.service OK
[2025-10-25 11:00:43.588168] 🟢 smartorder-websync-bridge.service OK
[2025-10-25 11:00:43.597006] 🟢 smartorder-portal-v5.service OK
[2025-10-25 11:00:43.601736] 🟢 smartorder-watchdog.service OK
[2025-10-25 11:01:13.947583] === SAFELOGIC GUARDIAN DIAG INIT ===
[2025-10-25 11:01:13.972478] 🟢 smartorder-proxy.service OK
[2025-10-25 11:01:13.978786] 🟢 smartorder-websync-bridge.service OK
[2025-10-25 11:01:13.982988] 🟢 smartorder-portal-v5.service OK
[2025-10-25 11:01:13.995916] 🟢 smartorder-watchdog.service OK
[2025-10-25 11:01:44.254571] === SAFELOGIC GUARDIAN DIAG INIT ===
[2025-10-25 11:01:44.271688] 🟢 smartorder-proxy.service OK
[2025-10-25 11:01:44.280921] 🟢 smartorder-websync-bridge.service OK
[2025-10-25 11:01:44.292415] 🟢 smartorder-portal-v5.service OK
[2025-10-25 11:01:44.296489] 🟢 smartorder-watchdog.service OK
[2025-10-25 11:02:14.532777] === SAFELOGIC GUARDIAN DIAG INIT ===
[2025-10-25 11:02:14.537206] 🟢 smartorder-proxy.service OK
[2025-10-25 11:02:14.540160] 🟢 smartorder-websync-bridge.service OK
[2025-10-25 11:02:14.543187] 🟢 smartorder-portal-v5.service OK
[2025-10-25 11:02:14.546257] 🟢 smartorder-watchdog.service OK
[2025-10-25 11:02:44.882357] === SAFELOGIC GUARDIAN DIAG INIT ===
[2025-10-25 11:02:44.891253] 🟢 smartorder-proxy.service OK
[2025-10-25 11:02:44.901619] 🟢 smartorder-websync-bridge.service OK
[2025-10-25 11:02:44.909694] 🟢 smartorder-portal-v5.service OK
[2025-10-25 11:02:44.916195] 🟢 smartorder-watchdog.service OK
[2025-10-25 11:03:15.227725] === SAFELOGIC GUARDIAN DIAG INIT ===
[2025-10-25 11:03:15.238821] 🟢 smartorder-proxy.service OK
[2025-10-25 11:03:15.255480] 🟢 smartorder-websync-bridge.service OK
[2025-10-25 11:03:15.273078] 🟢 smartorder-portal-v5.service OK
[2025-10-25 11:03:15.276628] 🟢 smartorder-watchdog.service OK
[2025-10-25 11:03:45.567901] === SAFELOGIC GUARDIAN DIAG INIT ===
[2025-10-25 11:03:45.584712] 🟢 smartorder-proxy.service OK
[2025-10-25 11:03:45.597933] 🟢 smartorder-websync-bridge.service OK
[2025-10-25 11:03:45.603917] 🟢 smartorder-portal-v5.service OK
[2025-10-25 11:03:45.613203] 🟢 smartorder-watchdog.service OK
[2025-10-25 11:04:15.883792] === SAFELOGIC GUARDIAN DIAG INIT ===
[2025-10-25 11:04:15.892739] 🟢 smartorder-proxy.service OK
[2025-10-25 11:04:15.896849] 🟢 smartorder-websync-bridge.service OK
[2025-10-25 11:04:15.900344] 🟢 smartorder-portal-v5.service OK
[2025-10-25 11:04:15.905029] 🟢 smartorder-watchdog.service OK
[2025-10-25 11:04:46.147637] === SAFELOGIC GUARDIAN DIAG INIT ===
[2025-10-25 11:04:46.153581] 🟢 smartorder-proxy.service OK
[2025-10-25 11:04:46.158112] 🟢 smartorder-websync-bridge.service OK
[2025-10-25 11:04:46.162586] 🟢 smartorder-portal-v5.service OK
[2025-10-25 11:04:46.167208] 🟢 smartorder-watchdog.service OK
[2025-10-25 11:05:16.523807] === SAFELOGIC GUARDIAN DIAG INIT ===
[2025-10-25 11:05:16.552496] 🟢 smartorder-proxy.service OK
[2025-10-25 11:05:16.565525] 🟢 smartorder-websync-bridge.service OK
[2025-10-25 11:05:16.573291] 🟢 smartorder-portal-v5.service OK
[2025-10-25 11:05:16.579481] 🟢 smartorder-watchdog.service OK
[2025-10-25 11:05:46.940131] === SAFELOGIC GUARDIAN DIAG INIT ===
[2025-10-25 11:05:46.952832] 🟢 smartorder-proxy.service OK
[2025-10-25 11:05:46.961901] 🟢 smartorder-websync-bridge.service OK
[2025-10-25 11:05:46.971175] 🟢 smartorder-portal-v5.service OK
[2025-10-25 11:05:46.980468] 🟢 smartorder-watchdog.service OK
[2025-10-25 11:06:17.298189] === SAFELOGIC GUARDIAN DIAG INIT ===
[2025-10-25 11:06:17.315231] 🟢 smartorder-proxy.service OK
[2025-10-25 11:06:17.320353] 🟢 smartorder-websync-bridge.service OK
[2025-10-25 11:06:17.323525] 🟢 smartorder-portal-v5.service OK
[2025-10-25 11:06:17.328662] 🟢 smartorder-watchdog.service OK
[2025-10-25 11:06:47.681285] === SAFELOGIC GUARDIAN DIAG INIT ===
[2025-10-25 11:06:47.686122] 🟢 smartorder-proxy.service OK
[2025-10-25 11:06:47.689511] 🟢 smartorder-websync-bridge.service OK
[2025-10-25 11:06:47.697456] 🟢 smartorder-portal-v5.service OK
[2025-10-25 11:06:47.706465] 🟢 smartorder-watchdog.service OK
[2025-10-25 11:07:17.937374] === SAFELOGIC GUARDIAN DIAG INIT ===
[2025-10-25 11:07:17.945301] 🟢 smartorder-proxy.service OK
[2025-10-25 11:07:17.957975] 🟢 smartorder-websync-bridge.service OK
[2025-10-25 11:07:17.961665] 🟢 smartorder-portal-v5.service OK
[2025-10-25 11:07:17.973495] 🟢 smartorder-watchdog.service OK
[2025-10-25 11:07:48.328893] === SAFELOGIC GUARDIAN DIAG INIT ===
[2025-10-25 11:07:48.351344] 🟢 smartorder-proxy.service OK
[2025-10-25 11:07:48.355075] 🟢 smartorder-websync-bridge.service OK
[2025-10-25 11:07:48.362115] 🟢 smartorder-portal-v5.service OK
[2025-10-25 11:07:48.366692] 🟢 smartorder-watchdog.service OK
[2025-10-25 11:08:18.605294] === SAFELOGIC GUARDIAN DIAG INIT ===
[2025-10-25 11:08:18.615203] 🟢 smartorder-proxy.service OK
[2025-10-25 11:08:18.620032] 🟢 smartorder-websync-bridge.service OK
[2025-10-25 11:08:18.625090] 🟢 smartorder-portal-v5.service OK
[2025-10-25 11:08:18.631673] 🟢 smartorder-watchdog.service OK
[2025-10-25 11:08:48.910175] === SAFELOGIC GUARDIAN DIAG INIT ===
[2025-10-25 11:08:48.917174] 🟢 smartorder-proxy.service OK
[2025-10-25 11:08:48.921404] 🟢 smartorder-websync-bridge.service OK
[2025-10-25 11:08:48.925166] 🟢 smartorder-portal-v5.service OK
[2025-10-25 11:08:48.928829] 🟢 smartorder-watchdog.service OK
[2025-10-25 11:09:19.239016] === SAFELOGIC GUARDIAN DIAG INIT ===
[2025-10-25 11:09:19.247486] 🟢 smartorder-proxy.service OK
[2025-10-25 11:09:19.254351] 🟢 smartorder-websync-bridge.service OK
[2025-10-25 11:09:19.258783] 🟢 smartorder-portal-v5.service OK
[2025-10-25 11:09:19.267766] 🟢 smartorder-watchdog.service OK
[2025-10-25 11:09:49.604574] === SAFELOGIC GUARDIAN DIAG INIT ===
[2025-10-25 11:09:49.616516] 🟢 smartorder-proxy.service OK
[2025-10-25 11:09:49.634455] 🟢 smartorder-websync-bridge.service OK
[2025-10-25 11:09:49.643953] 🟢 smartorder-portal-v5.service OK
[2025-10-25 11:09:49.662619] 🟢 smartorder-watchdog.service OK
[2025-10-25 11:10:19.953380] === SAFELOGIC GUARDIAN DIAG INIT ===
[2025-10-25 11:10:19.962201] 🟢 smartorder-proxy.service OK
[2025-10-25 11:10:19.965717] 🟢 smartorder-websync-bridge.service OK
[2025-10-25 11:10:19.970943] 🟢 smartorder-portal-v5.service OK
[2025-10-25 11:10:19.979835] 🟢 smartorder-watchdog.service OK
[2025-10-25 11:10:50.269831] === SAFELOGIC GUARDIAN DIAG INIT ===
[2025-10-25 11:10:50.290885] 🟢 smartorder-proxy.service OK
[2025-10-25 11:10:50.296546] 🟢 smartorder-websync-bridge.service OK
[2025-10-25 11:10:50.308362] 🟢 smartorder-portal-v5.service OK
[2025-10-25 11:10:50.319427] 🟢 smartorder-watchdog.service OK
[2025-10-25 11:11:20.579807] === SAFELOGIC GUARDIAN DIAG INIT ===
[2025-10-25 11:11:20.589131] 🟢 smartorder-proxy.service OK
[2025-10-25 11:11:20.595125] 🟢 smartorder-websync-bridge.service OK
[2025-10-25 11:11:20.603646] 🟢 smartorder-portal-v5.service OK
[2025-10-25 11:11:20.613469] 🟢 smartorder-watchdog.service OK
[2025-10-25 11:11:50.931759] === SAFELOGIC GUARDIAN DIAG INIT ===
[2025-10-25 11:11:50.947818] 🟢 smartorder-proxy.service OK
[2025-10-25 11:11:50.959766] 🟢 smartorder-websync-bridge.service OK
[2025-10-25 11:11:50.964184] 🟢 smartorder-portal-v5.service OK
[2025-10-25 11:11:50.974605] 🟢 smartorder-watchdog.service OK
[2025-10-25 11:12:21.322685] === SAFELOGIC GUARDIAN DIAG INIT ===
[2025-10-25 11:12:21.337886] 🟢 smartorder-proxy.service OK
[2025-10-25 11:12:21.343460] 🟢 smartorder-websync-bridge.service OK
[2025-10-25 11:12:21.356456] 🟢 smartorder-portal-v5.service OK
[2025-10-25 11:12:21.375592] 🟢 smartorder-watchdog.service OK
[2025-10-25 11:12:51.623713] === SAFELOGIC GUARDIAN DIAG INIT ===
[2025-10-25 11:12:51.642820] 🟢 smartorder-proxy.service OK
[2025-10-25 11:12:51.657711] 🟢 smartorder-websync-bridge.service OK
[2025-10-25 11:12:51.662023] 🟢 smartorder-portal-v5.service OK
[2025-10-25 11:12:51.675309] 🟢 smartorder-watchdog.service OK
[2025-10-25 11:13:21.963617] === SAFELOGIC GUARDIAN DIAG INIT ===
[2025-10-25 11:13:21.972089] 🟢 smartorder-proxy.service OK
[2025-10-25 11:13:21.977019] 🟢 smartorder-websync-bridge.service OK
[2025-10-25 11:13:21.985509] 🟢 smartorder-portal-v5.service OK
[2025-10-25 11:13:21.996507] 🟢 smartorder-watchdog.service OK
[2025-10-25 11:13:52.311788] === SAFELOGIC GUARDIAN DIAG INIT ===
[2025-10-25 11:13:52.320761] 🟢 smartorder-proxy.service OK
[2025-10-25 11:13:52.326055] 🟢 smartorder-websync-bridge.service OK
[2025-10-25 11:13:52.331125] 🟢 smartorder-portal-v5.service OK
[2025-10-25 11:13:52.336047] 🟢 smartorder-watchdog.service OK
[2025-10-25 11:14:22.692325] === SAFELOGIC GUARDIAN DIAG INIT ===
[2025-10-25 11:14:22.698080] 🟢 smartorder-proxy.service OK
[2025-10-25 11:14:22.705339] 🟢 smartorder-websync-bridge.service OK
[2025-10-25 11:14:22.713058] 🟢 smartorder-portal-v5.service OK
[2025-10-25 11:14:22.716536] 🟢 smartorder-watchdog.service OK
[2025-10-25 11:14:53.019925] === SAFELOGIC GUARDIAN DIAG INIT ===
[2025-10-25 11:14:53.057603] 🟢 smartorder-proxy.service OK
[2025-10-25 11:14:53.061937] 🟢 smartorder-websync-bridge.service OK
[2025-10-25 11:14:53.072150] 🟢 smartorder-portal-v5.service OK
[2025-10-25 11:14:53.078745] 🟢 smartorder-watchdog.service OK
[2025-10-25 11:15:23.348867] === SAFELOGIC GUARDIAN DIAG INIT ===
[2025-10-25 11:15:23.358999] 🟢 smartorder-proxy.service OK
[2025-10-25 11:15:23.367561] 🟢 smartorder-websync-bridge.service OK
[2025-10-25 11:15:23.371990] 🟢 smartorder-portal-v5.service OK
[2025-10-25 11:15:23.377224] 🟢 smartorder-watchdog.service OK
[2025-10-25 11:15:53.698219] === SAFELOGIC GUARDIAN DIAG INIT ===
[2025-10-25 11:15:53.719705] 🟢 smartorder-proxy.service OK
[2025-10-25 11:15:53.722869] 🟢 smartorder-websync-bridge.service OK
[2025-10-25 11:15:53.725669] 🟢 smartorder-portal-v5.service OK
[2025-10-25 11:15:53.731411] 🟢 smartorder-watchdog.service OK
[2025-10-25 11:16:24.039880] === SAFELOGIC GUARDIAN DIAG INIT ===
[2025-10-25 11:16:24.049456] 🟢 smartorder-proxy.service OK
[2025-10-25 11:16:24.054940] 🟢 smartorder-websync-bridge.service OK
[2025-10-25 11:16:24.068446] 🟢 smartorder-portal-v5.service OK
[2025-10-25 11:16:24.078888] 🟢 smartorder-watchdog.service OK
[2025-10-25 11:16:54.396237] === SAFELOGIC GUARDIAN DIAG INIT ===
[2025-10-25 11:16:54.407586] 🟢 smartorder-proxy.service OK
[2025-10-25 11:16:54.420798] 🟢 smartorder-websync-bridge.service OK
[2025-10-25 11:16:54.426187] 🟢 smartorder-portal-v5.service OK
[2025-10-25 11:16:54.430793] 🟢 smartorder-watchdog.service OK
[2025-10-25 11:17:24.726470] === SAFELOGIC GUARDIAN DIAG INIT ===
[2025-10-25 11:17:24.752948] 🟢 smartorder-proxy.service OK
[2025-10-25 11:17:24.777933] 🟢 smartorder-websync-bridge.service OK
[2025-10-25 11:17:24.786146] 🟢 smartorder-portal-v5.service OK
[2025-10-25 11:17:24.793254] 🟢 smartorder-watchdog.service OK
[2025-10-25 11:17:55.076692] === SAFELOGIC GUARDIAN DIAG INIT ===
[2025-10-25 11:17:55.088364] 🟢 smartorder-proxy.service OK
[2025-10-25 11:17:55.096969] 🟢 smartorder-websync-bridge.service OK
[2025-10-25 11:17:55.099523] 🟢 smartorder-portal-v5.service OK
[2025-10-25 11:17:55.108060] 🟢 smartorder-watchdog.service OK
[2025-10-25 11:18:25.384805] === SAFELOGIC GUARDIAN DIAG INIT ===
[2025-10-25 11:18:25.403228] 🟢 smartorder-proxy.service OK
[2025-10-25 11:18:25.409259] 🟢 smartorder-websync-bridge.service OK
[2025-10-25 11:18:25.412661] 🟢 smartorder-portal-v5.service OK
[2025-10-25 11:18:25.421254] 🟢 smartorder-watchdog.service OK
[2025-10-25 11:18:55.765143] === SAFELOGIC GUARDIAN DIAG INIT ===
[2025-10-25 11:18:55.776747] 🟢 smartorder-proxy.service OK
[2025-10-25 11:18:55.780015] 🟢 smartorder-websync-bridge.service OK
[2025-10-25 11:18:55.782901] 🟢 smartorder-portal-v5.service OK
[2025-10-25 11:18:55.788820] 🟢 smartorder-watchdog.service OK
[2025-10-25 11:19:26.101838] === SAFELOGIC GUARDIAN DIAG INIT ===
[2025-10-25 11:19:26.110032] 🟢 smartorder-proxy.service OK
[2025-10-25 11:19:26.115420] 🟢 smartorder-websync-bridge.service OK
[2025-10-25 11:19:26.123822] 🟢 smartorder-portal-v5.service OK
[2025-10-25 11:19:26.132867] 🟢 smartorder-watchdog.service OK
[2025-10-25 11:19:56.403702] === SAFELOGIC GUARDIAN DIAG INIT ===
[2025-10-25 11:19:56.411570] 🟢 smartorder-proxy.service OK
[2025-10-25 11:19:56.417441] 🟢 smartorder-websync-bridge.service OK
[2025-10-25 11:19:56.420907] 🟢 smartorder-portal-v5.service OK
[2025-10-25 11:19:56.425883] 🟢 smartorder-watchdog.service OK
[2025-10-25 11:20:26.763873] === SAFELOGIC GUARDIAN DIAG INIT ===
[2025-10-25 11:20:26.779029] 🟢 smartorder-proxy.service OK
[2025-10-25 11:20:26.784402] 🟢 smartorder-websync-bridge.service OK
[2025-10-25 11:20:26.788358] 🟢 smartorder-portal-v5.service OK
[2025-10-25 11:20:26.791520] 🟢 smartorder-watchdog.service OK
[2025-10-25 11:20:57.097617] === SAFELOGIC GUARDIAN DIAG INIT ===
[2025-10-25 11:20:57.105892] 🟢 smartorder-proxy.service OK
[2025-10-25 11:20:57.117750] 🟢 smartorder-websync-bridge.service OK
[2025-10-25 11:20:57.122569] 🟢 smartorder-portal-v5.service OK
[2025-10-25 11:20:57.126677] 🟢 smartorder-watchdog.service OK
[2025-10-25 11:21:27.426204] === SAFELOGIC GUARDIAN DIAG INIT ===
[2025-10-25 11:21:27.434418] 🟢 smartorder-proxy.service OK
[2025-10-25 11:21:27.440381] 🟢 smartorder-websync-bridge.service OK
[2025-10-25 11:21:27.449035] 🟢 smartorder-portal-v5.service OK
[2025-10-25 11:21:27.451902] 🟢 smartorder-watchdog.service OK
[2025-10-25 11:21:57.703447] === SAFELOGIC GUARDIAN DIAG INIT ===
[2025-10-25 11:21:57.710042] 🟢 smartorder-proxy.service OK
[2025-10-25 11:21:57.721570] 🟢 smartorder-websync-bridge.service OK
[2025-10-25 11:21:57.732419] 🟢 smartorder-portal-v5.service OK
[2025-10-25 11:21:57.737729] 🟢 smartorder-watchdog.service OK
[2025-10-25 11:22:28.071894] === SAFELOGIC GUARDIAN DIAG INIT ===
[2025-10-25 11:22:28.090950] 🟢 smartorder-proxy.service OK
[2025-10-25 11:22:28.096364] 🟢 smartorder-websync-bridge.service OK
[2025-10-25 11:22:28.100381] 🟢 smartorder-portal-v5.service OK
[2025-10-25 11:22:28.105985] 🟢 smartorder-watchdog.service OK
[2025-10-25 11:22:58.366590] === SAFELOGIC GUARDIAN DIAG INIT ===
[2025-10-25 11:22:58.372639] 🟢 smartorder-proxy.service OK
[2025-10-25 11:22:58.376547] 🟢 smartorder-websync-bridge.service OK
[2025-10-25 11:22:58.380640] 🟢 smartorder-portal-v5.service OK
[2025-10-25 11:22:58.384573] 🟢 smartorder-watchdog.service OK
[2025-10-25 11:23:28.712044] === SAFELOGIC GUARDIAN DIAG INIT ===
[2025-10-25 11:23:28.738440] 🟢 smartorder-proxy.service OK
[2025-10-25 11:23:28.752721] 🟢 smartorder-websync-bridge.service OK
[2025-10-25 11:23:28.764795] 🟢 smartorder-portal-v5.service OK
[2025-10-25 11:23:28.769436] 🟢 smartorder-watchdog.service OK
[2025-10-25 11:23:59.063086] === SAFELOGIC GUARDIAN DIAG INIT ===
[2025-10-25 11:23:59.079058] 🟢 smartorder-proxy.service OK
[2025-10-25 11:23:59.082068] 🟢 smartorder-websync-bridge.service OK
[2025-10-25 11:23:59.084982] 🟢 smartorder-portal-v5.service OK
[2025-10-25 11:23:59.093271] 🟢 smartorder-watchdog.service OK
[2025-10-25 11:24:29.358954] === SAFELOGIC GUARDIAN DIAG INIT ===
[2025-10-25 11:24:29.367731] 🟢 smartorder-proxy.service OK
[2025-10-25 11:24:29.376442] 🟢 smartorder-websync-bridge.service OK
[2025-10-25 11:24:29.380070] 🟢 smartorder-portal-v5.service OK
[2025-10-25 11:24:29.386401] 🟢 smartorder-watchdog.service OK
[2025-10-25 11:24:59.682295] === SAFELOGIC GUARDIAN DIAG INIT ===
[2025-10-25 11:24:59.693022] 🟢 smartorder-proxy.service OK
[2025-10-25 11:24:59.696349] 🟢 smartorder-websync-bridge.service OK
[2025-10-25 11:24:59.705022] 🟢 smartorder-portal-v5.service OK
[2025-10-25 11:24:59.708473] 🟢 smartorder-watchdog.service OK
[2025-10-25 11:25:30.002596] === SAFELOGIC GUARDIAN DIAG INIT ===
[2025-10-25 11:25:30.013083] 🟢 smartorder-proxy.service OK
[2025-10-25 11:25:30.016015] 🟢 smartorder-websync-bridge.service OK
[2025-10-25 11:25:30.020229] 🟢 smartorder-portal-v5.service OK
[2025-10-25 11:25:30.028486] 🟢 smartorder-watchdog.service OK
[2025-10-25 11:26:00.347947] === SAFELOGIC GUARDIAN DIAG INIT ===
[2025-10-25 11:26:00.360440] 🟢 smartorder-proxy.service OK
[2025-10-25 11:26:00.364629] 🟢 smartorder-websync-bridge.service OK
[2025-10-25 11:26:00.376743] 🟢 smartorder-portal-v5.service OK
[2025-10-25 11:26:00.379369] 🟢 smartorder-watchdog.service OK
[2025-10-25 11:26:30.648228] === SAFELOGIC GUARDIAN DIAG INIT ===
[2025-10-25 11:26:30.667446] 🟢 smartorder-proxy.service OK
[2025-10-25 11:26:30.672629] 🟢 smartorder-websync-bridge.service OK
[2025-10-25 11:26:30.684324] 🟢 smartorder-portal-v5.service OK
[2025-10-25 11:26:30.688692] 🟢 smartorder-watchdog.service OK
[2025-10-25 11:27:01.073753] === SAFELOGIC GUARDIAN DIAG INIT ===
[2025-10-25 11:27:01.081550] 🟢 smartorder-proxy.service OK
[2025-10-25 11:27:01.092465] 🟢 smartorder-websync-bridge.service OK
[2025-10-25 11:27:01.096674] 🟢 smartorder-portal-v5.service OK
[2025-10-25 11:27:01.105698] 🟢 smartorder-watchdog.service OK
[2025-10-25 11:27:31.392773] === SAFELOGIC GUARDIAN DIAG INIT ===
[2025-10-25 11:27:31.407904] 🟢 smartorder-proxy.service OK
[2025-10-25 11:27:31.411838] 🟢 smartorder-websync-bridge.service OK
[2025-10-25 11:27:31.417232] 🟢 smartorder-portal-v5.service OK
[2025-10-25 11:27:31.422314] 🟢 smartorder-watchdog.service OK
[2025-10-25 11:28:01.747490] === SAFELOGIC GUARDIAN DIAG INIT ===
[2025-10-25 11:28:01.757528] 🟢 smartorder-proxy.service OK
[2025-10-25 11:28:01.768659] 🟢 smartorder-websync-bridge.service OK
[2025-10-25 11:28:01.778690] 🟢 smartorder-portal-v5.service OK
[2025-10-25 11:28:01.785000] 🟢 smartorder-watchdog.service OK
[2025-10-25 11:28:32.037127] === SAFELOGIC GUARDIAN DIAG INIT ===
[2025-10-25 11:28:32.041097] 🟢 smartorder-proxy.service OK
[2025-10-25 11:28:32.048997] 🟢 smartorder-websync-bridge.service OK
[2025-10-25 11:28:32.052127] 🟢 smartorder-portal-v5.service OK
[2025-10-25 11:28:32.056947] 🟢 smartorder-watchdog.service OK
[2025-10-25 11:29:02.333915] === SAFELOGIC GUARDIAN DIAG INIT ===
[2025-10-25 11:29:02.345003] 🟢 smartorder-proxy.service OK
[2025-10-25 11:29:02.348540] 🟢 smartorder-websync-bridge.service OK
[2025-10-25 11:29:02.356939] 🟢 smartorder-portal-v5.service OK
[2025-10-25 11:29:02.360482] 🟢 smartorder-watchdog.service OK
[2025-10-25 11:29:32.661972] === SAFELOGIC GUARDIAN DIAG INIT ===
[2025-10-25 11:29:32.672634] 🟢 smartorder-proxy.service OK
[2025-10-25 11:29:32.675360] 🟢 smartorder-websync-bridge.service OK
[2025-10-25 11:29:32.678198] 🟢 smartorder-portal-v5.service OK
[2025-10-25 11:29:32.680825] 🟢 smartorder-watchdog.service OK
[2025-10-25 11:30:03.028485] === SAFELOGIC GUARDIAN DIAG INIT ===
[2025-10-25 11:30:03.033390] 🟢 smartorder-proxy.service OK
[2025-10-25 11:30:03.037108] 🟢 smartorder-websync-bridge.service OK
[2025-10-25 11:30:03.043074] 🟢 smartorder-portal-v5.service OK
[2025-10-25 11:30:03.065000] 🟢 smartorder-watchdog.service OK
[2025-10-25 11:30:33.344132] === SAFELOGIC GUARDIAN DIAG INIT ===
[2025-10-25 11:30:33.355877] 🟢 smartorder-proxy.service OK
[2025-10-25 11:30:33.361480] 🟢 smartorder-websync-bridge.service OK
[2025-10-25 11:30:33.368571] 🟢 smartorder-portal-v5.service OK
[2025-10-25 11:30:33.378640] 🟢 smartorder-watchdog.service OK
[2025-10-25 11:31:03.677620] === SAFELOGIC GUARDIAN DIAG INIT ===
[2025-10-25 11:31:03.686565] 🟢 smartorder-proxy.service OK
[2025-10-25 11:31:03.689731] 🟢 smartorder-websync-bridge.service OK
[2025-10-25 11:31:03.692593] 🟢 smartorder-portal-v5.service OK
[2025-10-25 11:31:03.699329] 🟢 smartorder-watchdog.service OK
[2025-10-25 11:31:34.011680] === SAFELOGIC GUARDIAN DIAG INIT ===
[2025-10-25 11:31:34.024588] 🟢 smartorder-proxy.service OK
[2025-10-25 11:31:34.031040] 🟢 smartorder-websync-bridge.service OK
[2025-10-25 11:31:34.034885] 🟢 smartorder-portal-v5.service OK
[2025-10-25 11:31:34.039658] 🟢 smartorder-watchdog.service OK
[2025-10-25 11:32:04.346692] === SAFELOGIC GUARDIAN DIAG INIT ===
[2025-10-25 11:32:04.363082] 🟢 smartorder-proxy.service OK
[2025-10-25 11:32:04.367942] 🟢 smartorder-websync-bridge.service OK
[2025-10-25 11:32:04.371713] 🟢 smartorder-portal-v5.service OK
[2025-10-25 11:32:04.383904] 🟢 smartorder-watchdog.service OK
[2025-10-25 11:32:34.682800] === SAFELOGIC GUARDIAN DIAG INIT ===
[2025-10-25 11:32:34.689002] 🟢 smartorder-proxy.service OK
[2025-10-25 11:32:34.691698] 🟢 smartorder-websync-bridge.service OK
[2025-10-25 11:32:34.696490] 🟢 smartorder-portal-v5.service OK
[2025-10-25 11:32:34.700531] 🟢 smartorder-watchdog.service OK
[2025-10-25 11:33:05.010084] === SAFELOGIC GUARDIAN DIAG INIT ===
[2025-10-25 11:33:05.021099] 🟢 smartorder-proxy.service OK
[2025-10-25 11:33:05.029382] 🟢 smartorder-websync-bridge.service OK
[2025-10-25 11:33:05.032884] 🟢 smartorder-portal-v5.service OK
[2025-10-25 11:33:05.036476] 🟢 smartorder-watchdog.service OK
[2025-10-25 11:33:35.314109] === SAFELOGIC GUARDIAN DIAG INIT ===
[2025-10-25 11:33:35.338587] 🟢 smartorder-proxy.service OK
[2025-10-25 11:33:35.342119] 🟢 smartorder-websync-bridge.service OK
[2025-10-25 11:33:35.345546] 🟢 smartorder-portal-v5.service OK
[2025-10-25 11:33:35.352833] 🟢 smartorder-watchdog.service OK
[2025-10-25 11:34:05.646282] === SAFELOGIC GUARDIAN DIAG INIT ===
[2025-10-25 11:34:05.652394] 🟢 smartorder-proxy.service OK
[2025-10-25 11:34:05.659879] 🟢 smartorder-websync-bridge.service OK
[2025-10-25 11:34:05.664742] 🟢 smartorder-portal-v5.service OK
[2025-10-25 11:34:05.669125] 🟢 smartorder-watchdog.service OK
[2025-10-25 11:34:35.962737] === SAFELOGIC GUARDIAN DIAG INIT ===
[2025-10-25 11:34:35.982471] 🟢 smartorder-proxy.service OK
[2025-10-25 11:34:35.986115] 🟢 smartorder-websync-bridge.service OK
[2025-10-25 11:34:35.989088] 🟢 smartorder-portal-v5.service OK
[2025-10-25 11:34:35.991669] 🟢 smartorder-watchdog.service OK
[2025-10-25 11:35:06.255516] === SAFELOGIC GUARDIAN DIAG INIT ===
[2025-10-25 11:35:06.273115] 🟢 smartorder-proxy.service OK
[2025-10-25 11:35:06.276800] 🟢 smartorder-websync-bridge.service OK
[2025-10-25 11:35:06.279970] 🟢 smartorder-portal-v5.service OK
[2025-10-25 11:35:06.282694] 🟢 smartorder-watchdog.service OK
[2025-10-25 11:35:36.578825] === SAFELOGIC GUARDIAN DIAG INIT ===
[2025-10-25 11:35:36.592401] 🟢 smartorder-proxy.service OK
[2025-10-25 11:35:36.600400] 🟢 smartorder-websync-bridge.service OK
[2025-10-25 11:35:36.604225] 🟢 smartorder-portal-v5.service OK
[2025-10-25 11:35:36.619454] 🟢 smartorder-watchdog.service OK
[2025-10-25 11:36:06.897614] === SAFELOGIC GUARDIAN DIAG INIT ===
[2025-10-25 11:36:06.913717] 🟢 smartorder-proxy.service OK
[2025-10-25 11:36:06.917709] 🟢 smartorder-websync-bridge.service OK
[2025-10-25 11:36:06.921927] 🟢 smartorder-portal-v5.service OK
[2025-10-25 11:36:06.927634] 🟢 smartorder-watchdog.service OK
[2025-10-25 11:36:37.218800] === SAFELOGIC GUARDIAN DIAG INIT ===
[2025-10-25 11:36:37.237565] 🟢 smartorder-proxy.service OK
[2025-10-25 11:36:37.245193] 🟢 smartorder-websync-bridge.service OK
[2025-10-25 11:36:37.254627] 🟢 smartorder-portal-v5.service OK
[2025-10-25 11:36:37.259198] 🟢 smartorder-watchdog.service OK
[2025-10-25 11:37:07.551374] === SAFELOGIC GUARDIAN DIAG INIT ===
[2025-10-25 11:37:07.572935] 🟢 smartorder-proxy.service OK
[2025-10-25 11:37:07.576874] 🟢 smartorder-websync-bridge.service OK
[2025-10-25 11:37:07.579983] 🟢 smartorder-portal-v5.service OK
[2025-10-25 11:37:07.585060] 🟢 smartorder-watchdog.service OK
[2025-10-25 11:37:37.860188] === SAFELOGIC GUARDIAN DIAG INIT ===
[2025-10-25 11:37:37.874950] 🟢 smartorder-proxy.service OK
[2025-10-25 11:37:37.884947] 🟢 smartorder-websync-bridge.service OK
[2025-10-25 11:37:37.888371] 🟢 smartorder-portal-v5.service OK
[2025-10-25 11:37:37.891580] 🟢 smartorder-watchdog.service OK
[2025-10-25 11:38:08.200283] === SAFELOGIC GUARDIAN DIAG INIT ===
[2025-10-25 11:38:08.211231] 🟢 smartorder-proxy.service OK
[2025-10-25 11:38:08.221024] 🟢 smartorder-websync-bridge.service OK
[2025-10-25 11:38:08.225091] 🟢 smartorder-portal-v5.service OK
[2025-10-25 11:38:08.238202] 🟢 smartorder-watchdog.service OK
[2025-10-25 11:38:38.921854] === SAFELOGIC GUARDIAN DIAG INIT ===
[2025-10-25 11:38:38.938261] 🟢 smartorder-proxy.service OK
[2025-10-25 11:38:38.961799] 🟢 smartorder-websync-bridge.service OK
[2025-10-25 11:38:38.985053] 🟢 smartorder-portal-v5.service OK
[2025-10-25 11:38:39.008942] 🟢 smartorder-watchdog.service OK
[2025-10-25 11:39:09.188188] === SAFELOGIC GUARDIAN DIAG INIT ===
[2025-10-25 11:39:09.197867] 🟢 smartorder-proxy.service OK
[2025-10-25 11:39:09.206290] 🟢 smartorder-websync-bridge.service OK
[2025-10-25 11:39:09.213869] 🟢 smartorder-portal-v5.service OK
[2025-10-25 11:39:09.220934] 🟢 smartorder-watchdog.service OK
[2025-10-25 11:39:39.492975] === SAFELOGIC GUARDIAN DIAG INIT ===
[2025-10-25 11:39:39.507322] 🟢 smartorder-proxy.service OK
[2025-10-25 11:39:39.519792] 🟢 smartorder-websync-bridge.service OK
[2025-10-25 11:39:39.528581] 🟢 smartorder-portal-v5.service OK
[2025-10-25 11:39:39.534303] 🟢 smartorder-watchdog.service OK
[2025-10-25 11:40:09.813524] === SAFELOGIC GUARDIAN DIAG INIT ===
[2025-10-25 11:40:09.822831] 🟢 smartorder-proxy.service OK
[2025-10-25 11:40:09.831885] 🟢 smartorder-websync-bridge.service OK
[2025-10-25 11:40:09.842071] 🟢 smartorder-portal-v5.service OK
[2025-10-25 11:40:09.846643] 🟢 smartorder-watchdog.service OK
[2025-10-25 11:40:40.078135] === SAFELOGIC GUARDIAN DIAG INIT ===
[2025-10-25 11:40:40.092641] 🟢 smartorder-proxy.service OK
[2025-10-25 11:40:40.102260] 🟢 smartorder-websync-bridge.service OK
[2025-10-25 11:40:40.106148] 🟢 smartorder-portal-v5.service OK
[2025-10-25 11:40:40.126152] 🟢 smartorder-watchdog.service OK
[2025-10-25 11:41:10.395681] === SAFELOGIC GUARDIAN DIAG INIT ===
[2025-10-25 11:41:10.408528] 🟢 smartorder-proxy.service OK
[2025-10-25 11:41:10.416506] 🟢 smartorder-websync-bridge.service OK
[2025-10-25 11:41:10.423530] 🟢 smartorder-portal-v5.service OK
[2025-10-25 11:41:10.426735] 🟢 smartorder-watchdog.service OK
[2025-10-25 11:41:40.704998] === SAFELOGIC GUARDIAN DIAG INIT ===
[2025-10-25 11:41:40.732669] 🟢 smartorder-proxy.service OK
[2025-10-25 11:41:40.735488] 🟢 smartorder-websync-bridge.service OK
[2025-10-25 11:41:40.744929] 🟢 smartorder-portal-v5.service OK
[2025-10-25 11:41:40.747577] 🟢 smartorder-watchdog.service OK
[2025-10-25 11:42:11.053891] === SAFELOGIC GUARDIAN DIAG INIT ===
[2025-10-25 11:42:11.059676] 🟢 smartorder-proxy.service OK
[2025-10-25 11:42:11.066568] 🟢 smartorder-websync-bridge.service OK
[2025-10-25 11:42:11.071056] 🟢 smartorder-portal-v5.service OK
[2025-10-25 11:42:11.073816] 🟢 smartorder-watchdog.service OK
[2025-10-25 11:42:41.418329] === SAFELOGIC GUARDIAN DIAG INIT ===
[2025-10-25 11:42:41.426151] 🟢 smartorder-proxy.service OK
[2025-10-25 11:42:41.430539] 🟢 smartorder-websync-bridge.service OK
[2025-10-25 11:42:41.434324] 🟢 smartorder-portal-v5.service OK
[2025-10-25 11:42:41.442543] 🟢 smartorder-watchdog.service OK
[2025-10-25 11:43:11.738873] === SAFELOGIC GUARDIAN DIAG INIT ===
[2025-10-25 11:43:11.764473] 🟢 smartorder-proxy.service OK
[2025-10-25 11:43:11.770056] 🟢 smartorder-websync-bridge.service OK
[2025-10-25 11:43:11.773588] 🟢 smartorder-portal-v5.service OK
[2025-10-25 11:43:11.777382] 🟢 smartorder-watchdog.service OK
[2025-10-25 11:43:42.081414] === SAFELOGIC GUARDIAN DIAG INIT ===
[2025-10-25 11:43:42.092354] 🟢 smartorder-proxy.service OK
[2025-10-25 11:43:42.096140] 🟢 smartorder-websync-bridge.service OK
[2025-10-25 11:43:42.105137] 🟢 smartorder-portal-v5.service OK
[2025-10-25 11:43:42.110245] 🟢 smartorder-watchdog.service OK
[2025-10-25 11:44:12.405849] === SAFELOGIC GUARDIAN DIAG INIT ===
[2025-10-25 11:44:12.421600] 🟢 smartorder-proxy.service OK
[2025-10-25 11:44:12.425172] 🟢 smartorder-websync-bridge.service OK
[2025-10-25 11:44:12.437550] 🟢 smartorder-portal-v5.service OK
[2025-10-25 11:44:12.442435] 🟢 smartorder-watchdog.service OK
[2025-10-25 11:44:42.698254] === SAFELOGIC GUARDIAN DIAG INIT ===
[2025-10-25 11:44:42.708986] 🟢 smartorder-proxy.service OK
[2025-10-25 11:44:42.712788] 🟢 smartorder-websync-bridge.service OK
[2025-10-25 11:44:42.720889] 🟢 smartorder-portal-v5.service OK
[2025-10-25 11:44:42.724065] 🟢 smartorder-watchdog.service OK
[2025-10-25 11:45:13.043265] === SAFELOGIC GUARDIAN DIAG INIT ===
[2025-10-25 11:45:13.048692] 🟢 smartorder-proxy.service OK
[2025-10-25 11:45:13.056499] 🟢 smartorder-websync-bridge.service OK
[2025-10-25 11:45:13.064491] 🟢 smartorder-portal-v5.service OK
[2025-10-25 11:45:13.074102] 🟢 smartorder-watchdog.service OK
[2025-10-25 11:45:43.319850] === SAFELOGIC GUARDIAN DIAG INIT ===
[2025-10-25 11:45:43.331128] 🟢 smartorder-proxy.service OK
[2025-10-25 11:45:43.334219] 🟢 smartorder-websync-bridge.service OK
[2025-10-25 11:45:43.340803] 🟢 smartorder-portal-v5.service OK
[2025-10-25 11:45:43.350770] 🟢 smartorder-watchdog.service OK
[2025-10-25 11:46:13.632004] === SAFELOGIC GUARDIAN DIAG INIT ===
[2025-10-25 11:46:13.652918] 🟢 smartorder-proxy.service OK
[2025-10-25 11:46:13.657289] 🟢 smartorder-websync-bridge.service OK
[2025-10-25 11:46:13.663130] 🟢 smartorder-portal-v5.service OK
[2025-10-25 11:46:13.669550] 🟢 smartorder-watchdog.service OK
[2025-10-25 11:46:43.937067] === SAFELOGIC GUARDIAN DIAG INIT ===
[2025-10-25 11:46:43.948131] 🟢 smartorder-proxy.service OK
[2025-10-25 11:46:43.952707] 🟢 smartorder-websync-bridge.service OK
[2025-10-25 11:46:43.956752] 🟢 smartorder-portal-v5.service OK
[2025-10-25 11:46:43.960598] 🟢 smartorder-watchdog.service OK
[2025-10-25 11:47:14.287236] === SAFELOGIC GUARDIAN DIAG INIT ===
[2025-10-25 11:47:14.308502] 🟢 smartorder-proxy.service OK
[2025-10-25 11:47:14.311918] 🟢 smartorder-websync-bridge.service OK
[2025-10-25 11:47:14.315435] 🟢 smartorder-portal-v5.service OK
[2025-10-25 11:47:14.325032] 🟢 smartorder-watchdog.service OK
[2025-10-25 11:47:44.590582] === SAFELOGIC GUARDIAN DIAG INIT ===
[2025-10-25 11:47:44.604997] 🟢 smartorder-proxy.service OK
[2025-10-25 11:47:44.608755] 🟢 smartorder-websync-bridge.service OK
[2025-10-25 11:47:44.612271] 🟢 smartorder-portal-v5.service OK
[2025-10-25 11:47:44.615030] 🟢 smartorder-watchdog.service OK
[2025-10-25 11:48:14.910797] === SAFELOGIC GUARDIAN DIAG INIT ===
[2025-10-25 11:48:14.924432] 🟢 smartorder-proxy.service OK
[2025-10-25 11:48:14.929518] 🟢 smartorder-websync-bridge.service OK
[2025-10-25 11:48:14.938888] 🟢 smartorder-portal-v5.service OK
[2025-10-25 11:48:14.942540] 🟢 smartorder-watchdog.service OK
[2025-10-25 11:48:45.208474] === SAFELOGIC GUARDIAN DIAG INIT ===
[2025-10-25 11:48:45.215422] 🟢 smartorder-proxy.service OK
[2025-10-25 11:48:45.218408] 🟢 smartorder-websync-bridge.service OK
[2025-10-25 11:48:45.235401] 🟢 smartorder-portal-v5.service OK
[2025-10-25 11:48:45.238252] 🟢 smartorder-watchdog.service OK
[2025-10-25 11:49:15.525808] === SAFELOGIC GUARDIAN DIAG INIT ===
[2025-10-25 11:49:15.534362] 🟢 smartorder-proxy.service OK
[2025-10-25 11:49:15.546533] 🟢 smartorder-websync-bridge.service OK
[2025-10-25 11:49:15.554739] 🟢 smartorder-portal-v5.service OK
[2025-10-25 11:49:15.561754] 🟢 smartorder-watchdog.service OK
[2025-10-25 11:49:45.787692] === SAFELOGIC GUARDIAN DIAG INIT ===
[2025-10-25 11:49:45.793048] 🟢 smartorder-proxy.service OK
[2025-10-25 11:49:45.796221] 🟢 smartorder-websync-bridge.service OK
[2025-10-25 11:49:45.799914] 🟢 smartorder-portal-v5.service OK
[2025-10-25 11:49:45.803681] 🟢 smartorder-watchdog.service OK
[2025-10-25 11:50:16.214792] === SAFELOGIC GUARDIAN DIAG INIT ===
[2025-10-25 11:50:16.227526] 🟢 smartorder-proxy.service OK
[2025-10-25 11:50:16.235117] 🟢 smartorder-websync-bridge.service OK
[2025-10-25 11:50:16.239370] 🟢 smartorder-portal-v5.service OK
[2025-10-25 11:50:16.242937] 🟢 smartorder-watchdog.service OK
[2025-10-25 11:50:46.461636] === SAFELOGIC GUARDIAN DIAG INIT ===
[2025-10-25 11:50:46.466221] 🟢 smartorder-proxy.service OK
[2025-10-25 11:50:46.469833] 🟢 smartorder-websync-bridge.service OK
[2025-10-25 11:50:46.472627] 🟢 smartorder-portal-v5.service OK
[2025-10-25 11:50:46.477314] 🟢 smartorder-watchdog.service OK
[2025-10-25 11:51:16.813761] === SAFELOGIC GUARDIAN DIAG INIT ===
[2025-10-25 11:51:16.828788] 🟢 smartorder-proxy.service OK
[2025-10-25 11:51:16.833371] 🟢 smartorder-websync-bridge.service OK
[2025-10-25 11:51:16.837929] 🟢 smartorder-portal-v5.service OK
[2025-10-25 11:51:16.845618] 🟢 smartorder-watchdog.service OK
[2025-10-25 11:51:47.077835] === SAFELOGIC GUARDIAN DIAG INIT ===
[2025-10-25 11:51:47.089606] 🟢 smartorder-proxy.service OK
[2025-10-25 11:51:47.094105] 🟢 smartorder-websync-bridge.service OK
[2025-10-25 11:51:47.100051] 🟢 smartorder-portal-v5.service OK
[2025-10-25 11:51:47.104986] 🟢 smartorder-watchdog.service OK
[2025-10-25 11:52:17.416158] === SAFELOGIC GUARDIAN DIAG INIT ===
[2025-10-25 11:52:17.440397] 🟢 smartorder-proxy.service OK
[2025-10-25 11:52:17.444504] 🟢 smartorder-websync-bridge.service OK
[2025-10-25 11:52:17.456390] 🟢 smartorder-portal-v5.service OK
[2025-10-25 11:52:17.461082] 🟢 smartorder-watchdog.service OK
[2025-10-25 11:52:47.752634] === SAFELOGIC GUARDIAN DIAG INIT ===
[2025-10-25 11:52:47.757170] 🟢 smartorder-proxy.service OK
[2025-10-25 11:52:47.760059] 🟢 smartorder-websync-bridge.service OK
[2025-10-25 11:52:47.763303] 🟢 smartorder-portal-v5.service OK
[2025-10-25 11:52:47.772781] 🟢 smartorder-watchdog.service OK
[2025-10-25 11:53:18.060583] === SAFELOGIC GUARDIAN DIAG INIT ===
[2025-10-25 11:53:18.074399] 🟢 smartorder-proxy.service OK
[2025-10-25 11:53:18.083764] 🟢 smartorder-websync-bridge.service OK
[2025-10-25 11:53:18.093672] 🟢 smartorder-portal-v5.service OK
[2025-10-25 11:53:18.115653] 🟢 smartorder-watchdog.service OK
[2025-10-25 11:53:48.426578] === SAFELOGIC GUARDIAN DIAG INIT ===
[2025-10-25 11:53:48.445407] 🟢 smartorder-proxy.service OK
[2025-10-25 11:53:48.449233] 🟢 smartorder-websync-bridge.service OK
[2025-10-25 11:53:48.452665] 🟢 smartorder-portal-v5.service OK
[2025-10-25 11:53:48.460545] 🟢 smartorder-watchdog.service OK
[2025-10-25 11:54:18.707150] === SAFELOGIC GUARDIAN DIAG INIT ===
[2025-10-25 11:54:18.728967] 🟢 smartorder-proxy.service OK
[2025-10-25 11:54:18.735774] 🟢 smartorder-websync-bridge.service OK
[2025-10-25 11:54:18.738766] 🟢 smartorder-portal-v5.service OK
[2025-10-25 11:54:18.744960] 🟢 smartorder-watchdog.service OK
[2025-10-25 11:54:49.012132] === SAFELOGIC GUARDIAN DIAG INIT ===
[2025-10-25 11:54:49.025168] 🟢 smartorder-proxy.service OK
[2025-10-25 11:54:49.030442] 🟢 smartorder-websync-bridge.service OK
[2025-10-25 11:54:49.036414] 🟢 smartorder-portal-v5.service OK
[2025-10-25 11:54:49.039310] 🟢 smartorder-watchdog.service OK
[2025-10-25 11:55:19.331819] === SAFELOGIC GUARDIAN DIAG INIT ===
[2025-10-25 11:55:19.360773] 🟢 smartorder-proxy.service OK
[2025-10-25 11:55:19.377284] 🟢 smartorder-websync-bridge.service OK
[2025-10-25 11:55:19.390324] 🟢 smartorder-portal-v5.service OK
[2025-10-25 11:55:19.393837] 🟢 smartorder-watchdog.service OK
[2025-10-25 11:55:49.659696] === SAFELOGIC GUARDIAN DIAG INIT ===
[2025-10-25 11:55:49.672293] 🟢 smartorder-proxy.service OK
[2025-10-25 11:55:49.681099] 🟢 smartorder-websync-bridge.service OK
[2025-10-25 11:55:49.686361] 🟢 smartorder-portal-v5.service OK
[2025-10-25 11:55:49.694155] 🟢 smartorder-watchdog.service OK
[2025-10-25 11:56:20.013454] === SAFELOGIC GUARDIAN DIAG INIT ===
[2025-10-25 11:56:20.019176] 🟢 smartorder-proxy.service OK
[2025-10-25 11:56:20.027383] 🟢 smartorder-websync-bridge.service OK
[2025-10-25 11:56:20.033115] 🟢 smartorder-portal-v5.service OK
[2025-10-25 11:56:20.040486] 🟢 smartorder-watchdog.service OK
[2025-10-25 11:56:50.390164] === SAFELOGIC GUARDIAN DIAG INIT ===
[2025-10-25 11:56:50.410200] 🟢 smartorder-proxy.service OK
[2025-10-25 11:56:50.416499] 🟢 smartorder-websync-bridge.service OK
[2025-10-25 11:56:50.424486] 🟢 smartorder-portal-v5.service OK
[2025-10-25 11:56:50.432966] 🟢 smartorder-watchdog.service OK
[2025-10-25 11:57:20.755172] === SAFELOGIC GUARDIAN DIAG INIT ===
[2025-10-25 11:57:20.773070] 🟢 smartorder-proxy.service OK
[2025-10-25 11:57:20.780578] 🟢 smartorder-websync-bridge.service OK
[2025-10-25 11:57:20.784220] 🟢 smartorder-portal-v5.service OK
[2025-10-25 11:57:20.789239] 🟢 smartorder-watchdog.service OK
[2025-10-25 11:57:51.127502] === SAFELOGIC GUARDIAN DIAG INIT ===
[2025-10-25 11:57:51.145611] 🟢 smartorder-proxy.service OK
[2025-10-25 11:57:51.151016] 🟢 smartorder-websync-bridge.service OK
[2025-10-25 11:57:51.156679] 🟢 smartorder-portal-v5.service OK
[2025-10-25 11:57:51.166112] 🟢 smartorder-watchdog.service OK
[2025-10-25 11:58:21.388199] === SAFELOGIC GUARDIAN DIAG INIT ===
[2025-10-25 11:58:21.409567] 🟢 smartorder-proxy.service OK
[2025-10-25 11:58:21.422117] 🟢 smartorder-websync-bridge.service OK
[2025-10-25 11:58:21.434507] 🟢 smartorder-portal-v5.service OK
[2025-10-25 11:58:21.441927] 🟢 smartorder-watchdog.service OK
[2025-10-25 11:58:51.798973] === SAFELOGIC GUARDIAN DIAG INIT ===
[2025-10-25 11:58:51.819718] 🟢 smartorder-proxy.service OK
[2025-10-25 11:58:51.831444] 🟢 smartorder-websync-bridge.service OK
[2025-10-25 11:58:51.837449] 🟢 smartorder-portal-v5.service OK
[2025-10-25 11:58:51.841364] 🟢 smartorder-watchdog.service OK
[2025-10-25 11:59:22.086520] === SAFELOGIC GUARDIAN DIAG INIT ===
[2025-10-25 11:59:22.103500] 🟢 smartorder-proxy.service OK
[2025-10-25 11:59:22.119908] 🟢 smartorder-websync-bridge.service OK
[2025-10-25 11:59:22.129793] 🟢 smartorder-portal-v5.service OK
[2025-10-25 11:59:22.136998] 🟢 smartorder-watchdog.service OK
[2025-10-25 11:59:52.438131] === SAFELOGIC GUARDIAN DIAG INIT ===
[2025-10-25 11:59:52.445303] 🟢 smartorder-proxy.service OK
[2025-10-25 11:59:52.455075] 🟢 smartorder-websync-bridge.service OK
[2025-10-25 11:59:52.460072] 🟢 smartorder-portal-v5.service OK
[2025-10-25 11:59:52.464597] 🟢 smartorder-watchdog.service OK
[2025-10-25 12:00:22.782949] === SAFELOGIC GUARDIAN DIAG INIT ===
[2025-10-25 12:00:22.791547] 🟢 smartorder-proxy.service OK
[2025-10-25 12:00:22.796215] 🟢 smartorder-websync-bridge.service OK
[2025-10-25 12:00:22.805036] 🟢 smartorder-portal-v5.service OK
[2025-10-25 12:00:22.808647] 🟢 smartorder-watchdog.service OK
[2025-10-25 12:00:53.101058] === SAFELOGIC GUARDIAN DIAG INIT ===
[2025-10-25 12:00:53.107429] 🟢 smartorder-proxy.service OK
[2025-10-25 12:00:53.111012] 🟢 smartorder-websync-bridge.service OK
[2025-10-25 12:00:53.115210] 🟢 smartorder-portal-v5.service OK
[2025-10-25 12:00:53.118944] 🟢 smartorder-watchdog.service OK
[2025-10-25 12:01:23.483858] === SAFELOGIC GUARDIAN DIAG INIT ===
[2025-10-25 12:01:23.495789] 🟢 smartorder-proxy.service OK
[2025-10-25 12:01:23.502872] 🟢 smartorder-websync-bridge.service OK
[2025-10-25 12:01:23.507031] 🟢 smartorder-portal-v5.service OK
[2025-10-25 12:01:23.513288] 🟢 smartorder-watchdog.service OK
[2025-10-25 12:01:53.832221] === SAFELOGIC GUARDIAN DIAG INIT ===
[2025-10-25 12:01:53.845654] 🟢 smartorder-proxy.service OK
[2025-10-25 12:01:53.850456] 🟢 smartorder-websync-bridge.service OK
[2025-10-25 12:01:53.855046] 🟢 smartorder-portal-v5.service OK
[2025-10-25 12:01:53.863831] 🟢 smartorder-watchdog.service OK
[2025-10-25 12:02:24.108149] === SAFELOGIC GUARDIAN DIAG INIT ===
[2025-10-25 12:02:24.131683] 🟢 smartorder-proxy.service OK
[2025-10-25 12:02:24.134908] 🟢 smartorder-websync-bridge.service OK
[2025-10-25 12:02:24.137947] 🟢 smartorder-portal-v5.service OK
[2025-10-25 12:02:24.144952] 🟢 smartorder-watchdog.service OK
[2025-10-25 12:02:54.750505] === SAFELOGIC GUARDIAN DIAG INIT ===
[2025-10-25 12:02:54.778882] 🟢 smartorder-proxy.service OK
[2025-10-25 12:02:54.802704] 🟢 smartorder-websync-bridge.service OK
[2025-10-25 12:02:54.825964] 🟢 smartorder-portal-v5.service OK
[2025-10-25 12:02:54.859712] 🟢 smartorder-watchdog.service OK
[2025-10-25 12:03:25.013587] === SAFELOGIC GUARDIAN DIAG INIT ===
[2025-10-25 12:03:25.023149] 🟢 smartorder-proxy.service OK
[2025-10-25 12:03:25.032180] 🟢 smartorder-websync-bridge.service OK
[2025-10-25 12:03:25.039250] 🟢 smartorder-portal-v5.service OK
[2025-10-25 12:03:25.053438] 🟢 smartorder-watchdog.service OK
[2025-10-25 12:03:55.338268] === SAFELOGIC GUARDIAN DIAG INIT ===
[2025-10-25 12:03:55.358940] 🟢 smartorder-proxy.service OK
[2025-10-25 12:03:55.385923] 🟢 smartorder-websync-bridge.service OK
[2025-10-25 12:03:55.400662] 🟢 smartorder-portal-v5.service OK
[2025-10-25 12:03:55.411452] 🟢 smartorder-watchdog.service OK
[2025-10-25 12:04:25.654327] === SAFELOGIC GUARDIAN DIAG INIT ===
[2025-10-25 12:04:25.658443] 🟢 smartorder-proxy.service OK
[2025-10-25 12:04:25.662018] 🟢 smartorder-websync-bridge.service OK
[2025-10-25 12:04:25.665086] 🟢 smartorder-portal-v5.service OK
[2025-10-25 12:04:25.677223] 🟢 smartorder-watchdog.service OK
[2025-10-25 12:04:56.004202] === SAFELOGIC GUARDIAN DIAG INIT ===
[2025-10-25 12:04:56.018165] 🟢 smartorder-proxy.service OK
[2025-10-25 12:04:56.027676] 🟢 smartorder-websync-bridge.service OK
[2025-10-25 12:04:56.036629] 🟢 smartorder-portal-v5.service OK
[2025-10-25 12:04:56.043797] 🟢 smartorder-watchdog.service OK
[2025-10-25 12:05:26.384952] === SAFELOGIC GUARDIAN DIAG INIT ===
[2025-10-25 12:05:26.392372] 🟢 smartorder-proxy.service OK
[2025-10-25 12:05:26.400440] 🟢 smartorder-websync-bridge.service OK
[2025-10-25 12:05:26.406826] 🟢 smartorder-portal-v5.service OK
[2025-10-25 12:05:26.415685] 🟢 smartorder-watchdog.service OK
[2025-10-25 12:05:56.681404] === SAFELOGIC GUARDIAN DIAG INIT ===
[2025-10-25 12:05:56.689545] 🟢 smartorder-proxy.service OK
[2025-10-25 12:05:56.697318] 🟢 smartorder-websync-bridge.service OK
[2025-10-25 12:05:56.700867] 🟢 smartorder-portal-v5.service OK
[2025-10-25 12:05:56.709653] 🟢 smartorder-watchdog.service OK
[2025-10-25 12:06:27.054445] === SAFELOGIC GUARDIAN DIAG INIT ===
[2025-10-25 12:06:27.065170] 🟢 smartorder-proxy.service OK
[2025-10-25 12:06:27.068679] 🟢 smartorder-websync-bridge.service OK
[2025-10-25 12:06:27.078448] 🟢 smartorder-portal-v5.service OK
[2025-10-25 12:06:27.091819] 🟢 smartorder-watchdog.service OK
[2025-10-25 12:06:57.304592] === SAFELOGIC GUARDIAN DIAG INIT ===
[2025-10-25 12:06:57.309728] 🟢 smartorder-proxy.service OK
[2025-10-25 12:06:57.320411] 🟢 smartorder-websync-bridge.service OK
[2025-10-25 12:06:57.332884] 🟢 smartorder-portal-v5.service OK
[2025-10-25 12:06:57.336357] 🟢 smartorder-watchdog.service OK
[2025-10-25 12:07:27.630105] === SAFELOGIC GUARDIAN DIAG INIT ===
[2025-10-25 12:07:27.644873] 🟢 smartorder-proxy.service OK
[2025-10-25 12:07:27.649173] 🟢 smartorder-websync-bridge.service OK
[2025-10-25 12:07:27.658065] 🟢 smartorder-portal-v5.service OK
[2025-10-25 12:07:27.673784] 🟢 smartorder-watchdog.service OK
[2025-10-25 12:07:57.949164] === SAFELOGIC GUARDIAN DIAG INIT ===
[2025-10-25 12:07:57.959834] 🟢 smartorder-proxy.service OK
[2025-10-25 12:07:57.966668] 🟢 smartorder-websync-bridge.service OK
[2025-10-25 12:07:57.971716] 🟢 smartorder-portal-v5.service OK
[2025-10-25 12:07:57.980515] 🟢 smartorder-watchdog.service OK
[2025-10-25 12:08:28.325045] === SAFELOGIC GUARDIAN DIAG INIT ===
[2025-10-25 12:08:28.335130] 🟢 smartorder-proxy.service OK
[2025-10-25 12:08:28.338516] 🟢 smartorder-websync-bridge.service OK
[2025-10-25 12:08:28.341515] 🟢 smartorder-portal-v5.service OK
[2025-10-25 12:08:28.349301] 🟢 smartorder-watchdog.service OK
[2025-10-25 12:08:58.733122] === SAFELOGIC GUARDIAN DIAG INIT ===
[2025-10-25 12:08:58.747337] 🟢 smartorder-proxy.service OK
[2025-10-25 12:08:58.751764] 🟢 smartorder-websync-bridge.service OK
[2025-10-25 12:08:58.759427] 🟢 smartorder-portal-v5.service OK
[2025-10-25 12:08:58.768037] 🟢 smartorder-watchdog.service OK
[2025-10-25 12:09:29.037402] === SAFELOGIC GUARDIAN DIAG INIT ===
[2025-10-25 12:09:29.041322] 🟢 smartorder-proxy.service OK
[2025-10-25 12:09:29.046187] 🟢 smartorder-websync-bridge.service OK
[2025-10-25 12:09:29.049038] 🟢 smartorder-portal-v5.service OK
[2025-10-25 12:09:29.052006] 🟢 smartorder-watchdog.service OK
[2025-10-25 12:09:59.428648] === SAFELOGIC GUARDIAN DIAG INIT ===
[2025-10-25 12:09:59.458301] 🟢 smartorder-proxy.service OK
[2025-10-25 12:09:59.465275] 🟢 smartorder-websync-bridge.service OK
[2025-10-25 12:09:59.469196] 🟢 smartorder-portal-v5.service OK
[2025-10-25 12:09:59.475085] 🟢 smartorder-watchdog.service OK
[2025-10-25 12:10:29.754018] === SAFELOGIC GUARDIAN DIAG INIT ===
[2025-10-25 12:10:29.761173] 🟢 smartorder-proxy.service OK
[2025-10-25 12:10:29.765829] 🟢 smartorder-websync-bridge.service OK
[2025-10-25 12:10:29.772944] 🟢 smartorder-portal-v5.service OK
[2025-10-25 12:10:29.775989] 🟢 smartorder-watchdog.service OK
[2025-10-25 12:11:00.143059] === SAFELOGIC GUARDIAN DIAG INIT ===
[2025-10-25 12:11:00.153218] 🟢 smartorder-proxy.service OK
[2025-10-25 12:11:00.165279] 🟢 smartorder-websync-bridge.service OK
[2025-10-25 12:11:00.175727] 🟢 smartorder-portal-v5.service OK
[2025-10-25 12:11:00.187719] 🟢 smartorder-watchdog.service OK
[2025-10-25 12:11:30.543223] === SAFELOGIC GUARDIAN DIAG INIT ===
[2025-10-25 12:11:30.571435] 🟢 smartorder-proxy.service OK
[2025-10-25 12:11:30.576562] 🟢 smartorder-websync-bridge.service OK
[2025-10-25 12:11:30.584495] 🟢 smartorder-portal-v5.service OK
[2025-10-25 12:11:30.596523] 🟢 smartorder-watchdog.service OK
[2025-10-25 12:12:00.823136] === SAFELOGIC GUARDIAN DIAG INIT ===
[2025-10-25 12:12:00.830887] 🟢 smartorder-proxy.service OK
[2025-10-25 12:12:00.843280] 🟢 smartorder-websync-bridge.service OK
[2025-10-25 12:12:00.848406] 🟢 smartorder-portal-v5.service OK
[2025-10-25 12:12:00.853022] 🟢 smartorder-watchdog.service OK
[2025-10-25 12:12:31.190045] === SAFELOGIC GUARDIAN DIAG INIT ===
[2025-10-25 12:12:31.204482] 🟢 smartorder-proxy.service OK
[2025-10-25 12:12:31.209065] 🟢 smartorder-websync-bridge.service OK
[2025-10-25 12:12:31.220623] 🟢 smartorder-portal-v5.service OK
[2025-10-25 12:12:31.232875] 🟢 smartorder-watchdog.service OK
[2025-10-25 12:13:01.531944] === SAFELOGIC GUARDIAN DIAG INIT ===
[2025-10-25 12:13:01.540569] 🟢 smartorder-proxy.service OK
[2025-10-25 12:13:01.543442] 🟢 smartorder-websync-bridge.service OK
[2025-10-25 12:13:01.549319] 🟢 smartorder-portal-v5.service OK
[2025-10-25 12:13:01.556974] 🟢 smartorder-watchdog.service OK
[2025-10-25 12:13:31.844140] === SAFELOGIC GUARDIAN DIAG INIT ===
[2025-10-25 12:13:31.856754] 🟢 smartorder-proxy.service OK
[2025-10-25 12:13:31.866384] 🟢 smartorder-websync-bridge.service OK
[2025-10-25 12:13:31.874273] 🟢 smartorder-portal-v5.service OK
[2025-10-25 12:13:31.882776] 🟢 smartorder-watchdog.service OK
[2025-10-25 12:14:02.205903] === SAFELOGIC GUARDIAN DIAG INIT ===
[2025-10-25 12:14:02.212538] 🟢 smartorder-proxy.service OK
[2025-10-25 12:14:02.217658] 🟢 smartorder-websync-bridge.service OK
[2025-10-25 12:14:02.223324] 🟢 smartorder-portal-v5.service OK
[2025-10-25 12:14:02.227398] 🟢 smartorder-watchdog.service OK
[2025-10-25 12:14:32.586406] === SAFELOGIC GUARDIAN DIAG INIT ===
[2025-10-25 12:14:32.622564] 🟢 smartorder-proxy.service OK
[2025-10-25 12:14:32.626439] 🟢 smartorder-websync-bridge.service OK
[2025-10-25 12:14:32.642441] 🟢 smartorder-portal-v5.service OK
[2025-10-25 12:14:32.654360] 🟢 smartorder-watchdog.service OK
[2025-10-25 12:15:02.874587] === SAFELOGIC GUARDIAN DIAG INIT ===
[2025-10-25 12:15:02.893216] 🟢 smartorder-proxy.service OK
[2025-10-25 12:15:02.897385] 🟢 smartorder-websync-bridge.service OK
[2025-10-25 12:15:02.905162] 🟢 smartorder-portal-v5.service OK
[2025-10-25 12:15:02.914528] 🟢 smartorder-watchdog.service OK
[2025-10-25 12:15:33.214411] === SAFELOGIC GUARDIAN DIAG INIT ===
[2025-10-25 12:15:33.230366] 🟢 smartorder-proxy.service OK
[2025-10-25 12:15:33.246744] 🟢 smartorder-websync-bridge.service OK
[2025-10-25 12:15:33.256984] 🟢 smartorder-portal-v5.service OK
[2025-10-25 12:15:33.267758] 🟢 smartorder-watchdog.service OK
[2025-10-25 12:16:03.563356] === SAFELOGIC GUARDIAN DIAG INIT ===
[2025-10-25 12:16:03.570890] 🟢 smartorder-proxy.service OK
[2025-10-25 12:16:03.574544] 🟢 smartorder-websync-bridge.service OK
[2025-10-25 12:16:03.584498] 🟢 smartorder-portal-v5.service OK
[2025-10-25 12:16:03.597036] 🟢 smartorder-watchdog.service OK
[2025-10-25 12:16:33.903926] === SAFELOGIC GUARDIAN DIAG INIT ===
[2025-10-25 12:16:33.911402] 🟢 smartorder-proxy.service OK
[2025-10-25 12:16:33.921039] 🟢 smartorder-websync-bridge.service OK
[2025-10-25 12:16:33.929409] 🟢 smartorder-portal-v5.service OK
[2025-10-25 12:16:33.940516] 🟢 smartorder-watchdog.service OK
[2025-10-25 12:17:04.220575] === SAFELOGIC GUARDIAN DIAG INIT ===
[2025-10-25 12:17:04.226763] 🟢 smartorder-proxy.service OK
[2025-10-25 12:17:04.237089] 🟢 smartorder-websync-bridge.service OK
[2025-10-25 12:17:04.240528] 🟢 smartorder-portal-v5.service OK
[2025-10-25 12:17:04.249927] 🟢 smartorder-watchdog.service OK
[2025-10-25 12:17:34.524158] === SAFELOGIC GUARDIAN DIAG INIT ===
[2025-10-25 12:17:34.536528] 🟢 smartorder-proxy.service OK
[2025-10-25 12:17:34.541585] 🟢 smartorder-websync-bridge.service OK
[2025-10-25 12:17:34.551290] 🟢 smartorder-portal-v5.service OK
[2025-10-25 12:17:34.553857] 🟢 smartorder-watchdog.service OK
[2025-10-25 12:18:04.821451] === SAFELOGIC GUARDIAN DIAG INIT ===
[2025-10-25 12:18:04.827853] 🟢 smartorder-proxy.service OK
[2025-10-25 12:18:04.832844] 🟢 smartorder-websync-bridge.service OK
[2025-10-25 12:18:04.837860] 🟢 smartorder-portal-v5.service OK
[2025-10-25 12:18:04.842250] 🟢 smartorder-watchdog.service OK
[2025-10-25 12:18:35.199370] === SAFELOGIC GUARDIAN DIAG INIT ===
[2025-10-25 12:18:35.207427] 🟢 smartorder-proxy.service OK
[2025-10-25 12:18:35.216062] 🟢 smartorder-websync-bridge.service OK
[2025-10-25 12:18:35.221752] 🟢 smartorder-portal-v5.service OK
[2025-10-25 12:18:35.229943] 🟢 smartorder-watchdog.service OK
[2025-10-25 12:19:05.533978] === SAFELOGIC GUARDIAN DIAG INIT ===
[2025-10-25 12:19:05.542323] 🟢 smartorder-proxy.service OK
[2025-10-25 12:19:05.548877] 🟢 smartorder-websync-bridge.service OK
[2025-10-25 12:19:05.558829] 🟢 smartorder-portal-v5.service OK
[2025-10-25 12:19:05.564505] 🟢 smartorder-watchdog.service OK
[2025-10-25 12:19:35.873029] === SAFELOGIC GUARDIAN DIAG INIT ===
[2025-10-25 12:19:35.882707] 🟢 smartorder-proxy.service OK
[2025-10-25 12:19:35.888075] 🟢 smartorder-websync-bridge.service OK
[2025-10-25 12:19:35.897255] 🟢 smartorder-portal-v5.service OK
[2025-10-25 12:19:35.900619] 🟢 smartorder-watchdog.service OK
[2025-10-25 12:20:06.204202] === SAFELOGIC GUARDIAN DIAG INIT ===
[2025-10-25 12:20:06.210476] 🟢 smartorder-proxy.service OK
[2025-10-25 12:20:06.215836] 🟢 smartorder-websync-bridge.service OK
[2025-10-25 12:20:06.222240] 🟢 smartorder-portal-v5.service OK
[2025-10-25 12:20:06.228931] 🟢 smartorder-watchdog.service OK
[2025-10-25 12:20:36.519691] === SAFELOGIC GUARDIAN DIAG INIT ===
[2025-10-25 12:20:36.540203] 🟢 smartorder-proxy.service OK
[2025-10-25 12:20:36.543244] 🟢 smartorder-websync-bridge.service OK
[2025-10-25 12:20:36.547105] 🟢 smartorder-portal-v5.service OK
[2025-10-25 12:20:36.552801] 🟢 smartorder-watchdog.service OK
[2025-10-25 12:21:06.842034] === SAFELOGIC GUARDIAN DIAG INIT ===
[2025-10-25 12:21:06.850040] 🟢 smartorder-proxy.service OK
[2025-10-25 12:21:06.852861] 🟢 smartorder-websync-bridge.service OK
[2025-10-25 12:21:06.856141] 🟢 smartorder-portal-v5.service OK
[2025-10-25 12:21:06.859834] 🟢 smartorder-watchdog.service OK
[2025-10-25 12:21:37.141761] === SAFELOGIC GUARDIAN DIAG INIT ===
[2025-10-25 12:21:37.147212] 🟢 smartorder-proxy.service OK
[2025-10-25 12:21:37.156145] 🟢 smartorder-websync-bridge.service OK
[2025-10-25 12:21:37.162141] 🟢 smartorder-portal-v5.service OK
[2025-10-25 12:21:37.168343] 🟢 smartorder-watchdog.service OK
[2025-10-25 12:22:07.419801] === SAFELOGIC GUARDIAN DIAG INIT ===
[2025-10-25 12:22:07.452970] 🟢 smartorder-proxy.service OK
[2025-10-25 12:22:07.460443] 🟢 smartorder-websync-bridge.service OK
[2025-10-25 12:22:07.463359] 🟢 smartorder-portal-v5.service OK
[2025-10-25 12:22:07.466179] 🟢 smartorder-watchdog.service OK
[2025-10-25 12:22:37.766436] === SAFELOGIC GUARDIAN DIAG INIT ===
[2025-10-25 12:22:37.783737] 🟢 smartorder-proxy.service OK
[2025-10-25 12:22:37.793081] 🟢 smartorder-websync-bridge.service OK
[2025-10-25 12:22:37.809125] 🟢 smartorder-portal-v5.service OK
[2025-10-25 12:22:37.812860] 🟢 smartorder-watchdog.service OK
[2025-10-25 12:23:08.107159] === SAFELOGIC GUARDIAN DIAG INIT ===
[2025-10-25 12:23:08.123124] 🟢 smartorder-proxy.service OK
[2025-10-25 12:23:08.126399] 🟢 smartorder-websync-bridge.service OK
[2025-10-25 12:23:08.132940] 🟢 smartorder-portal-v5.service OK
[2025-10-25 12:23:08.136978] 🟢 smartorder-watchdog.service OK
[2025-10-25 12:23:38.420996] === SAFELOGIC GUARDIAN DIAG INIT ===
[2025-10-25 12:23:38.439099] 🟢 smartorder-proxy.service OK
[2025-10-25 12:23:38.443821] 🟢 smartorder-websync-bridge.service OK
[2025-10-25 12:23:38.451383] 🟢 smartorder-portal-v5.service OK
[2025-10-25 12:23:38.460775] 🟢 smartorder-watchdog.service OK
[2025-10-25 12:24:08.728517] === SAFELOGIC GUARDIAN DIAG INIT ===
[2025-10-25 12:24:08.733592] 🟢 smartorder-proxy.service OK
[2025-10-25 12:24:08.737025] 🟢 smartorder-websync-bridge.service OK
[2025-10-25 12:24:08.747707] 🟢 smartorder-portal-v5.service OK
[2025-10-25 12:24:08.750320] 🟢 smartorder-watchdog.service OK
[2025-10-25 12:24:39.070667] === SAFELOGIC GUARDIAN DIAG INIT ===
[2025-10-25 12:24:39.088637] 🟢 smartorder-proxy.service OK
[2025-10-25 12:24:39.093723] 🟢 smartorder-websync-bridge.service OK
[2025-10-25 12:24:39.102534] 🟢 smartorder-portal-v5.service OK
[2025-10-25 12:24:39.115520] 🟢 smartorder-watchdog.service OK
[2025-10-25 12:25:09.415246] === SAFELOGIC GUARDIAN DIAG INIT ===
[2025-10-25 12:25:09.421027] 🟢 smartorder-proxy.service OK
[2025-10-25 12:25:09.425303] 🟢 smartorder-websync-bridge.service OK
[2025-10-25 12:25:09.433292] 🟢 smartorder-portal-v5.service OK
[2025-10-25 12:25:09.438606] 🟢 smartorder-watchdog.service OK
[2025-10-25 12:25:39.806226] === SAFELOGIC GUARDIAN DIAG INIT ===
[2025-10-25 12:25:39.812468] 🟢 smartorder-proxy.service OK
[2025-10-25 12:25:39.819583] 🟢 smartorder-websync-bridge.service OK
[2025-10-25 12:25:39.829138] 🟢 smartorder-portal-v5.service OK
[2025-10-25 12:25:39.832456] 🟢 smartorder-watchdog.service OK
[2025-10-25 12:26:10.136651] === SAFELOGIC GUARDIAN DIAG INIT ===
[2025-10-25 12:26:10.150389] 🟢 smartorder-proxy.service OK
[2025-10-25 12:26:10.161615] 🟢 smartorder-websync-bridge.service OK
[2025-10-25 12:26:10.166312] 🟢 smartorder-portal-v5.service OK
[2025-10-25 12:26:10.172107] 🟢 smartorder-watchdog.service OK
[2025-10-25 12:26:40.493473] === SAFELOGIC GUARDIAN DIAG INIT ===
[2025-10-25 12:26:40.516630] 🟢 smartorder-proxy.service OK
[2025-10-25 12:26:40.528473] 🟢 smartorder-websync-bridge.service OK
[2025-10-25 12:26:40.535922] 🟢 smartorder-portal-v5.service OK
[2025-10-25 12:26:40.539842] 🟢 smartorder-watchdog.service OK
[2025-10-25 12:27:10.913671] === SAFELOGIC GUARDIAN DIAG INIT ===
[2025-10-25 12:27:10.927007] 🟢 smartorder-proxy.service OK
[2025-10-25 12:27:10.937478] 🟢 smartorder-websync-bridge.service OK
[2025-10-25 12:27:10.941292] 🟢 smartorder-portal-v5.service OK
[2025-10-25 12:27:10.955328] 🟢 smartorder-watchdog.service OK
[2025-10-25 12:27:41.258342] === SAFELOGIC GUARDIAN DIAG INIT ===
[2025-10-25 12:27:41.263376] 🟢 smartorder-proxy.service OK
[2025-10-25 12:27:41.268759] 🟢 smartorder-websync-bridge.service OK
[2025-10-25 12:27:41.272045] 🟢 smartorder-portal-v5.service OK
[2025-10-25 12:27:41.275984] 🟢 smartorder-watchdog.service OK
[2025-10-25 12:28:11.661078] === SAFELOGIC GUARDIAN DIAG INIT ===
[2025-10-25 12:28:11.670144] 🟢 smartorder-proxy.service OK
[2025-10-25 12:28:11.676962] 🟢 smartorder-websync-bridge.service OK
[2025-10-25 12:28:11.682476] 🟢 smartorder-portal-v5.service OK
[2025-10-25 12:28:11.689267] 🟢 smartorder-watchdog.service OK
[2025-10-25 12:28:41.972639] === SAFELOGIC GUARDIAN DIAG INIT ===
[2025-10-25 12:28:41.980413] 🟢 smartorder-proxy.service OK
[2025-10-25 12:28:41.988367] 🟢 smartorder-websync-bridge.service OK
[2025-10-25 12:28:41.991736] 🟢 smartorder-portal-v5.service OK
[2025-10-25 12:28:41.994846] 🟢 smartorder-watchdog.service OK
[2025-10-25 12:29:12.296081] === SAFELOGIC GUARDIAN DIAG INIT ===
[2025-10-25 12:29:12.302642] 🟢 smartorder-proxy.service OK
[2025-10-25 12:29:12.305941] 🟢 smartorder-websync-bridge.service OK
[2025-10-25 12:29:12.309768] 🟢 smartorder-portal-v5.service OK
[2025-10-25 12:29:12.312681] 🟢 smartorder-watchdog.service OK
[2025-10-25 12:29:42.624572] === SAFELOGIC GUARDIAN DIAG INIT ===
[2025-10-25 12:29:42.643933] 🟢 smartorder-proxy.service OK
[2025-10-25 12:29:42.657846] 🟢 smartorder-websync-bridge.service OK
[2025-10-25 12:29:42.670785] 🟢 smartorder-portal-v5.service OK
[2025-10-25 12:29:42.677235] 🟢 smartorder-watchdog.service OK
[2025-10-25 12:30:12.996341] === SAFELOGIC GUARDIAN DIAG INIT ===
[2025-10-25 12:30:13.005475] 🟢 smartorder-proxy.service OK
[2025-10-25 12:30:13.012898] 🟢 smartorder-websync-bridge.service OK
[2025-10-25 12:30:13.015901] 🟢 smartorder-portal-v5.service OK
[2025-10-25 12:30:13.022298] 🟢 smartorder-watchdog.service OK
[2025-10-25 12:30:43.338436] === SAFELOGIC GUARDIAN DIAG INIT ===
[2025-10-25 12:30:43.356383] 🟢 smartorder-proxy.service OK
[2025-10-25 12:30:43.359638] 🟢 smartorder-websync-bridge.service OK
[2025-10-25 12:30:43.362699] 🟢 smartorder-portal-v5.service OK
[2025-10-25 12:30:43.368360] 🟢 smartorder-watchdog.service OK
[2025-10-25 12:31:13.721453] === SAFELOGIC GUARDIAN DIAG INIT ===
[2025-10-25 12:31:13.739014] 🟢 smartorder-proxy.service OK
[2025-10-25 12:31:13.748817] 🟢 smartorder-websync-bridge.service OK
[2025-10-25 12:31:13.751984] 🟢 smartorder-portal-v5.service OK
[2025-10-25 12:31:13.764849] 🟢 smartorder-watchdog.service OK
[2025-10-25 12:31:44.036572] === SAFELOGIC GUARDIAN DIAG INIT ===
[2025-10-25 12:31:44.048487] 🟢 smartorder-proxy.service OK
[2025-10-25 12:31:44.056339] 🟢 smartorder-websync-bridge.service OK
[2025-10-25 12:31:44.065268] 🟢 smartorder-portal-v5.service OK
[2025-10-25 12:31:44.070611] 🟢 smartorder-watchdog.service OK
[2025-10-25 12:32:14.418494] === SAFELOGIC GUARDIAN DIAG INIT ===
[2025-10-25 12:32:14.438392] 🟢 smartorder-proxy.service OK
[2025-10-25 12:32:14.445092] 🟢 smartorder-websync-bridge.service OK
[2025-10-25 12:32:14.453293] 🟢 smartorder-portal-v5.service OK
[2025-10-25 12:32:14.460985] 🟢 smartorder-watchdog.service OK
[2025-10-25 12:32:44.750442] === SAFELOGIC GUARDIAN DIAG INIT ===
[2025-10-25 12:32:44.766636] 🟢 smartorder-proxy.service OK
[2025-10-25 12:32:44.780739] 🟢 smartorder-websync-bridge.service OK
[2025-10-25 12:32:44.785961] 🟢 smartorder-portal-v5.service OK
[2025-10-25 12:32:44.790446] 🟢 smartorder-watchdog.service OK
[2025-10-25 12:33:15.079392] === SAFELOGIC GUARDIAN DIAG INIT ===
[2025-10-25 12:33:15.087622] 🟢 smartorder-proxy.service OK
[2025-10-25 12:33:15.091152] 🟢 smartorder-websync-bridge.service OK
[2025-10-25 12:33:15.094397] 🟢 smartorder-portal-v5.service OK
[2025-10-25 12:33:15.099728] 🟢 smartorder-watchdog.service OK
[2025-10-25 12:33:45.406451] === SAFELOGIC GUARDIAN DIAG INIT ===
[2025-10-25 12:33:45.416036] 🟢 smartorder-proxy.service OK
[2025-10-25 12:33:45.423663] 🟢 smartorder-websync-bridge.service OK
[2025-10-25 12:33:45.429846] 🟢 smartorder-portal-v5.service OK
[2025-10-25 12:33:45.438849] 🟢 smartorder-watchdog.service OK
[2025-10-25 12:34:15.736926] === SAFELOGIC GUARDIAN DIAG INIT ===
[2025-10-25 12:34:15.748694] 🟢 smartorder-proxy.service OK
[2025-10-25 12:34:15.753144] 🟢 smartorder-websync-bridge.service OK
[2025-10-25 12:34:15.766237] 🟢 smartorder-portal-v5.service OK
[2025-10-25 12:34:15.771609] 🟢 smartorder-watchdog.service OK
[2025-10-25 12:34:46.097470] === SAFELOGIC GUARDIAN DIAG INIT ===
[2025-10-25 12:34:46.105531] 🟢 smartorder-proxy.service OK
[2025-10-25 12:34:46.113682] 🟢 smartorder-websync-bridge.service OK
[2025-10-25 12:34:46.117730] 🟢 smartorder-portal-v5.service OK
[2025-10-25 12:34:46.133353] 🟢 smartorder-watchdog.service OK
[2025-10-25 12:35:16.393691] === SAFELOGIC GUARDIAN DIAG INIT ===
[2025-10-25 12:35:16.410135] 🟢 smartorder-proxy.service OK
[2025-10-25 12:35:16.425048] 🟢 smartorder-websync-bridge.service OK
[2025-10-25 12:35:16.431733] 🟢 smartorder-portal-v5.service OK
[2025-10-25 12:35:16.435231] 🟢 smartorder-watchdog.service OK
[2025-10-25 12:35:46.703725] === SAFELOGIC GUARDIAN DIAG INIT ===
[2025-10-25 12:35:46.725778] 🟢 smartorder-proxy.service OK
[2025-10-25 12:35:46.736325] 🟢 smartorder-websync-bridge.service OK
[2025-10-25 12:35:46.741608] 🟢 smartorder-portal-v5.service OK
[2025-10-25 12:35:46.748842] 🟢 smartorder-watchdog.service OK
[2025-10-25 12:36:17.011255] === SAFELOGIC GUARDIAN DIAG INIT ===
[2025-10-25 12:36:17.019953] 🟢 smartorder-proxy.service OK
[2025-10-25 12:36:17.026016] 🟢 smartorder-websync-bridge.service OK
[2025-10-25 12:36:17.037752] 🟢 smartorder-portal-v5.service OK
[2025-10-25 12:36:17.041582] 🟢 smartorder-watchdog.service OK
[2025-10-25 12:36:47.356754] === SAFELOGIC GUARDIAN DIAG INIT ===
[2025-10-25 12:36:47.360616] 🟢 smartorder-proxy.service OK
[2025-10-25 12:36:47.368420] 🟢 smartorder-websync-bridge.service OK
[2025-10-25 12:36:47.372844] 🟢 smartorder-portal-v5.service OK
[2025-10-25 12:36:47.381103] 🟢 smartorder-watchdog.service OK
[2025-10-25 12:37:17.681701] === SAFELOGIC GUARDIAN DIAG INIT ===
[2025-10-25 12:37:17.695633] 🟢 smartorder-proxy.service OK
[2025-10-25 12:37:17.698855] ⚠️ smartorder-websync-bridge.service inactif — redémarrage...
[2025-10-25 12:37:20.715312] ✅ smartorder-websync-bridge.service restauré avec succès.
[2025-10-25 12:37:20.718441] 🟢 smartorder-portal-v5.service OK
[2025-10-25 12:37:20.721385] 🟢 smartorder-watchdog.service OK
[2025-10-25 12:37:48.063242] === SAFELOGIC GUARDIAN DIAG INIT ===
[2025-10-25 12:37:48.079201] 🟢 smartorder-proxy.service OK
[2025-10-25 12:37:48.083746] 🟢 smartorder-websync-bridge.service OK
[2025-10-25 12:37:48.087649] 🟢 smartorder-portal-v5.service OK
[2025-10-25 12:37:48.096377] 🟢 smartorder-watchdog.service OK
[2025-10-25 12:38:18.395699] === SAFELOGIC GUARDIAN DIAG INIT ===
[2025-10-25 12:38:18.413579] 🟢 smartorder-proxy.service OK
[2025-10-25 12:38:18.416734] 🟢 smartorder-websync-bridge.service OK
[2025-10-25 12:38:18.419985] 🟢 smartorder-portal-v5.service OK
[2025-10-25 12:38:18.422652] 🟢 smartorder-watchdog.service OK
[2025-10-25 12:38:48.683812] === SAFELOGIC GUARDIAN DIAG INIT ===
[2025-10-25 12:38:48.690816] 🟢 smartorder-proxy.service OK
[2025-10-25 12:38:48.694524] 🟢 smartorder-websync-bridge.service OK
[2025-10-25 12:38:48.699199] 🟢 smartorder-portal-v5.service OK
[2025-10-25 12:38:48.703220] 🟢 smartorder-watchdog.service OK
[2025-10-25 12:39:18.986990] === SAFELOGIC GUARDIAN DIAG INIT ===
[2025-10-25 12:39:18.995233] 🟢 smartorder-proxy.service OK
[2025-10-25 12:39:19.005489] 🟢 smartorder-websync-bridge.service OK
[2025-10-25 12:39:19.008799] 🟢 smartorder-portal-v5.service OK
[2025-10-25 12:39:19.012409] 🟢 smartorder-watchdog.service OK
[2025-10-25 12:39:49.279023] === SAFELOGIC GUARDIAN DIAG INIT ===
[2025-10-25 12:39:49.288740] 🟢 smartorder-proxy.service OK
[2025-10-25 12:39:49.296966] 🟢 smartorder-websync-bridge.service OK
[2025-10-25 12:39:49.299963] 🟢 smartorder-portal-v5.service OK
[2025-10-25 12:39:49.302950] 🟢 smartorder-watchdog.service OK
[2025-10-25 12:40:19.606059] === SAFELOGIC GUARDIAN DIAG INIT ===
[2025-10-25 12:40:19.616070] 🟢 smartorder-proxy.service OK
[2025-10-25 12:40:19.623157] 🟢 smartorder-websync-bridge.service OK
[2025-10-25 12:40:19.632719] 🟢 smartorder-portal-v5.service OK
[2025-10-25 12:40:19.636509] 🟢 smartorder-watchdog.service OK
[2025-10-25 12:40:49.958535] === SAFELOGIC GUARDIAN DIAG INIT ===
[2025-10-25 12:40:49.971121] 🟢 smartorder-proxy.service OK
[2025-10-25 12:40:49.976918] 🟢 smartorder-websync-bridge.service OK
[2025-10-25 12:40:49.984950] 🟢 smartorder-portal-v5.service OK
[2025-10-25 12:40:49.990806] 🟢 smartorder-watchdog.service OK
[2025-10-25 12:41:20.315999] === SAFELOGIC GUARDIAN DIAG INIT ===
[2025-10-25 12:41:20.331194] 🟢 smartorder-proxy.service OK
[2025-10-25 12:41:20.341729] 🟢 smartorder-websync-bridge.service OK
[2025-10-25 12:41:20.347544] 🟢 smartorder-portal-v5.service OK
[2025-10-25 12:41:20.359415] 🟢 smartorder-watchdog.service OK
[2025-10-25 12:41:50.636042] === SAFELOGIC GUARDIAN DIAG INIT ===
[2025-10-25 12:41:50.651830] 🟢 smartorder-proxy.service OK
[2025-10-25 12:41:50.655461] 🟢 smartorder-websync-bridge.service OK
[2025-10-25 12:41:50.658688] 🟢 smartorder-portal-v5.service OK
[2025-10-25 12:41:50.666183] 🟢 smartorder-watchdog.service OK
[2025-10-25 12:42:20.994545] === SAFELOGIC GUARDIAN DIAG INIT ===
[2025-10-25 12:42:21.004609] 🟢 smartorder-proxy.service OK
[2025-10-25 12:42:21.009511] 🟢 smartorder-websync-bridge.service OK
[2025-10-25 12:42:21.018076] 🟢 smartorder-portal-v5.service OK
[2025-10-25 12:42:21.029710] 🟢 smartorder-watchdog.service OK
[2025-10-25 12:42:51.316482] === SAFELOGIC GUARDIAN DIAG INIT ===
[2025-10-25 12:42:51.327586] 🟢 smartorder-proxy.service OK
[2025-10-25 12:42:51.331474] 🟢 smartorder-websync-bridge.service OK
[2025-10-25 12:42:51.343750] 🟢 smartorder-portal-v5.service OK
[2025-10-25 12:42:51.351121] 🟢 smartorder-watchdog.service OK
[2025-10-25 12:43:21.605469] === SAFELOGIC GUARDIAN DIAG INIT ===
[2025-10-25 12:43:21.611074] 🟢 smartorder-proxy.service OK
[2025-10-25 12:43:21.616647] 🟢 smartorder-websync-bridge.service OK
[2025-10-25 12:43:21.620463] 🟢 smartorder-portal-v5.service OK
[2025-10-25 12:43:21.626068] 🟢 smartorder-watchdog.service OK
[2025-10-25 12:43:51.969741] === SAFELOGIC GUARDIAN DIAG INIT ===
[2025-10-25 12:43:51.979017] 🟢 smartorder-proxy.service OK
[2025-10-25 12:43:51.982653] 🟢 smartorder-websync-bridge.service OK
[2025-10-25 12:43:51.990642] 🟢 smartorder-portal-v5.service OK
[2025-10-25 12:43:51.996969] 🟢 smartorder-watchdog.service OK
[2025-10-25 12:44:22.323234] === SAFELOGIC GUARDIAN DIAG INIT ===
[2025-10-25 12:44:22.335585] 🟢 smartorder-proxy.service OK
[2025-10-25 12:44:22.345705] 🟢 smartorder-websync-bridge.service OK
[2025-10-25 12:44:22.350483] 🟢 smartorder-portal-v5.service OK
[2025-10-25 12:44:22.358633] 🟢 smartorder-watchdog.service OK
[2025-10-25 12:44:52.707849] === SAFELOGIC GUARDIAN DIAG INIT ===
[2025-10-25 12:44:52.724008] 🟢 smartorder-proxy.service OK
[2025-10-25 12:44:52.736613] 🟢 smartorder-websync-bridge.service OK
[2025-10-25 12:44:52.744487] 🟢 smartorder-portal-v5.service OK
[2025-10-25 12:44:52.752468] 🟢 smartorder-watchdog.service OK
[2025-10-25 12:45:23.062581] === SAFELOGIC GUARDIAN DIAG INIT ===
[2025-10-25 12:45:23.067812] 🟢 smartorder-proxy.service OK
[2025-10-25 12:45:23.073598] 🟢 smartorder-websync-bridge.service OK
[2025-10-25 12:45:23.079427] 🟢 smartorder-portal-v5.service OK
[2025-10-25 12:45:23.085528] 🟢 smartorder-watchdog.service OK
[2025-10-25 12:45:53.423786] === SAFELOGIC GUARDIAN DIAG INIT ===
[2025-10-25 12:45:53.438212] 🟢 smartorder-proxy.service OK
[2025-10-25 12:45:53.441802] 🟢 smartorder-websync-bridge.service OK
[2025-10-25 12:45:53.445303] 🟢 smartorder-portal-v5.service OK
[2025-10-25 12:45:53.451128] 🟢 smartorder-watchdog.service OK
[2025-10-25 12:46:23.721643] === SAFELOGIC GUARDIAN DIAG INIT ===
[2025-10-25 12:46:23.728380] 🟢 smartorder-proxy.service OK
[2025-10-25 12:46:23.740577] 🟢 smartorder-websync-bridge.service OK
[2025-10-25 12:46:23.746691] 🟢 smartorder-portal-v5.service OK
[2025-10-25 12:46:23.755644] 🟢 smartorder-watchdog.service OK
[2025-10-25 12:46:54.043612] === SAFELOGIC GUARDIAN DIAG INIT ===
[2025-10-25 12:46:54.052858] 🟢 smartorder-proxy.service OK
[2025-10-25 12:46:54.062618] 🟢 smartorder-websync-bridge.service OK
[2025-10-25 12:46:54.065307] 🟢 smartorder-portal-v5.service OK
[2025-10-25 12:46:54.067957] 🟢 smartorder-watchdog.service OK
[2025-10-25 12:47:24.345762] === SAFELOGIC GUARDIAN DIAG INIT ===
[2025-10-25 12:47:24.353370] 🟢 smartorder-proxy.service OK
[2025-10-25 12:47:24.358742] 🟢 smartorder-websync-bridge.service OK
[2025-10-25 12:47:24.364557] 🟢 smartorder-portal-v5.service OK
[2025-10-25 12:47:24.371013] 🟢 smartorder-watchdog.service OK
[2025-10-25 12:47:54.650732] === SAFELOGIC GUARDIAN DIAG INIT ===
[2025-10-25 12:47:54.664392] 🟢 smartorder-proxy.service OK
[2025-10-25 12:47:54.669903] 🟢 smartorder-websync-bridge.service OK
[2025-10-25 12:47:54.674491] 🟢 smartorder-portal-v5.service OK
[2025-10-25 12:47:54.677605] 🟢 smartorder-watchdog.service OK
[2025-10-25 12:48:24.920043] === SAFELOGIC GUARDIAN DIAG INIT ===
[2025-10-25 12:48:24.929031] 🟢 smartorder-proxy.service OK
[2025-10-25 12:48:24.932742] 🟢 smartorder-websync-bridge.service OK
[2025-10-25 12:48:24.938707] 🟢 smartorder-portal-v5.service OK
[2025-10-25 12:48:24.942890] 🟢 smartorder-watchdog.service OK
[2025-10-25 12:48:55.189198] === SAFELOGIC GUARDIAN DIAG INIT ===
[2025-10-25 12:48:55.198746] 🟢 smartorder-proxy.service OK
[2025-10-25 12:48:55.204351] 🟢 smartorder-websync-bridge.service OK
[2025-10-25 12:48:55.207125] 🟢 smartorder-portal-v5.service OK
[2025-10-25 12:48:55.212420] 🟢 smartorder-watchdog.service OK
[2025-10-25 12:49:25.458924] === SAFELOGIC GUARDIAN DIAG INIT ===
[2025-10-25 12:49:25.468432] 🟢 smartorder-proxy.service OK
[2025-10-25 12:49:25.474599] 🟢 smartorder-websync-bridge.service OK
[2025-10-25 12:49:25.477450] 🟢 smartorder-portal-v5.service OK
[2025-10-25 12:49:25.480745] 🟢 smartorder-watchdog.service OK
[2025-10-25 12:49:55.772779] === SAFELOGIC GUARDIAN DIAG INIT ===
[2025-10-25 12:49:55.789062] 🟢 smartorder-proxy.service OK
[2025-10-25 12:49:55.795191] 🟢 smartorder-websync-bridge.service OK
[2025-10-25 12:49:55.798901] 🟢 smartorder-portal-v5.service OK
[2025-10-25 12:49:55.801927] 🟢 smartorder-watchdog.service OK
[2025-10-25 12:50:26.132954] === SAFELOGIC GUARDIAN DIAG INIT ===
[2025-10-25 12:50:26.148500] 🟢 smartorder-proxy.service OK
[2025-10-25 12:50:26.152961] 🟢 smartorder-websync-bridge.service OK
[2025-10-25 12:50:26.156731] 🟢 smartorder-portal-v5.service OK
[2025-10-25 12:50:26.162042] 🟢 smartorder-watchdog.service OK
[2025-10-25 12:50:56.478915] === SAFELOGIC GUARDIAN DIAG INIT ===
[2025-10-25 12:50:56.482714] 🟢 smartorder-proxy.service OK
[2025-10-25 12:50:56.496488] 🟢 smartorder-websync-bridge.service OK
[2025-10-25 12:50:56.502583] 🟢 smartorder-portal-v5.service OK
[2025-10-25 12:50:56.506270] 🟢 smartorder-watchdog.service OK
[2025-10-25 12:51:26.821575] === SAFELOGIC GUARDIAN DIAG INIT ===
[2025-10-25 12:51:26.841362] 🟢 smartorder-proxy.service OK
[2025-10-25 12:51:26.850404] 🟢 smartorder-websync-bridge.service OK
[2025-10-25 12:51:26.855423] 🟢 smartorder-portal-v5.service OK
[2025-10-25 12:51:26.863021] 🟢 smartorder-watchdog.service OK
[2025-10-25 12:51:57.211161] === SAFELOGIC GUARDIAN DIAG INIT ===
[2025-10-25 12:51:57.221883] 🟢 smartorder-proxy.service OK
[2025-10-25 12:51:57.224747] 🟢 smartorder-websync-bridge.service OK
[2025-10-25 12:51:57.228724] 🟢 smartorder-portal-v5.service OK
[2025-10-25 12:51:57.234284] 🟢 smartorder-watchdog.service OK
[2025-10-25 12:52:27.557981] === SAFELOGIC GUARDIAN DIAG INIT ===
[2025-10-25 12:52:27.576958] 🟢 smartorder-proxy.service OK
[2025-10-25 12:52:27.580582] 🟢 smartorder-websync-bridge.service OK
[2025-10-25 12:52:27.588940] 🟢 smartorder-portal-v5.service OK
[2025-10-25 12:52:27.592833] 🟢 smartorder-watchdog.service OK
[2025-10-25 12:52:57.870023] === SAFELOGIC GUARDIAN DIAG INIT ===
[2025-10-25 12:52:57.887235] 🟢 smartorder-proxy.service OK
[2025-10-25 12:52:57.901203] 🟢 smartorder-websync-bridge.service OK
[2025-10-25 12:52:57.904239] 🟢 smartorder-portal-v5.service OK
[2025-10-25 12:52:57.912823] 🟢 smartorder-watchdog.service OK
[2025-10-25 12:53:28.223788] === SAFELOGIC GUARDIAN DIAG INIT ===
[2025-10-25 12:53:28.232452] 🟢 smartorder-proxy.service OK
[2025-10-25 12:53:28.244519] 🟢 smartorder-websync-bridge.service OK
[2025-10-25 12:53:28.252348] 🟢 smartorder-portal-v5.service OK
[2025-10-25 12:53:28.256371] 🟢 smartorder-watchdog.service OK
[2025-10-25 12:53:58.557088] === SAFELOGIC GUARDIAN DIAG INIT ===
[2025-10-25 12:53:58.566332] 🟢 smartorder-proxy.service OK
[2025-10-25 12:53:58.573574] 🟢 smartorder-websync-bridge.service OK
[2025-10-25 12:53:58.580261] 🟢 smartorder-portal-v5.service OK
[2025-10-25 12:53:58.585704] 🟢 smartorder-watchdog.service OK
[2025-10-25 12:54:28.899916] === SAFELOGIC GUARDIAN DIAG INIT ===
[2025-10-25 12:54:28.913064] 🟢 smartorder-proxy.service OK
[2025-10-25 12:54:28.916193] 🟢 smartorder-websync-bridge.service OK
[2025-10-25 12:54:28.919238] 🟢 smartorder-portal-v5.service OK
[2025-10-25 12:54:28.926761] 🟢 smartorder-watchdog.service OK
[2025-10-25 12:54:59.239680] === SAFELOGIC GUARDIAN DIAG INIT ===
[2025-10-25 12:54:59.255833] 🟢 smartorder-proxy.service OK
[2025-10-25 12:54:59.264489] 🟢 smartorder-websync-bridge.service OK
[2025-10-25 12:54:59.275339] 🟢 smartorder-portal-v5.service OK
[2025-10-25 12:54:59.288868] 🟢 smartorder-watchdog.service OK
[2025-10-25 12:55:29.586307] === SAFELOGIC GUARDIAN DIAG INIT ===
[2025-10-25 12:55:29.600392] 🟢 smartorder-proxy.service OK
[2025-10-25 12:55:29.605598] 🟢 smartorder-websync-bridge.service OK
[2025-10-25 12:55:29.634440] 🟢 smartorder-portal-v5.service OK
[2025-10-25 12:55:29.640010] 🟢 smartorder-watchdog.service OK
[2025-10-25 12:55:59.858883] === SAFELOGIC GUARDIAN DIAG INIT ===
[2025-10-25 12:55:59.868285] 🟢 smartorder-proxy.service OK
[2025-10-25 12:55:59.876105] 🟢 smartorder-websync-bridge.service OK
[2025-10-25 12:55:59.884651] 🟢 smartorder-portal-v5.service OK
[2025-10-25 12:55:59.889722] 🟢 smartorder-watchdog.service OK
[2025-10-25 12:56:30.186585] === SAFELOGIC GUARDIAN DIAG INIT ===
[2025-10-25 12:56:30.197187] 🟢 smartorder-proxy.service OK
[2025-10-25 12:56:30.203342] 🟢 smartorder-websync-bridge.service OK
[2025-10-25 12:56:30.209778] 🟢 smartorder-portal-v5.service OK
[2025-10-25 12:56:30.215573] 🟢 smartorder-watchdog.service OK
[2025-10-25 12:57:00.472126] === SAFELOGIC GUARDIAN DIAG INIT ===
[2025-10-25 12:57:00.488392] 🟢 smartorder-proxy.service OK
[2025-10-25 12:57:00.492379] 🟢 smartorder-websync-bridge.service OK
[2025-10-25 12:57:00.498804] 🟢 smartorder-portal-v5.service OK
[2025-10-25 12:57:00.502994] 🟢 smartorder-watchdog.service OK
[2025-10-25 12:57:30.803025] === SAFELOGIC GUARDIAN DIAG INIT ===
[2025-10-25 12:57:30.810131] 🟢 smartorder-proxy.service OK
[2025-10-25 12:57:30.813767] 🟢 smartorder-websync-bridge.service OK
[2025-10-25 12:57:30.817906] 🟢 smartorder-portal-v5.service OK
[2025-10-25 12:57:30.825248] 🟢 smartorder-watchdog.service OK
[2025-10-25 12:58:01.119232] === SAFELOGIC GUARDIAN DIAG INIT ===
[2025-10-25 12:58:01.136100] 🟢 smartorder-proxy.service OK
[2025-10-25 12:58:01.140110] 🟢 smartorder-websync-bridge.service OK
[2025-10-25 12:58:01.149647] 🟢 smartorder-portal-v5.service OK
[2025-10-25 12:58:01.157385] 🟢 smartorder-watchdog.service OK
[2025-10-25 12:58:31.431042] === SAFELOGIC GUARDIAN DIAG INIT ===
[2025-10-25 12:58:31.442208] 🟢 smartorder-proxy.service OK
[2025-10-25 12:58:31.449273] 🟢 smartorder-websync-bridge.service OK
[2025-10-25 12:58:31.455833] 🟢 smartorder-portal-v5.service OK
[2025-10-25 12:58:31.461445] 🟢 smartorder-watchdog.service OK
[2025-10-25 12:59:01.768010] === SAFELOGIC GUARDIAN DIAG INIT ===
[2025-10-25 12:59:01.788081] 🟢 smartorder-proxy.service OK
[2025-10-25 12:59:01.794997] 🟢 smartorder-websync-bridge.service OK
[2025-10-25 12:59:01.799383] 🟢 smartorder-portal-v5.service OK
[2025-10-25 12:59:01.805638] 🟢 smartorder-watchdog.service OK
[2025-10-25 12:59:32.043706] === SAFELOGIC GUARDIAN DIAG INIT ===
[2025-10-25 12:59:32.055935] 🟢 smartorder-proxy.service OK
[2025-10-25 12:59:32.064183] 🟢 smartorder-websync-bridge.service OK
[2025-10-25 12:59:32.067204] 🟢 smartorder-portal-v5.service OK
[2025-10-25 12:59:32.070365] 🟢 smartorder-watchdog.service OK
[2025-10-25 13:00:02.419926] === SAFELOGIC GUARDIAN DIAG INIT ===
[2025-10-25 13:00:02.449183] 🟢 smartorder-proxy.service OK
[2025-10-25 13:00:02.453366] 🟢 smartorder-websync-bridge.service OK
[2025-10-25 13:00:02.457940] 🟢 smartorder-portal-v5.service OK
[2025-10-25 13:00:02.465419] 🟢 smartorder-watchdog.service OK
[2025-10-25 13:00:32.764446] === SAFELOGIC GUARDIAN DIAG INIT ===
[2025-10-25 13:00:32.793221] 🟢 smartorder-proxy.service OK
[2025-10-25 13:00:32.797250] 🟢 smartorder-websync-bridge.service OK
[2025-10-25 13:00:32.804486] 🟢 smartorder-portal-v5.service OK
[2025-10-25 13:00:32.808905] 🟢 smartorder-watchdog.service OK
[2025-10-25 13:01:03.066749] === SAFELOGIC GUARDIAN DIAG INIT ===
[2025-10-25 13:01:03.074655] 🟢 smartorder-proxy.service OK
[2025-10-25 13:01:03.078162] 🟢 smartorder-websync-bridge.service OK
[2025-10-25 13:01:03.090292] 🟢 smartorder-portal-v5.service OK
[2025-10-25 13:01:03.098948] 🟢 smartorder-watchdog.service OK
[2025-10-25 13:01:33.419695] === SAFELOGIC GUARDIAN DIAG INIT ===
[2025-10-25 13:01:33.427586] 🟢 smartorder-proxy.service OK
[2025-10-25 13:01:33.433171] 🟢 smartorder-websync-bridge.service OK
[2025-10-25 13:01:33.438742] 🟢 smartorder-portal-v5.service OK
[2025-10-25 13:01:33.443890] 🟢 smartorder-watchdog.service OK
[2025-10-25 13:02:03.814529] === SAFELOGIC GUARDIAN DIAG INIT ===
[2025-10-25 13:02:03.821507] 🟢 smartorder-proxy.service OK
[2025-10-25 13:02:03.841747] 🟢 smartorder-websync-bridge.service OK
[2025-10-25 13:02:03.845827] 🟢 smartorder-portal-v5.service OK
[2025-10-25 13:02:03.849401] 🟢 smartorder-watchdog.service OK
[2025-10-25 13:02:34.119115] === SAFELOGIC GUARDIAN DIAG INIT ===
[2025-10-25 13:02:34.127603] 🟢 smartorder-proxy.service OK
[2025-10-25 13:02:34.130503] 🟢 smartorder-websync-bridge.service OK
[2025-10-25 13:02:34.134404] 🟢 smartorder-portal-v5.service OK
[2025-10-25 13:02:34.141082] 🟢 smartorder-watchdog.service OK
[2025-10-25 13:03:04.479627] === SAFELOGIC GUARDIAN DIAG INIT ===
[2025-10-25 13:03:04.486110] 🟢 smartorder-proxy.service OK
[2025-10-25 13:03:04.505284] 🟢 smartorder-websync-bridge.service OK
[2025-10-25 13:03:04.512525] 🟢 smartorder-portal-v5.service OK
[2025-10-25 13:03:04.522997] 🟢 smartorder-watchdog.service OK
[2025-10-25 13:03:34.773688] === SAFELOGIC GUARDIAN DIAG INIT ===
[2025-10-25 13:03:34.783407] 🟢 smartorder-proxy.service OK
[2025-10-25 13:03:34.786641] 🟢 smartorder-websync-bridge.service OK
[2025-10-25 13:03:34.793644] 🟢 smartorder-portal-v5.service OK
[2025-10-25 13:03:34.797902] 🟢 smartorder-watchdog.service OK
[2025-10-25 13:04:05.148030] === SAFELOGIC GUARDIAN DIAG INIT ===
[2025-10-25 13:04:05.165300] 🟢 smartorder-proxy.service OK
[2025-10-25 13:04:05.176431] 🟢 smartorder-websync-bridge.service OK
[2025-10-25 13:04:05.183519] 🟢 smartorder-portal-v5.service OK
[2025-10-25 13:04:05.188860] 🟢 smartorder-watchdog.service OK
[2025-10-25 13:04:35.479887] === SAFELOGIC GUARDIAN DIAG INIT ===
[2025-10-25 13:04:35.490639] 🟢 smartorder-proxy.service OK
[2025-10-25 13:04:35.494985] 🟢 smartorder-websync-bridge.service OK
[2025-10-25 13:04:35.503837] 🟢 smartorder-portal-v5.service OK
[2025-10-25 13:04:35.508929] 🟢 smartorder-watchdog.service OK
[2025-10-25 13:05:05.822197] === SAFELOGIC GUARDIAN DIAG INIT ===
[2025-10-25 13:05:05.827641] 🟢 smartorder-proxy.service OK
[2025-10-25 13:05:05.844893] 🟢 smartorder-websync-bridge.service OK
[2025-10-25 13:05:05.848718] 🟢 smartorder-portal-v5.service OK
[2025-10-25 13:05:05.856807] 🟢 smartorder-watchdog.service OK
[2025-10-25 13:05:36.193427] === SAFELOGIC GUARDIAN DIAG INIT ===
[2025-10-25 13:05:36.203464] 🟢 smartorder-proxy.service OK
[2025-10-25 13:05:36.209190] 🟢 smartorder-websync-bridge.service OK
[2025-10-25 13:05:36.217303] 🟢 smartorder-portal-v5.service OK
[2025-10-25 13:05:36.221846] 🟢 smartorder-watchdog.service OK
[2025-10-25 13:06:06.513309] === SAFELOGIC GUARDIAN DIAG INIT ===
[2025-10-25 13:06:06.526568] 🟢 smartorder-proxy.service OK
[2025-10-25 13:06:06.537270] 🟢 smartorder-websync-bridge.service OK
[2025-10-25 13:06:06.547139] 🟢 smartorder-portal-v5.service OK
[2025-10-25 13:06:06.555343] 🟢 smartorder-watchdog.service OK
[2025-10-25 13:06:36.879687] === SAFELOGIC GUARDIAN DIAG INIT ===
[2025-10-25 13:06:36.896515] 🟢 smartorder-proxy.service OK
[2025-10-25 13:06:36.909815] 🟢 smartorder-websync-bridge.service OK
[2025-10-25 13:06:36.914925] 🟢 smartorder-portal-v5.service OK
[2025-10-25 13:06:36.926380] 🟢 smartorder-watchdog.service OK
[2025-10-25 13:07:07.242308] === SAFELOGIC GUARDIAN DIAG INIT ===
[2025-10-25 13:07:07.245453] 🟢 smartorder-proxy.service OK
[2025-10-25 13:07:07.253085] 🟢 smartorder-websync-bridge.service OK
[2025-10-25 13:07:07.255717] 🟢 smartorder-portal-v5.service OK
[2025-10-25 13:07:07.258539] 🟢 smartorder-watchdog.service OK
[2025-10-25 13:07:37.588750] === SAFELOGIC GUARDIAN DIAG INIT ===
[2025-10-25 13:07:37.604053] 🟢 smartorder-proxy.service OK
[2025-10-25 13:07:37.615273] 🟢 smartorder-websync-bridge.service OK
[2025-10-25 13:07:37.618769] 🟢 smartorder-portal-v5.service OK
[2025-10-25 13:07:37.621613] 🟢 smartorder-watchdog.service OK
[2025-10-25 13:08:07.935361] === SAFELOGIC GUARDIAN DIAG INIT ===
[2025-10-25 13:08:07.955538] 🟢 smartorder-proxy.service OK
[2025-10-25 13:08:07.968612] 🟢 smartorder-websync-bridge.service OK
[2025-10-25 13:08:07.978317] 🟢 smartorder-portal-v5.service OK
[2025-10-25 13:08:07.996971] 🟢 smartorder-watchdog.service OK
[2025-10-25 13:08:38.272446] === SAFELOGIC GUARDIAN DIAG INIT ===
[2025-10-25 13:08:38.277335] 🟢 smartorder-proxy.service OK
[2025-10-25 13:08:38.290499] 🟢 smartorder-websync-bridge.service OK
[2025-10-25 13:08:38.294306] 🟢 smartorder-portal-v5.service OK
[2025-10-25 13:08:38.296899] 🟢 smartorder-watchdog.service OK
[2025-10-25 13:09:08.602961] === SAFELOGIC GUARDIAN DIAG INIT ===
[2025-10-25 13:09:08.613007] 🟢 smartorder-proxy.service OK
[2025-10-25 13:09:08.621934] 🟢 smartorder-websync-bridge.service OK
[2025-10-25 13:09:08.633769] 🟢 smartorder-portal-v5.service OK
[2025-10-25 13:09:08.639990] 🟢 smartorder-watchdog.service OK
[2025-10-25 13:09:38.939315] === SAFELOGIC GUARDIAN DIAG INIT ===
[2025-10-25 13:09:38.956459] 🟢 smartorder-proxy.service OK
[2025-10-25 13:09:38.969123] 🟢 smartorder-websync-bridge.service OK
[2025-10-25 13:09:38.975541] 🟢 smartorder-portal-v5.service OK
[2025-10-25 13:09:38.980304] 🟢 smartorder-watchdog.service OK
[2025-10-25 13:10:09.282896] === SAFELOGIC GUARDIAN DIAG INIT ===
[2025-10-25 13:10:09.300397] 🟢 smartorder-proxy.service OK
[2025-10-25 13:10:09.304074] 🟢 smartorder-websync-bridge.service OK
[2025-10-25 13:10:09.307239] 🟢 smartorder-portal-v5.service OK
[2025-10-25 13:10:09.312348] 🟢 smartorder-watchdog.service OK
[2025-10-25 13:10:39.607356] === SAFELOGIC GUARDIAN DIAG INIT ===
[2025-10-25 13:10:39.619030] 🟢 smartorder-proxy.service OK
[2025-10-25 13:10:39.623979] 🟢 smartorder-websync-bridge.service OK
[2025-10-25 13:10:39.631097] 🟢 smartorder-portal-v5.service OK
[2025-10-25 13:10:39.635335] 🟢 smartorder-watchdog.service OK
[2025-10-25 13:11:09.957329] === SAFELOGIC GUARDIAN DIAG INIT ===
[2025-10-25 13:11:09.973847] 🟢 smartorder-proxy.service OK
[2025-10-25 13:11:09.979914] 🟢 smartorder-websync-bridge.service OK
[2025-10-25 13:11:09.984647] 🟢 smartorder-portal-v5.service OK
[2025-10-25 13:11:09.990950] 🟢 smartorder-watchdog.service OK
[2025-10-25 13:11:40.308566] === SAFELOGIC GUARDIAN DIAG INIT ===
[2025-10-25 13:11:40.320938] 🟢 smartorder-proxy.service OK
[2025-10-25 13:11:40.323791] 🟢 smartorder-websync-bridge.service OK
[2025-10-25 13:11:40.326992] 🟢 smartorder-portal-v5.service OK
[2025-10-25 13:11:40.330321] 🟢 smartorder-watchdog.service OK
[2025-10-25 13:12:10.661679] === SAFELOGIC GUARDIAN DIAG INIT ===
[2025-10-25 13:12:10.669517] 🟢 smartorder-proxy.service OK
[2025-10-25 13:12:10.675912] 🟢 smartorder-websync-bridge.service OK
[2025-10-25 13:12:10.682648] 🟢 smartorder-portal-v5.service OK
[2025-10-25 13:12:10.690126] 🟢 smartorder-watchdog.service OK
[2025-10-25 13:12:40.982487] === SAFELOGIC GUARDIAN DIAG INIT ===
[2025-10-25 13:12:40.987077] 🟢 smartorder-proxy.service OK
[2025-10-25 13:12:40.994551] 🟢 smartorder-websync-bridge.service OK
[2025-10-25 13:12:41.002482] 🟢 smartorder-portal-v5.service OK
[2025-10-25 13:12:41.006331] 🟢 smartorder-watchdog.service OK
[2025-10-25 13:13:11.313860] === SAFELOGIC GUARDIAN DIAG INIT ===
[2025-10-25 13:13:11.323772] 🟢 smartorder-proxy.service OK
[2025-10-25 13:13:11.331457] 🟢 smartorder-websync-bridge.service OK
[2025-10-25 13:13:11.339475] 🟢 smartorder-portal-v5.service OK
[2025-10-25 13:13:11.344192] 🟢 smartorder-watchdog.service OK
[2025-10-25 13:13:41.611288] === SAFELOGIC GUARDIAN DIAG INIT ===
[2025-10-25 13:13:41.616443] 🟢 smartorder-proxy.service OK
[2025-10-25 13:13:41.626601] 🟢 smartorder-websync-bridge.service OK
[2025-10-25 13:13:41.629153] 🟢 smartorder-portal-v5.service OK
[2025-10-25 13:13:41.631910] 🟢 smartorder-watchdog.service OK
[2025-10-25 13:14:11.935478] === SAFELOGIC GUARDIAN DIAG INIT ===
[2025-10-25 13:14:11.948396] 🟢 smartorder-proxy.service OK
[2025-10-25 13:14:11.953640] 🟢 smartorder-websync-bridge.service OK
[2025-10-25 13:14:11.967731] 🟢 smartorder-portal-v5.service OK
[2025-10-25 13:14:11.973856] 🟢 smartorder-watchdog.service OK
[2025-10-25 13:14:42.266735] === SAFELOGIC GUARDIAN DIAG INIT ===
[2025-10-25 13:14:42.276403] 🟢 smartorder-proxy.service OK
[2025-10-25 13:14:42.296656] 🟢 smartorder-websync-bridge.service OK
[2025-10-25 13:14:42.301522] 🟢 smartorder-portal-v5.service OK
[2025-10-25 13:14:42.312410] 🟢 smartorder-watchdog.service OK
[2025-10-25 13:15:12.646956] === SAFELOGIC GUARDIAN DIAG INIT ===
[2025-10-25 13:15:12.657976] 🟢 smartorder-proxy.service OK
[2025-10-25 13:15:12.662308] 🟢 smartorder-websync-bridge.service OK
[2025-10-25 13:15:12.668644] 🟢 smartorder-portal-v5.service OK
[2025-10-25 13:15:12.673253] 🟢 smartorder-watchdog.service OK
[2025-10-25 13:15:42.990503] === SAFELOGIC GUARDIAN DIAG INIT ===
[2025-10-25 13:15:43.013527] 🟢 smartorder-proxy.service OK
[2025-10-25 13:15:43.020760] 🟢 smartorder-websync-bridge.service OK
[2025-10-25 13:15:43.029727] 🟢 smartorder-portal-v5.service OK
[2025-10-25 13:15:43.038535] 🟢 smartorder-watchdog.service OK
[2025-10-25 13:16:13.332360] === SAFELOGIC GUARDIAN DIAG INIT ===
[2025-10-25 13:16:13.341364] 🟢 smartorder-proxy.service OK
[2025-10-25 13:16:13.352392] 🟢 smartorder-websync-bridge.service OK
[2025-10-25 13:16:13.357678] 🟢 smartorder-portal-v5.service OK
[2025-10-25 13:16:13.360539] 🟢 smartorder-watchdog.service OK
[2025-10-25 13:16:43.655236] === SAFELOGIC GUARDIAN DIAG INIT ===
[2025-10-25 13:16:43.669565] 🟢 smartorder-proxy.service OK
[2025-10-25 13:16:43.677285] 🟢 smartorder-websync-bridge.service OK
[2025-10-25 13:16:43.689412] 🟢 smartorder-portal-v5.service OK
[2025-10-25 13:16:43.696747] 🟢 smartorder-watchdog.service OK
[2025-10-25 13:17:14.011169] === SAFELOGIC GUARDIAN DIAG INIT ===
[2025-10-25 13:17:14.023054] 🟢 smartorder-proxy.service OK
[2025-10-25 13:17:14.026659] 🟢 smartorder-websync-bridge.service OK
[2025-10-25 13:17:14.039885] 🟢 smartorder-portal-v5.service OK
[2025-10-25 13:17:14.046328] 🟢 smartorder-watchdog.service OK
[2025-10-25 13:17:44.333622] === SAFELOGIC GUARDIAN DIAG INIT ===
[2025-10-25 13:17:44.347584] 🟢 smartorder-proxy.service OK
[2025-10-25 13:17:44.356639] 🟢 smartorder-websync-bridge.service OK
[2025-10-25 13:17:44.359306] 🟢 smartorder-portal-v5.service OK
[2025-10-25 13:17:44.365057] 🟢 smartorder-watchdog.service OK
[2025-10-25 13:18:14.687726] === SAFELOGIC GUARDIAN DIAG INIT ===
[2025-10-25 13:18:14.694699] 🟢 smartorder-proxy.service OK
[2025-10-25 13:18:14.703463] 🟢 smartorder-websync-bridge.service OK
[2025-10-25 13:18:14.709085] 🟢 smartorder-portal-v5.service OK
[2025-10-25 13:18:14.712408] 🟢 smartorder-watchdog.service OK
[2025-10-25 13:18:45.034817] === SAFELOGIC GUARDIAN DIAG INIT ===
[2025-10-25 13:18:45.045560] 🟢 smartorder-proxy.service OK
[2025-10-25 13:18:45.051760] 🟢 smartorder-websync-bridge.service OK
[2025-10-25 13:18:45.057279] 🟢 smartorder-portal-v5.service OK
[2025-10-25 13:18:45.062452] 🟢 smartorder-watchdog.service OK
[2025-10-25 13:19:15.333352] === SAFELOGIC GUARDIAN DIAG INIT ===
[2025-10-25 13:19:15.344361] 🟢 smartorder-proxy.service OK
[2025-10-25 13:19:15.352372] 🟢 smartorder-websync-bridge.service OK
[2025-10-25 13:19:15.355387] 🟢 smartorder-portal-v5.service OK
[2025-10-25 13:19:15.358513] 🟢 smartorder-watchdog.service OK
[2025-10-25 13:19:45.688715] === SAFELOGIC GUARDIAN DIAG INIT ===
[2025-10-25 13:19:45.696447] 🟢 smartorder-proxy.service OK
[2025-10-25 13:19:45.700469] 🟢 smartorder-websync-bridge.service OK
[2025-10-25 13:19:45.707007] 🟢 smartorder-portal-v5.service OK
[2025-10-25 13:19:45.715584] 🟢 smartorder-watchdog.service OK
[2025-10-25 13:20:16.008756] === SAFELOGIC GUARDIAN DIAG INIT ===
[2025-10-25 13:20:16.019391] 🟢 smartorder-proxy.service OK
[2025-10-25 13:20:16.021991] 🟢 smartorder-websync-bridge.service OK
[2025-10-25 13:20:16.024461] 🟢 smartorder-portal-v5.service OK
[2025-10-25 13:20:16.028114] 🟢 smartorder-watchdog.service OK
[2025-10-25 13:20:46.299629] === SAFELOGIC GUARDIAN DIAG INIT ===
[2025-10-25 13:20:46.320568] 🟢 smartorder-proxy.service OK
[2025-10-25 13:20:46.323596] 🟢 smartorder-websync-bridge.service OK
[2025-10-25 13:20:46.326985] 🟢 smartorder-portal-v5.service OK
[2025-10-25 13:20:46.329674] 🟢 smartorder-watchdog.service OK
[2025-10-25 13:21:16.622884] === SAFELOGIC GUARDIAN DIAG INIT ===
[2025-10-25 13:21:16.645299] 🟢 smartorder-proxy.service OK
[2025-10-25 13:21:16.653416] 🟢 smartorder-websync-bridge.service OK
[2025-10-25 13:21:16.661175] 🟢 smartorder-portal-v5.service OK
[2025-10-25 13:21:16.668921] 🟢 smartorder-watchdog.service OK
[2025-10-25 13:21:46.994918] === SAFELOGIC GUARDIAN DIAG INIT ===
[2025-10-25 13:21:47.002172] 🟢 smartorder-proxy.service OK
[2025-10-25 13:21:47.007031] 🟢 smartorder-websync-bridge.service OK
[2025-10-25 13:21:47.020884] 🟢 smartorder-portal-v5.service OK
[2025-10-25 13:21:47.026134] 🟢 smartorder-watchdog.service OK
[2025-10-25 13:22:17.313217] === SAFELOGIC GUARDIAN DIAG INIT ===
[2025-10-25 13:22:17.330036] 🟢 smartorder-proxy.service OK
[2025-10-25 13:22:17.336767] 🟢 smartorder-websync-bridge.service OK
[2025-10-25 13:22:17.343239] 🟢 smartorder-portal-v5.service OK
[2025-10-25 13:22:17.350597] 🟢 smartorder-watchdog.service OK
[2025-10-25 13:22:47.687808] === SAFELOGIC GUARDIAN DIAG INIT ===
[2025-10-25 13:22:47.715104] 🟢 smartorder-proxy.service OK
[2025-10-25 13:22:47.718761] 🟢 smartorder-websync-bridge.service OK
[2025-10-25 13:22:47.731392] 🟢 smartorder-portal-v5.service OK
[2025-10-25 13:22:47.734603] 🟢 smartorder-watchdog.service OK
[2025-10-25 13:23:18.023519] === SAFELOGIC GUARDIAN DIAG INIT ===
[2025-10-25 13:23:18.033703] 🟢 smartorder-proxy.service OK
[2025-10-25 13:23:18.041395] 🟢 smartorder-websync-bridge.service OK
[2025-10-25 13:23:18.049658] 🟢 smartorder-portal-v5.service OK
[2025-10-25 13:23:18.054908] 🟢 smartorder-watchdog.service OK
[2025-10-25 13:23:48.349748] === SAFELOGIC GUARDIAN DIAG INIT ===
[2025-10-25 13:23:48.362012] 🟢 smartorder-proxy.service OK
[2025-10-25 13:23:48.366440] 🟢 smartorder-websync-bridge.service OK
[2025-10-25 13:23:48.373271] 🟢 smartorder-portal-v5.service OK
[2025-10-25 13:23:48.381640] 🟢 smartorder-watchdog.service OK
[2025-10-25 13:24:18.704807] === SAFELOGIC GUARDIAN DIAG INIT ===
[2025-10-25 13:24:18.719266] 🟢 smartorder-proxy.service OK
[2025-10-25 13:24:18.730885] 🟢 smartorder-websync-bridge.service OK
[2025-10-25 13:24:18.742354] 🟢 smartorder-portal-v5.service OK
[2025-10-25 13:24:18.745485] 🟢 smartorder-watchdog.service OK
[2025-10-25 13:24:49.044197] === SAFELOGIC GUARDIAN DIAG INIT ===
[2025-10-25 13:24:49.051068] 🟢 smartorder-proxy.service OK
[2025-10-25 13:24:49.057087] 🟢 smartorder-websync-bridge.service OK
[2025-10-25 13:24:49.060910] 🟢 smartorder-portal-v5.service OK
[2025-10-25 13:24:49.067925] 🟢 smartorder-watchdog.service OK
[2025-10-25 13:25:19.357733] === SAFELOGIC GUARDIAN DIAG INIT ===
[2025-10-25 13:25:19.366518] 🟢 smartorder-proxy.service OK
[2025-10-25 13:25:19.370436] 🟢 smartorder-websync-bridge.service OK
[2025-10-25 13:25:19.373702] 🟢 smartorder-portal-v5.service OK
[2025-10-25 13:25:19.385504] 🟢 smartorder-watchdog.service OK
[2025-10-25 13:25:49.662457] === SAFELOGIC GUARDIAN DIAG INIT ===
[2025-10-25 13:25:49.679541] 🟢 smartorder-proxy.service OK
[2025-10-25 13:25:49.694105] 🟢 smartorder-websync-bridge.service OK
[2025-10-25 13:25:49.699508] 🟢 smartorder-portal-v5.service OK
[2025-10-25 13:25:49.703622] 🟢 smartorder-watchdog.service OK
[2025-10-25 13:26:20.020109] === SAFELOGIC GUARDIAN DIAG INIT ===
[2025-10-25 13:26:20.032047] 🟢 smartorder-proxy.service OK
[2025-10-25 13:26:20.035946] 🟢 smartorder-websync-bridge.service OK
[2025-10-25 13:26:20.041664] 🟢 smartorder-portal-v5.service OK
[2025-10-25 13:26:20.045418] 🟢 smartorder-watchdog.service OK
[2025-10-25 13:26:50.315077] === SAFELOGIC GUARDIAN DIAG INIT ===
[2025-10-25 13:26:50.328771] 🟢 smartorder-proxy.service OK
[2025-10-25 13:26:50.338361] 🟢 smartorder-websync-bridge.service OK
[2025-10-25 13:26:50.352696] 🟢 smartorder-portal-v5.service OK
[2025-10-25 13:26:50.362861] 🟢 smartorder-watchdog.service OK
[2025-10-25 13:27:20.639027] === SAFELOGIC GUARDIAN DIAG INIT ===
[2025-10-25 13:27:20.658541] 🟢 smartorder-proxy.service OK
[2025-10-25 13:27:20.666888] 🟢 smartorder-websync-bridge.service OK
[2025-10-25 13:27:20.671776] 🟢 smartorder-portal-v5.service OK
[2025-10-25 13:27:20.675419] 🟢 smartorder-watchdog.service OK
[2025-10-25 13:27:50.950219] === SAFELOGIC GUARDIAN DIAG INIT ===
[2025-10-25 13:27:50.967400] 🟢 smartorder-proxy.service OK
[2025-10-25 13:27:50.972061] 🟢 smartorder-websync-bridge.service OK
[2025-10-25 13:27:50.984764] 🟢 smartorder-portal-v5.service OK
[2025-10-25 13:27:50.994456] 🟢 smartorder-watchdog.service OK
[2025-10-25 13:28:21.295370] === SAFELOGIC GUARDIAN DIAG INIT ===
[2025-10-25 13:28:21.310872] 🟢 smartorder-proxy.service OK
[2025-10-25 13:28:21.315756] 🟢 smartorder-websync-bridge.service OK
[2025-10-25 13:28:21.328516] 🟢 smartorder-portal-v5.service OK
[2025-10-25 13:28:21.340093] 🟢 smartorder-watchdog.service OK
[2025-10-25 13:28:51.619506] === SAFELOGIC GUARDIAN DIAG INIT ===
[2025-10-25 13:28:51.641940] 🟢 smartorder-proxy.service OK
[2025-10-25 13:28:51.649664] 🟢 smartorder-websync-bridge.service OK
[2025-10-25 13:28:51.659507] 🟢 smartorder-portal-v5.service OK
[2025-10-25 13:28:51.667299] 🟢 smartorder-watchdog.service OK
[2025-10-25 13:29:21.922427] === SAFELOGIC GUARDIAN DIAG INIT ===
[2025-10-25 13:29:21.946779] 🟢 smartorder-proxy.service OK
[2025-10-25 13:29:21.950857] 🟢 smartorder-websync-bridge.service OK
[2025-10-25 13:29:21.953722] 🟢 smartorder-portal-v5.service OK
[2025-10-25 13:29:21.956784] 🟢 smartorder-watchdog.service OK
[2025-10-25 13:29:52.266778] === SAFELOGIC GUARDIAN DIAG INIT ===
[2025-10-25 13:29:52.279224] 🟢 smartorder-proxy.service OK
[2025-10-25 13:29:52.285602] 🟢 smartorder-websync-bridge.service OK
[2025-10-25 13:29:52.290344] 🟢 smartorder-portal-v5.service OK
[2025-10-25 13:29:52.295614] 🟢 smartorder-watchdog.service OK
[2025-10-25 13:30:22.619602] === SAFELOGIC GUARDIAN DIAG INIT ===
[2025-10-25 13:30:22.633366] 🟢 smartorder-proxy.service OK
[2025-10-25 13:30:22.637115] 🟢 smartorder-websync-bridge.service OK
[2025-10-25 13:30:22.642688] 🟢 smartorder-portal-v5.service OK
[2025-10-25 13:30:22.652625] 🟢 smartorder-watchdog.service OK
[2025-10-25 13:30:53.012003] === SAFELOGIC GUARDIAN DIAG INIT ===
[2025-10-25 13:30:53.032537] 🟢 smartorder-proxy.service OK
[2025-10-25 13:30:53.036062] 🟢 smartorder-websync-bridge.service OK
[2025-10-25 13:30:53.049499] 🟢 smartorder-portal-v5.service OK
[2025-10-25 13:30:53.054141] 🟢 smartorder-watchdog.service OK
[2025-10-25 13:31:23.363855] === SAFELOGIC GUARDIAN DIAG INIT ===
[2025-10-25 13:31:23.375214] 🟢 smartorder-proxy.service OK
[2025-10-25 13:31:23.385492] 🟢 smartorder-websync-bridge.service OK
[2025-10-25 13:31:23.391092] 🟢 smartorder-portal-v5.service OK
[2025-10-25 13:31:23.397156] 🟢 smartorder-watchdog.service OK
[2025-10-25 13:31:53.661295] === SAFELOGIC GUARDIAN DIAG INIT ===
[2025-10-25 13:31:53.667444] 🟢 smartorder-proxy.service OK
[2025-10-25 13:31:53.671585] 🟢 smartorder-websync-bridge.service OK
[2025-10-25 13:31:53.678722] 🟢 smartorder-portal-v5.service OK
[2025-10-25 13:31:53.681742] 🟢 smartorder-watchdog.service OK
[2025-10-25 13:32:23.997862] === SAFELOGIC GUARDIAN DIAG INIT ===
[2025-10-25 13:32:24.007099] 🟢 smartorder-proxy.service OK
[2025-10-25 13:32:24.013517] 🟢 smartorder-websync-bridge.service OK
[2025-10-25 13:32:24.025983] 🟢 smartorder-portal-v5.service OK
[2025-10-25 13:32:24.029677] 🟢 smartorder-watchdog.service OK
[2025-10-25 13:32:54.355869] === SAFELOGIC GUARDIAN DIAG INIT ===
[2025-10-25 13:32:54.362867] 🟢 smartorder-proxy.service OK
[2025-10-25 13:32:54.371085] 🟢 smartorder-websync-bridge.service OK
[2025-10-25 13:32:54.374412] 🟢 smartorder-portal-v5.service OK
[2025-10-25 13:32:54.377790] 🟢 smartorder-watchdog.service OK
[2025-10-25 13:33:24.695142] === SAFELOGIC GUARDIAN DIAG INIT ===
[2025-10-25 13:33:24.707587] 🟢 smartorder-proxy.service OK
[2025-10-25 13:33:24.718033] 🟢 smartorder-websync-bridge.service OK
[2025-10-25 13:33:24.725177] 🟢 smartorder-portal-v5.service OK
[2025-10-25 13:33:24.733208] 🟢 smartorder-watchdog.service OK
[2025-10-25 13:33:55.026713] === SAFELOGIC GUARDIAN DIAG INIT ===
[2025-10-25 13:33:55.036424] 🟢 smartorder-proxy.service OK
[2025-10-25 13:33:55.044215] 🟢 smartorder-websync-bridge.service OK
[2025-10-25 13:33:55.046764] 🟢 smartorder-portal-v5.service OK
[2025-10-25 13:33:55.052334] 🟢 smartorder-watchdog.service OK
[2025-10-25 13:34:25.386269] === SAFELOGIC GUARDIAN DIAG INIT ===
[2025-10-25 13:34:25.399546] 🟢 smartorder-proxy.service OK
[2025-10-25 13:34:25.402871] 🟢 smartorder-websync-bridge.service OK
[2025-10-25 13:34:25.409294] 🟢 smartorder-portal-v5.service OK
[2025-10-25 13:34:25.413493] 🟢 smartorder-watchdog.service OK
[2025-10-25 13:34:55.695644] === SAFELOGIC GUARDIAN DIAG INIT ===
[2025-10-25 13:34:55.703614] 🟢 smartorder-proxy.service OK
[2025-10-25 13:34:55.707865] 🟢 smartorder-websync-bridge.service OK
[2025-10-25 13:34:55.712182] 🟢 smartorder-portal-v5.service OK
[2025-10-25 13:34:55.716129] 🟢 smartorder-watchdog.service OK
[2025-10-25 13:35:26.038557] === SAFELOGIC GUARDIAN DIAG INIT ===
[2025-10-25 13:35:26.045004] 🟢 smartorder-proxy.service OK
[2025-10-25 13:35:26.050126] 🟢 smartorder-websync-bridge.service OK
[2025-10-25 13:35:26.058084] 🟢 smartorder-portal-v5.service OK
[2025-10-25 13:35:26.064795] 🟢 smartorder-watchdog.service OK
[2025-10-25 13:35:56.383317] === SAFELOGIC GUARDIAN DIAG INIT ===
[2025-10-25 13:35:56.397696] 🟢 smartorder-proxy.service OK
[2025-10-25 13:35:56.401780] 🟢 smartorder-websync-bridge.service OK
[2025-10-25 13:35:56.406257] 🟢 smartorder-portal-v5.service OK
[2025-10-25 13:35:56.414972] 🟢 smartorder-watchdog.service OK
[2025-10-25 13:36:26.685956] === SAFELOGIC GUARDIAN DIAG INIT ===
[2025-10-25 13:36:26.694562] 🟢 smartorder-proxy.service OK
[2025-10-25 13:36:26.700710] 🟢 smartorder-websync-bridge.service OK
[2025-10-25 13:36:26.703329] 🟢 smartorder-portal-v5.service OK
[2025-10-25 13:36:26.707512] 🟢 smartorder-watchdog.service OK
[2025-10-25 13:36:57.023214] === SAFELOGIC GUARDIAN DIAG INIT ===
[2025-10-25 13:36:57.036164] 🟢 smartorder-proxy.service OK
[2025-10-25 13:36:57.051404] 🟢 smartorder-websync-bridge.service OK
[2025-10-25 13:36:57.059824] 🟢 smartorder-portal-v5.service OK
[2025-10-25 13:36:57.064848] 🟢 smartorder-watchdog.service OK
[2025-10-25 13:37:27.330765] === SAFELOGIC GUARDIAN DIAG INIT ===
[2025-10-25 13:37:27.341918] 🟢 smartorder-proxy.service OK
[2025-10-25 13:37:27.354297] 🟢 smartorder-websync-bridge.service OK
[2025-10-25 13:37:27.360630] 🟢 smartorder-portal-v5.service OK
[2025-10-25 13:37:27.368428] 🟢 smartorder-watchdog.service OK
[2025-10-25 13:37:57.687522] === SAFELOGIC GUARDIAN DIAG INIT ===
[2025-10-25 13:37:57.701293] 🟢 smartorder-proxy.service OK
[2025-10-25 13:37:57.706810] 🟢 smartorder-websync-bridge.service OK
[2025-10-25 13:37:57.718466] 🟢 smartorder-portal-v5.service OK
[2025-10-25 13:37:57.749716] 🟢 smartorder-watchdog.service OK
[2025-10-25 13:38:28.011899] === SAFELOGIC GUARDIAN DIAG INIT ===
[2025-10-25 13:38:28.019492] 🟢 smartorder-proxy.service OK
[2025-10-25 13:38:28.022138] 🟢 smartorder-websync-bridge.service OK
[2025-10-25 13:38:28.025683] 🟢 smartorder-portal-v5.service OK
[2025-10-25 13:38:28.030523] 🟢 smartorder-watchdog.service OK
[2025-10-25 13:38:58.278579] === SAFELOGIC GUARDIAN DIAG INIT ===
[2025-10-25 13:38:58.289238] 🟢 smartorder-proxy.service OK
[2025-10-25 13:38:58.291927] 🟢 smartorder-websync-bridge.service OK
[2025-10-25 13:38:58.297033] 🟢 smartorder-portal-v5.service OK
[2025-10-25 13:38:58.308973] 🟢 smartorder-watchdog.service OK
[2025-10-25 13:39:28.599909] === SAFELOGIC GUARDIAN DIAG INIT ===
[2025-10-25 13:39:28.623298] 🟢 smartorder-proxy.service OK
[2025-10-25 13:39:28.634243] 🟢 smartorder-websync-bridge.service OK
[2025-10-25 13:39:28.640811] 🟢 smartorder-portal-v5.service OK
[2025-10-25 13:39:28.657624] 🟢 smartorder-watchdog.service OK
[2025-10-25 13:39:58.962348] === SAFELOGIC GUARDIAN DIAG INIT ===
[2025-10-25 13:39:58.972961] 🟢 smartorder-proxy.service OK
[2025-10-25 13:39:58.987966] 🟢 smartorder-websync-bridge.service OK
[2025-10-25 13:39:58.992696] 🟢 smartorder-portal-v5.service OK
[2025-10-25 13:39:59.001787] 🟢 smartorder-watchdog.service OK
[2025-10-25 13:40:29.312740] === SAFELOGIC GUARDIAN DIAG INIT ===
[2025-10-25 13:40:29.318773] 🟢 smartorder-proxy.service OK
[2025-10-25 13:40:29.325972] 🟢 smartorder-websync-bridge.service OK
[2025-10-25 13:40:29.329088] 🟢 smartorder-portal-v5.service OK
[2025-10-25 13:40:29.332926] 🟢 smartorder-watchdog.service OK
[2025-10-25 13:40:59.641382] === SAFELOGIC GUARDIAN DIAG INIT ===
[2025-10-25 13:40:59.650544] 🟢 smartorder-proxy.service OK
[2025-10-25 13:40:59.653174] 🟢 smartorder-websync-bridge.service OK
[2025-10-25 13:40:59.656608] 🟢 smartorder-portal-v5.service OK
[2025-10-25 13:40:59.660586] 🟢 smartorder-watchdog.service OK
[2025-10-25 13:41:30.005961] === SAFELOGIC GUARDIAN DIAG INIT ===
[2025-10-25 13:41:30.025765] 🟢 smartorder-proxy.service OK
[2025-10-25 13:41:30.030378] 🟢 smartorder-websync-bridge.service OK
[2025-10-25 13:41:30.033264] 🟢 smartorder-portal-v5.service OK
[2025-10-25 13:41:30.035898] 🟢 smartorder-watchdog.service OK
[2025-10-25 13:42:00.338367] === SAFELOGIC GUARDIAN DIAG INIT ===
[2025-10-25 13:42:00.345044] 🟢 smartorder-proxy.service OK
[2025-10-25 13:42:00.355314] 🟢 smartorder-websync-bridge.service OK
[2025-10-25 13:42:00.360102] 🟢 smartorder-portal-v5.service OK
[2025-10-25 13:42:00.362932] 🟢 smartorder-watchdog.service OK
[2025-10-25 13:42:30.698197] === SAFELOGIC GUARDIAN DIAG INIT ===
[2025-10-25 13:42:30.714587] 🟢 smartorder-proxy.service OK
[2025-10-25 13:42:30.720680] 🟢 smartorder-websync-bridge.service OK
[2025-10-25 13:42:30.732479] 🟢 smartorder-portal-v5.service OK
[2025-10-25 13:42:30.741124] 🟢 smartorder-watchdog.service OK
[2025-10-25 13:43:01.072441] === SAFELOGIC GUARDIAN DIAG INIT ===
[2025-10-25 13:43:01.084719] 🟢 smartorder-proxy.service OK
[2025-10-25 13:43:01.090505] 🟢 smartorder-websync-bridge.service OK
[2025-10-25 13:43:01.094101] 🟢 smartorder-portal-v5.service OK
[2025-10-25 13:43:01.101482] 🟢 smartorder-watchdog.service OK
[2025-10-25 13:43:31.421692] === SAFELOGIC GUARDIAN DIAG INIT ===
[2025-10-25 13:43:31.444406] 🟢 smartorder-proxy.service OK
[2025-10-25 13:43:31.456421] 🟢 smartorder-websync-bridge.service OK
[2025-10-25 13:43:31.463571] 🟢 smartorder-portal-v5.service OK
[2025-10-25 13:43:31.481507] 🟢 smartorder-watchdog.service OK
[2025-10-25 13:44:01.728178] === SAFELOGIC GUARDIAN DIAG INIT ===
[2025-10-25 13:44:01.739448] 🟢 smartorder-proxy.service OK
[2025-10-25 13:44:01.748362] 🟢 smartorder-websync-bridge.service OK
[2025-10-25 13:44:01.755501] 🟢 smartorder-portal-v5.service OK
[2025-10-25 13:44:01.762405] 🟢 smartorder-watchdog.service OK
[2025-10-25 13:44:32.081364] === SAFELOGIC GUARDIAN DIAG INIT ===
[2025-10-25 13:44:32.093797] 🟢 smartorder-proxy.service OK
[2025-10-25 13:44:32.105989] 🟢 smartorder-websync-bridge.service OK
[2025-10-25 13:44:32.110422] 🟢 smartorder-portal-v5.service OK
[2025-10-25 13:44:32.116426] 🟢 smartorder-watchdog.service OK
[2025-10-25 13:45:02.399218] === SAFELOGIC GUARDIAN DIAG INIT ===
[2025-10-25 13:45:02.416372] 🟢 smartorder-proxy.service OK
[2025-10-25 13:45:02.422523] 🟢 smartorder-websync-bridge.service OK
[2025-10-25 13:45:02.425218] 🟢 smartorder-portal-v5.service OK
[2025-10-25 13:45:02.437080] 🟢 smartorder-watchdog.service OK
[2025-10-25 13:45:32.689814] === SAFELOGIC GUARDIAN DIAG INIT ===
[2025-10-25 13:45:32.698371] 🟢 smartorder-proxy.service OK
[2025-10-25 13:45:32.701390] 🟢 smartorder-websync-bridge.service OK
[2025-10-25 13:45:32.708898] 🟢 smartorder-portal-v5.service OK
[2025-10-25 13:45:32.712869] 🟢 smartorder-watchdog.service OK
[2025-10-25 13:46:03.025108] === SAFELOGIC GUARDIAN DIAG INIT ===
[2025-10-25 13:46:03.030182] 🟢 smartorder-proxy.service OK
[2025-10-25 13:46:03.033978] 🟢 smartorder-websync-bridge.service OK
[2025-10-25 13:46:03.043150] 🟢 smartorder-portal-v5.service OK
[2025-10-25 13:46:03.052432] 🟢 smartorder-watchdog.service OK
[2025-10-25 13:46:33.441004] === SAFELOGIC GUARDIAN DIAG INIT ===
[2025-10-25 13:46:33.460765] 🟢 smartorder-proxy.service OK
[2025-10-25 13:46:33.469016] 🟢 smartorder-websync-bridge.service OK
[2025-10-25 13:46:33.482262] 🟢 smartorder-portal-v5.service OK
[2025-10-25 13:46:33.517375] 🟢 smartorder-watchdog.service OK
[2025-10-25 13:47:03.657215] === SAFELOGIC GUARDIAN DIAG INIT ===
[2025-10-25 13:47:03.664394] 🟢 smartorder-proxy.service OK
[2025-10-25 13:47:03.668776] 🟢 smartorder-websync-bridge.service OK
[2025-10-25 13:47:03.678599] 🟢 smartorder-portal-v5.service OK
[2025-10-25 13:47:03.683120] 🟢 smartorder-watchdog.service OK
[2025-10-25 13:47:33.953856] === SAFELOGIC GUARDIAN DIAG INIT ===
[2025-10-25 13:47:33.960947] 🟢 smartorder-proxy.service OK
[2025-10-25 13:47:33.966684] 🟢 smartorder-websync-bridge.service OK
[2025-10-25 13:47:33.973402] 🟢 smartorder-portal-v5.service OK
[2025-10-25 13:47:33.977178] 🟢 smartorder-watchdog.service OK
[2025-10-25 13:47:49.822400] === SAFELOGIC GUARDIAN DIAG INIT ===
[2025-10-25 13:47:49.829783] 🟢 smartorder-proxy.service OK
[2025-10-25 13:47:49.834824] 🟢 smartorder-websync-bridge.service OK
[2025-10-25 13:47:49.840894] 🟢 smartorder-portal-v5.service OK
[2025-10-25 13:47:49.845858] 🟢 smartorder-watchdog.service OK
[2025-10-25 13:48:04.225920] === SAFELOGIC GUARDIAN DIAG INIT ===
[2025-10-25 13:48:04.240582] 🟢 smartorder-proxy.service OK
[2025-10-25 13:48:04.248286] 🟢 smartorder-websync-bridge.service OK
[2025-10-25 13:48:04.251130] 🟢 smartorder-portal-v5.service OK
[2025-10-25 13:48:04.254137] 🟢 smartorder-watchdog.service OK
[2025-10-25 13:48:20.166988] === SAFELOGIC GUARDIAN DIAG INIT ===
[2025-10-25 13:48:20.184341] 🟢 smartorder-proxy.service OK
[2025-10-25 13:48:20.188203] 🟢 smartorder-websync-bridge.service OK
[2025-10-25 13:48:20.199132] 🟢 smartorder-portal-v5.service OK
[2025-10-25 13:48:20.203259] 🟢 smartorder-watchdog.service OK
[2025-10-25 13:48:34.499421] === SAFELOGIC GUARDIAN DIAG INIT ===
[2025-10-25 13:48:34.504396] 🟢 smartorder-proxy.service OK
[2025-10-25 13:48:34.507479] 🟢 smartorder-websync-bridge.service OK
[2025-10-25 13:48:34.525494] 🟢 smartorder-portal-v5.service OK
[2025-10-25 13:48:34.530510] 🟢 smartorder-watchdog.service OK
[2025-10-25 13:48:50.541103] === SAFELOGIC GUARDIAN DIAG INIT ===
[2025-10-25 13:48:50.555520] 🟢 smartorder-proxy.service OK
[2025-10-25 13:48:50.559943] 🟢 smartorder-websync-bridge.service OK
[2025-10-25 13:48:50.568651] 🟢 smartorder-portal-v5.service OK
[2025-10-25 13:48:50.580935] 🟢 smartorder-watchdog.service OK
[2025-10-25 13:49:04.855146] === SAFELOGIC GUARDIAN DIAG INIT ===
[2025-10-25 13:49:04.863799] 🟢 smartorder-proxy.service OK
[2025-10-25 13:49:04.867070] 🟢 smartorder-websync-bridge.service OK
[2025-10-25 13:49:04.875468] 🟢 smartorder-portal-v5.service OK
[2025-10-25 13:49:04.878520] 🟢 smartorder-watchdog.service OK
[2025-10-25 13:49:20.861316] === SAFELOGIC GUARDIAN DIAG INIT ===
[2025-10-25 13:49:20.882912] 🟢 smartorder-proxy.service OK
[2025-10-25 13:49:20.888392] 🟢 smartorder-websync-bridge.service OK
[2025-10-25 13:49:20.896389] 🟢 smartorder-portal-v5.service OK
[2025-10-25 13:49:20.900083] 🟢 smartorder-watchdog.service OK
[2025-10-25 13:49:35.140071] === SAFELOGIC GUARDIAN DIAG INIT ===
[2025-10-25 13:49:35.148420] 🟢 smartorder-proxy.service OK
[2025-10-25 13:49:35.156478] 🟢 smartorder-websync-bridge.service OK
[2025-10-25 13:49:35.160883] 🟢 smartorder-portal-v5.service OK
[2025-10-25 13:49:35.165042] 🟢 smartorder-watchdog.service OK
[2025-10-25 13:49:51.203715] === SAFELOGIC GUARDIAN DIAG INIT ===
[2025-10-25 13:49:51.212451] 🟢 smartorder-proxy.service OK
[2025-10-25 13:49:51.224498] 🟢 smartorder-websync-bridge.service OK
[2025-10-25 13:49:51.241779] 🟢 smartorder-portal-v5.service OK
[2025-10-25 13:49:51.261765] 🟢 smartorder-watchdog.service OK
[2025-10-25 13:50:05.455823] === SAFELOGIC GUARDIAN DIAG INIT ===
[2025-10-25 13:50:05.469068] 🟢 smartorder-proxy.service OK
[2025-10-25 13:50:05.472770] 🟢 smartorder-websync-bridge.service OK
[2025-10-25 13:50:05.475517] 🟢 smartorder-portal-v5.service OK
[2025-10-25 13:50:05.478786] 🟢 smartorder-watchdog.service OK
[2025-10-25 13:50:21.448855] === SAFELOGIC GUARDIAN DIAG INIT ===
[2025-10-25 13:50:21.459458] 🟢 smartorder-proxy.service OK
[2025-10-25 13:50:21.462383] 🟢 smartorder-websync-bridge.service OK
[2025-10-25 13:50:21.469450] 🟢 smartorder-portal-v5.service OK
[2025-10-25 13:50:21.471642] 🟢 smartorder-watchdog.service OK
[2025-10-25 13:50:35.791311] === SAFELOGIC GUARDIAN DIAG INIT ===
[2025-10-25 13:50:35.798814] 🟢 smartorder-proxy.service OK
[2025-10-25 13:50:35.804539] 🟢 smartorder-websync-bridge.service OK
[2025-10-25 13:50:35.810243] 🟢 smartorder-portal-v5.service OK
[2025-10-25 13:50:35.817987] 🟢 smartorder-watchdog.service OK
[2025-10-25 13:50:51.804431] === SAFELOGIC GUARDIAN DIAG INIT ===
[2025-10-25 13:50:51.816629] 🟢 smartorder-proxy.service OK
[2025-10-25 13:50:51.819831] 🟢 smartorder-websync-bridge.service OK
[2025-10-25 13:50:51.829098] 🟢 smartorder-portal-v5.service OK
[2025-10-25 13:50:51.832735] 🟢 smartorder-watchdog.service OK
[2025-10-25 13:51:06.084762] === SAFELOGIC GUARDIAN DIAG INIT ===
[2025-10-25 13:51:06.107117] 🟢 smartorder-proxy.service OK
[2025-10-25 13:51:06.112373] 🟢 smartorder-websync-bridge.service OK
[2025-10-25 13:51:06.120376] 🟢 smartorder-portal-v5.service OK
[2025-10-25 13:51:06.123473] 🟢 smartorder-watchdog.service OK
[2025-10-25 13:51:22.021155] === SAFELOGIC GUARDIAN DIAG INIT ===
[2025-10-25 13:51:22.028699] 🟢 smartorder-proxy.service OK
[2025-10-25 13:51:22.032525] 🟢 smartorder-websync-bridge.service OK
[2025-10-25 13:51:22.037478] 🟢 smartorder-portal-v5.service OK
[2025-10-25 13:51:22.040587] 🟢 smartorder-watchdog.service OK
[2025-10-25 13:51:36.383347] === SAFELOGIC GUARDIAN DIAG INIT ===
[2025-10-25 13:51:36.396475] 🟢 smartorder-proxy.service OK
[2025-10-25 13:51:36.404597] 🟢 smartorder-websync-bridge.service OK
[2025-10-25 13:51:36.420916] 🟢 smartorder-portal-v5.service OK
[2025-10-25 13:51:36.424525] 🟢 smartorder-watchdog.service OK
[2025-10-25 13:51:52.382781] === SAFELOGIC GUARDIAN DIAG INIT ===
[2025-10-25 13:51:52.395804] 🟢 smartorder-proxy.service OK
[2025-10-25 13:51:52.398707] 🟢 smartorder-websync-bridge.service OK
[2025-10-25 13:51:52.401689] 🟢 smartorder-portal-v5.service OK
[2025-10-25 13:51:52.404859] 🟢 smartorder-watchdog.service OK
[2025-10-25 13:52:06.651549] === SAFELOGIC GUARDIAN DIAG INIT ===
[2025-10-25 13:52:06.666634] 🟢 smartorder-proxy.service OK
[2025-10-25 13:52:06.670320] 🟢 smartorder-websync-bridge.service OK
[2025-10-25 13:52:06.675283] 🟢 smartorder-portal-v5.service OK
[2025-10-25 13:52:06.681735] 🟢 smartorder-watchdog.service OK
[2025-10-25 13:52:22.725572] === SAFELOGIC GUARDIAN DIAG INIT ===
[2025-10-25 13:52:22.732721] 🟢 smartorder-proxy.service OK
[2025-10-25 13:52:22.741177] 🟢 smartorder-websync-bridge.service OK
[2025-10-25 13:52:22.744404] 🟢 smartorder-portal-v5.service OK
[2025-10-25 13:52:22.747415] 🟢 smartorder-watchdog.service OK
[2025-10-25 13:52:36.978666] === SAFELOGIC GUARDIAN DIAG INIT ===
[2025-10-25 13:52:36.990950] 🟢 smartorder-proxy.service OK
[2025-10-25 13:52:37.003844] 🟢 smartorder-websync-bridge.service OK
[2025-10-25 13:52:37.015490] 🟢 smartorder-portal-v5.service OK
[2025-10-25 13:52:37.020620] 🟢 smartorder-watchdog.service OK
[2025-10-25 13:52:53.171461] === SAFELOGIC GUARDIAN DIAG INIT ===
[2025-10-25 13:52:53.178634] 🟢 smartorder-proxy.service OK
[2025-10-25 13:52:53.183749] 🟢 smartorder-websync-bridge.service OK
[2025-10-25 13:52:53.200616] 🟢 smartorder-portal-v5.service OK
[2025-10-25 13:52:53.206523] 🟢 smartorder-watchdog.service OK
[2025-10-25 13:53:07.259405] === SAFELOGIC GUARDIAN DIAG INIT ===
[2025-10-25 13:53:07.272921] 🟢 smartorder-proxy.service OK
[2025-10-25 13:53:07.275752] 🟢 smartorder-websync-bridge.service OK
[2025-10-25 13:53:07.280919] 🟢 smartorder-portal-v5.service OK
[2025-10-25 13:53:07.284912] 🟢 smartorder-watchdog.service OK
[2025-10-25 13:53:23.526737] === SAFELOGIC GUARDIAN DIAG INIT ===
[2025-10-25 13:53:23.539175] 🟢 smartorder-proxy.service OK
[2025-10-25 13:53:23.542526] 🟢 smartorder-websync-bridge.service OK
[2025-10-25 13:53:23.553465] 🟢 smartorder-portal-v5.service OK
[2025-10-25 13:53:23.560500] 🟢 smartorder-watchdog.service OK
[2025-10-25 13:53:37.603318] === SAFELOGIC GUARDIAN DIAG INIT ===
[2025-10-25 13:53:37.611343] 🟢 smartorder-proxy.service OK
[2025-10-25 13:53:37.614597] 🟢 smartorder-websync-bridge.service OK
[2025-10-25 13:53:37.622647] 🟢 smartorder-portal-v5.service OK
[2025-10-25 13:53:37.628701] 🟢 smartorder-watchdog.service OK
[2025-10-25 13:53:53.880104] === SAFELOGIC GUARDIAN DIAG INIT ===
[2025-10-25 13:53:53.906674] 🟢 smartorder-proxy.service OK
[2025-10-25 13:53:53.912142] 🟢 smartorder-websync-bridge.service OK
[2025-10-25 13:53:53.922918] 🟢 smartorder-portal-v5.service OK
[2025-10-25 13:53:53.933188] 🟢 smartorder-watchdog.service OK
[2025-10-25 13:54:07.863240] === SAFELOGIC GUARDIAN DIAG INIT ===
[2025-10-25 13:54:07.871169] 🟢 smartorder-proxy.service OK
[2025-10-25 13:54:07.876372] 🟢 smartorder-websync-bridge.service OK
[2025-10-25 13:54:07.879116] 🟢 smartorder-portal-v5.service OK
[2025-10-25 13:54:07.883531] 🟢 smartorder-watchdog.service OK
[2025-10-25 13:54:24.203582] === SAFELOGIC GUARDIAN DIAG INIT ===
[2025-10-25 13:54:24.236947] 🟢 smartorder-proxy.service OK
[2025-10-25 13:54:24.242768] 🟢 smartorder-websync-bridge.service OK
[2025-10-25 13:54:24.246093] 🟢 smartorder-portal-v5.service OK
[2025-10-25 13:54:24.249308] 🟢 smartorder-watchdog.service OK
[2025-10-25 13:54:38.157843] === SAFELOGIC GUARDIAN DIAG INIT ===
[2025-10-25 13:54:38.179072] 🟢 smartorder-proxy.service OK
[2025-10-25 13:54:38.183496] 🟢 smartorder-websync-bridge.service OK
[2025-10-25 13:54:38.190880] 🟢 smartorder-portal-v5.service OK
[2025-10-25 13:54:38.199427] 🟢 smartorder-watchdog.service OK
[2025-10-25 13:54:54.526649] === SAFELOGIC GUARDIAN DIAG INIT ===
[2025-10-25 13:54:54.536577] 🟢 smartorder-proxy.service OK
[2025-10-25 13:54:54.540197] 🟢 smartorder-websync-bridge.service OK
[2025-10-25 13:54:54.543788] 🟢 smartorder-portal-v5.service OK
[2025-10-25 13:54:54.548826] 🟢 smartorder-watchdog.service OK
[2025-10-25 13:55:08.490896] === SAFELOGIC GUARDIAN DIAG INIT ===
[2025-10-25 13:55:08.501442] 🟢 smartorder-proxy.service OK
[2025-10-25 13:55:08.507955] 🟢 smartorder-websync-bridge.service OK
[2025-10-25 13:55:08.514339] 🟢 smartorder-portal-v5.service OK
[2025-10-25 13:55:08.522797] 🟢 smartorder-watchdog.service OK
[2025-10-25 13:55:24.862009] === SAFELOGIC GUARDIAN DIAG INIT ===
[2025-10-25 13:55:24.884644] 🟢 smartorder-proxy.service OK
[2025-10-25 13:55:24.897065] 🟢 smartorder-websync-bridge.service OK
[2025-10-25 13:55:24.899887] 🟢 smartorder-portal-v5.service OK
[2025-10-25 13:55:24.904351] 🟢 smartorder-watchdog.service OK
[2025-10-25 13:55:38.795588] === SAFELOGIC GUARDIAN DIAG INIT ===
[2025-10-25 13:55:38.803408] 🟢 smartorder-proxy.service OK
[2025-10-25 13:55:38.807536] 🟢 smartorder-websync-bridge.service OK
[2025-10-25 13:55:38.812092] 🟢 smartorder-portal-v5.service OK
[2025-10-25 13:55:38.817146] 🟢 smartorder-watchdog.service OK
[2025-10-25 13:55:55.131413] === SAFELOGIC GUARDIAN DIAG INIT ===
[2025-10-25 13:55:55.140172] 🟢 smartorder-proxy.service OK
[2025-10-25 13:55:55.149653] 🟢 smartorder-websync-bridge.service OK
[2025-10-25 13:55:55.153047] 🟢 smartorder-portal-v5.service OK
[2025-10-25 13:55:55.158480] 🟢 smartorder-watchdog.service OK
[2025-10-25 13:56:09.161316] === SAFELOGIC GUARDIAN DIAG INIT ===
[2025-10-25 13:56:09.169419] 🟢 smartorder-proxy.service OK
[2025-10-25 13:56:09.179371] 🟢 smartorder-websync-bridge.service OK
[2025-10-25 13:56:09.186981] 🟢 smartorder-portal-v5.service OK
[2025-10-25 13:56:09.197531] 🟢 smartorder-watchdog.service OK
[2025-10-25 13:56:25.438083] === SAFELOGIC GUARDIAN DIAG INIT ===
[2025-10-25 13:56:25.448895] 🟢 smartorder-proxy.service OK
[2025-10-25 13:56:25.454310] 🟢 smartorder-websync-bridge.service OK
[2025-10-25 13:56:25.460406] 🟢 smartorder-portal-v5.service OK
[2025-10-25 13:56:25.463535] 🟢 smartorder-watchdog.service OK
[2025-10-25 13:56:39.462894] === SAFELOGIC GUARDIAN DIAG INIT ===
[2025-10-25 13:56:39.473813] 🟢 smartorder-proxy.service OK
[2025-10-25 13:56:39.481472] 🟢 smartorder-websync-bridge.service OK
[2025-10-25 13:56:39.486602] 🟢 smartorder-portal-v5.service OK
[2025-10-25 13:56:39.494303] 🟢 smartorder-watchdog.service OK
[2025-10-25 13:56:55.746459] === SAFELOGIC GUARDIAN DIAG INIT ===
[2025-10-25 13:56:55.760402] 🟢 smartorder-proxy.service OK
[2025-10-25 13:56:55.773505] 🟢 smartorder-websync-bridge.service OK
[2025-10-25 13:56:55.779324] 🟢 smartorder-portal-v5.service OK
[2025-10-25 13:56:55.785509] 🟢 smartorder-watchdog.service OK
[2025-10-25 13:57:09.806659] === SAFELOGIC GUARDIAN DIAG INIT ===
[2025-10-25 13:57:09.825662] 🟢 smartorder-proxy.service OK
[2025-10-25 13:57:09.832926] 🟢 smartorder-websync-bridge.service OK
[2025-10-25 13:57:09.844954] 🟢 smartorder-portal-v5.service OK
[2025-10-25 13:57:09.856551] 🟢 smartorder-watchdog.service OK
[2025-10-25 13:57:26.035336] === SAFELOGIC GUARDIAN DIAG INIT ===
[2025-10-25 13:57:26.070316] 🟢 smartorder-proxy.service OK
[2025-10-25 13:57:26.078900] 🟢 smartorder-websync-bridge.service OK
[2025-10-25 13:57:26.081777] 🟢 smartorder-portal-v5.service OK
[2025-10-25 13:57:26.085231] 🟢 smartorder-watchdog.service OK
[2025-10-25 13:57:40.132812] === SAFELOGIC GUARDIAN DIAG INIT ===
[2025-10-25 13:57:40.146463] 🟢 smartorder-proxy.service OK
[2025-10-25 13:57:40.149444] 🟢 smartorder-websync-bridge.service OK
[2025-10-25 13:57:40.160206] 🟢 smartorder-portal-v5.service OK
[2025-10-25 13:57:40.170100] 🟢 smartorder-watchdog.service OK
[2025-10-25 13:57:56.341612] === SAFELOGIC GUARDIAN DIAG INIT ===
[2025-10-25 13:57:56.358705] 🟢 smartorder-proxy.service OK
[2025-10-25 13:57:56.368098] 🟢 smartorder-websync-bridge.service OK
[2025-10-25 13:57:56.375775] 🟢 smartorder-portal-v5.service OK
[2025-10-25 13:57:56.378634] 🟢 smartorder-watchdog.service OK
[2025-10-25 13:58:10.442550] === SAFELOGIC GUARDIAN DIAG INIT ===
[2025-10-25 13:58:10.451757] 🟢 smartorder-proxy.service OK
[2025-10-25 13:58:10.456422] 🟢 smartorder-websync-bridge.service OK
[2025-10-25 13:58:10.464901] 🟢 smartorder-portal-v5.service OK
[2025-10-25 13:58:10.467917] 🟢 smartorder-watchdog.service OK
[2025-10-25 13:58:26.679900] === SAFELOGIC GUARDIAN DIAG INIT ===
[2025-10-25 13:58:26.692817] 🟢 smartorder-proxy.service OK
[2025-10-25 13:58:26.695685] 🟢 smartorder-websync-bridge.service OK
[2025-10-25 13:58:26.698065] 🟢 smartorder-portal-v5.service OK
[2025-10-25 13:58:26.708439] 🟢 smartorder-watchdog.service OK
[2025-10-25 13:58:40.761562] === SAFELOGIC GUARDIAN DIAG INIT ===
[2025-10-25 13:58:40.768419] 🟢 smartorder-proxy.service OK
[2025-10-25 13:58:40.772466] 🟢 smartorder-websync-bridge.service OK
[2025-10-25 13:58:40.776187] 🟢 smartorder-portal-v5.service OK
[2025-10-25 13:58:40.785708] 🟢 smartorder-watchdog.service OK
[2025-10-25 13:58:57.003953] === SAFELOGIC GUARDIAN DIAG INIT ===
[2025-10-25 13:58:57.031519] 🟢 smartorder-proxy.service OK
[2025-10-25 13:58:57.040573] 🟢 smartorder-websync-bridge.service OK
[2025-10-25 13:58:57.044489] 🟢 smartorder-portal-v5.service OK
[2025-10-25 13:58:57.061908] 🟢 smartorder-watchdog.service OK
[2025-10-25 13:59:11.075992] === SAFELOGIC GUARDIAN DIAG INIT ===
[2025-10-25 13:59:11.094075] 🟢 smartorder-proxy.service OK
[2025-10-25 13:59:11.096993] 🟢 smartorder-websync-bridge.service OK
[2025-10-25 13:59:11.099921] 🟢 smartorder-portal-v5.service OK
[2025-10-25 13:59:11.104732] 🟢 smartorder-watchdog.service OK
[2025-10-25 13:59:27.378830] === SAFELOGIC GUARDIAN DIAG INIT ===
[2025-10-25 13:59:27.396827] 🟢 smartorder-proxy.service OK
[2025-10-25 13:59:27.400051] 🟢 smartorder-websync-bridge.service OK
[2025-10-25 13:59:27.403469] 🟢 smartorder-portal-v5.service OK
[2025-10-25 13:59:27.406936] 🟢 smartorder-watchdog.service OK
[2025-10-25 13:59:41.367534] === SAFELOGIC GUARDIAN DIAG INIT ===
[2025-10-25 13:59:41.389183] 🟢 smartorder-proxy.service OK
[2025-10-25 13:59:41.392967] 🟢 smartorder-websync-bridge.service OK
[2025-10-25 13:59:41.396149] 🟢 smartorder-portal-v5.service OK
[2025-10-25 13:59:41.413084] 🟢 smartorder-watchdog.service OK
[2025-10-25 13:59:57.664555] === SAFELOGIC GUARDIAN DIAG INIT ===
[2025-10-25 13:59:57.677004] 🟢 smartorder-proxy.service OK
[2025-10-25 13:59:57.683887] ⚠️ smartorder-websync-bridge.service inactif — redémarrage...
[2025-10-25 14:00:00.699502] ✅ smartorder-websync-bridge.service restauré avec succès.
[2025-10-25 14:00:00.702915] 🟢 smartorder-portal-v5.service OK
[2025-10-25 14:00:00.705570] 🟢 smartorder-watchdog.service OK
[2025-10-25 14:00:11.705244] === SAFELOGIC GUARDIAN DIAG INIT ===
[2025-10-25 14:00:11.709159] 🟢 smartorder-proxy.service OK
[2025-10-25 14:00:11.712051] 🟢 smartorder-websync-bridge.service OK
[2025-10-25 14:00:11.718088] 🟢 smartorder-portal-v5.service OK
[2025-10-25 14:00:11.721017] 🟢 smartorder-watchdog.service OK
[2025-10-25 14:00:27.988647] === SAFELOGIC GUARDIAN DIAG INIT ===
[2025-10-25 14:00:27.992980] 🟢 smartorder-proxy.service OK
[2025-10-25 14:00:27.995817] 🟢 smartorder-websync-bridge.service OK
[2025-10-25 14:00:27.998724] 🟢 smartorder-portal-v5.service OK
[2025-10-25 14:00:28.004939] 🟢 smartorder-watchdog.service OK
[2025-10-25 14:00:42.079218] === SAFELOGIC GUARDIAN DIAG INIT ===
[2025-10-25 14:00:42.085907] 🟢 smartorder-proxy.service OK
[2025-10-25 14:00:42.093769] 🟢 smartorder-websync-bridge.service OK
[2025-10-25 14:00:42.099404] 🟢 smartorder-portal-v5.service OK
[2025-10-25 14:00:42.108489] 🟢 smartorder-watchdog.service OK
[2025-10-25 14:00:58.269021] === SAFELOGIC GUARDIAN DIAG INIT ===
[2025-10-25 14:00:58.277490] 🟢 smartorder-proxy.service OK
[2025-10-25 14:00:58.282460] 🟢 smartorder-websync-bridge.service OK
[2025-10-25 14:00:58.287743] 🟢 smartorder-portal-v5.service OK
[2025-10-25 14:00:58.295839] 🟢 smartorder-watchdog.service OK
[2025-10-25 14:01:12.472900] === SAFELOGIC GUARDIAN DIAG INIT ===
[2025-10-25 14:01:12.485532] 🟢 smartorder-proxy.service OK
[2025-10-25 14:01:12.490711] 🟢 smartorder-websync-bridge.service OK
[2025-10-25 14:01:12.504389] 🟢 smartorder-portal-v5.service OK
[2025-10-25 14:01:12.509547] 🟢 smartorder-watchdog.service OK
[2025-10-25 14:01:28.629114] === SAFELOGIC GUARDIAN DIAG INIT ===
[2025-10-25 14:01:28.644522] 🟢 smartorder-proxy.service OK
[2025-10-25 14:01:28.647970] 🟢 smartorder-websync-bridge.service OK
[2025-10-25 14:01:28.652024] 🟢 smartorder-portal-v5.service OK
[2025-10-25 14:01:28.658790] 🟢 smartorder-watchdog.service OK
[2025-10-25 14:01:42.817618] === SAFELOGIC GUARDIAN DIAG INIT ===
[2025-10-25 14:01:42.824497] 🟢 smartorder-proxy.service OK
[2025-10-25 14:01:42.829582] 🟢 smartorder-websync-bridge.service OK
[2025-10-25 14:01:42.835172] 🟢 smartorder-portal-v5.service OK
[2025-10-25 14:01:42.843536] 🟢 smartorder-watchdog.service OK
[2025-10-25 14:01:58.984812] === SAFELOGIC GUARDIAN DIAG INIT ===
[2025-10-25 14:01:59.001409] 🟢 smartorder-proxy.service OK
[2025-10-25 14:01:59.006839] 🟢 smartorder-websync-bridge.service OK
[2025-10-25 14:01:59.015018] 🟢 smartorder-portal-v5.service OK
[2025-10-25 14:01:59.022778] 🟢 smartorder-watchdog.service OK
[2025-10-25 14:02:13.104925] === SAFELOGIC GUARDIAN DIAG INIT ===
[2025-10-25 14:02:13.108731] 🟢 smartorder-proxy.service OK
[2025-10-25 14:02:13.113175] 🟢 smartorder-websync-bridge.service OK
[2025-10-25 14:02:13.115932] 🟢 smartorder-portal-v5.service OK
[2025-10-25 14:02:13.120924] 🟢 smartorder-watchdog.service OK
[2025-10-25 14:02:29.299429] === SAFELOGIC GUARDIAN DIAG INIT ===
[2025-10-25 14:02:29.315895] 🟢 smartorder-proxy.service OK
[2025-10-25 14:02:29.327812] 🟢 smartorder-websync-bridge.service OK
[2025-10-25 14:02:29.334981] 🟢 smartorder-portal-v5.service OK
[2025-10-25 14:02:29.344466] 🟢 smartorder-watchdog.service OK
[2025-10-25 14:02:43.400228] === SAFELOGIC GUARDIAN DIAG INIT ===
[2025-10-25 14:02:43.406186] 🟢 smartorder-proxy.service OK
[2025-10-25 14:02:43.412788] 🟢 smartorder-websync-bridge.service OK
[2025-10-25 14:02:43.423748] 🟢 smartorder-portal-v5.service OK
[2025-10-25 14:02:43.429286] 🟢 smartorder-watchdog.service OK
[2025-10-25 14:02:59.578523] === SAFELOGIC GUARDIAN DIAG INIT ===
[2025-10-25 14:02:59.591234] 🟢 smartorder-proxy.service OK
[2025-10-25 14:02:59.594361] 🟢 smartorder-websync-bridge.service OK
[2025-10-25 14:02:59.597238] 🟢 smartorder-portal-v5.service OK
[2025-10-25 14:02:59.600085] 🟢 smartorder-watchdog.service OK
[2025-10-25 14:03:13.725900] === SAFELOGIC GUARDIAN DIAG INIT ===
[2025-10-25 14:03:13.752070] 🟢 smartorder-proxy.service OK
[2025-10-25 14:03:13.765079] 🟢 smartorder-websync-bridge.service OK
[2025-10-25 14:03:13.773917] 🟢 smartorder-portal-v5.service OK
[2025-10-25 14:03:13.785852] 🟢 smartorder-watchdog.service OK
[2025-10-25 14:03:29.859957] === SAFELOGIC GUARDIAN DIAG INIT ===
[2025-10-25 14:03:29.875667] 🟢 smartorder-proxy.service OK
[2025-10-25 14:03:29.888565] 🟢 smartorder-websync-bridge.service OK
[2025-10-25 14:03:29.892482] 🟢 smartorder-portal-v5.service OK
[2025-10-25 14:03:29.895314] 🟢 smartorder-watchdog.service OK
[2025-10-25 14:03:44.086917] === SAFELOGIC GUARDIAN DIAG INIT ===
[2025-10-25 14:03:44.099854] 🟢 smartorder-proxy.service OK
[2025-10-25 14:03:44.109669] 🟢 smartorder-websync-bridge.service OK
[2025-10-25 14:03:44.116217] 🟢 smartorder-portal-v5.service OK
[2025-10-25 14:03:44.120923] 🟢 smartorder-watchdog.service OK
[2025-10-25 14:04:00.255596] === SAFELOGIC GUARDIAN DIAG INIT ===
[2025-10-25 14:04:00.269538] 🟢 smartorder-proxy.service OK
[2025-10-25 14:04:00.274056] 🟢 smartorder-websync-bridge.service OK
[2025-10-25 14:04:00.281155] 🟢 smartorder-portal-v5.service OK
[2025-10-25 14:04:00.286259] 🟢 smartorder-watchdog.service OK
[2025-10-25 14:04:14.410397] === SAFELOGIC GUARDIAN DIAG INIT ===
[2025-10-25 14:04:14.420915] 🟢 smartorder-proxy.service OK
[2025-10-25 14:04:14.426914] 🟢 smartorder-websync-bridge.service OK
[2025-10-25 14:04:14.442583] 🟢 smartorder-portal-v5.service OK
[2025-10-25 14:04:14.461424] 🟢 smartorder-watchdog.service OK
[2025-10-25 14:04:30.556493] === SAFELOGIC GUARDIAN DIAG INIT ===
[2025-10-25 14:04:30.572767] 🟢 smartorder-proxy.service OK
[2025-10-25 14:04:30.584381] 🟢 smartorder-websync-bridge.service OK
[2025-10-25 14:04:30.593736] 🟢 smartorder-portal-v5.service OK
[2025-10-25 14:04:30.604784] 🟢 smartorder-watchdog.service OK
[2025-10-25 14:04:44.670496] === SAFELOGIC GUARDIAN DIAG INIT ===
[2025-10-25 14:04:44.680370] 🟢 smartorder-proxy.service OK
[2025-10-25 14:04:44.684718] 🟢 smartorder-websync-bridge.service OK
[2025-10-25 14:04:44.688065] 🟢 smartorder-portal-v5.service OK
[2025-10-25 14:04:44.694151] 🟢 smartorder-watchdog.service OK
[2025-10-25 14:05:00.839171] === SAFELOGIC GUARDIAN DIAG INIT ===
[2025-10-25 14:05:00.864733] 🟢 smartorder-proxy.service OK
[2025-10-25 14:05:00.868608] 🟢 smartorder-websync-bridge.service OK
[2025-10-25 14:05:00.872300] 🟢 smartorder-portal-v5.service OK
[2025-10-25 14:05:00.876511] 🟢 smartorder-watchdog.service OK
[2025-10-25 14:05:15.070747] === SAFELOGIC GUARDIAN DIAG INIT ===
[2025-10-25 14:05:15.076857] 🟢 smartorder-proxy.service OK
[2025-10-25 14:05:15.089583] 🟢 smartorder-websync-bridge.service OK
[2025-10-25 14:05:15.093743] 🟢 smartorder-portal-v5.service OK
[2025-10-25 14:05:15.097162] 🟢 smartorder-watchdog.service OK
[2025-10-25 14:05:31.134041] === SAFELOGIC GUARDIAN DIAG INIT ===
[2025-10-25 14:05:31.143295] 🟢 smartorder-proxy.service OK
[2025-10-25 14:05:31.161428] 🟢 smartorder-websync-bridge.service OK
[2025-10-25 14:05:31.166780] 🟢 smartorder-portal-v5.service OK
[2025-10-25 14:05:31.174030] 🟢 smartorder-watchdog.service OK
[2025-10-25 14:05:45.287505] === SAFELOGIC GUARDIAN DIAG INIT ===
[2025-10-25 14:05:45.296457] 🟢 smartorder-proxy.service OK
[2025-10-25 14:05:45.305471] 🟢 smartorder-websync-bridge.service OK
[2025-10-25 14:05:45.309425] 🟢 smartorder-portal-v5.service OK
[2025-10-25 14:05:45.314597] 🟢 smartorder-watchdog.service OK
[2025-10-25 14:06:01.400117] === SAFELOGIC GUARDIAN DIAG INIT ===
[2025-10-25 14:06:01.411402] 🟢 smartorder-proxy.service OK
[2025-10-25 14:06:01.414524] 🟢 smartorder-websync-bridge.service OK
[2025-10-25 14:06:01.427262] 🟢 smartorder-portal-v5.service OK
[2025-10-25 14:06:01.432393] 🟢 smartorder-watchdog.service OK
[2025-10-25 14:06:15.595134] === SAFELOGIC GUARDIAN DIAG INIT ===
[2025-10-25 14:06:15.599983] 🟢 smartorder-proxy.service OK
[2025-10-25 14:06:15.603152] 🟢 smartorder-websync-bridge.service OK
[2025-10-25 14:06:15.606221] 🟢 smartorder-portal-v5.service OK
[2025-10-25 14:06:15.624663] 🟢 smartorder-watchdog.service OK
[2025-10-25 14:06:31.666779] === SAFELOGIC GUARDIAN DIAG INIT ===
[2025-10-25 14:06:31.689045] 🟢 smartorder-proxy.service OK
[2025-10-25 14:06:31.692837] 🟢 smartorder-websync-bridge.service OK
[2025-10-25 14:06:31.699571] 🟢 smartorder-portal-v5.service OK
[2025-10-25 14:06:31.704381] 🟢 smartorder-watchdog.service OK
[2025-10-25 14:06:45.923833] === SAFELOGIC GUARDIAN DIAG INIT ===
[2025-10-25 14:06:45.935431] 🟢 smartorder-proxy.service OK
[2025-10-25 14:06:45.944530] 🟢 smartorder-websync-bridge.service OK
[2025-10-25 14:06:45.952487] 🟢 smartorder-portal-v5.service OK
[2025-10-25 14:06:45.955553] 🟢 smartorder-watchdog.service OK
[2025-10-25 14:07:01.996475] === SAFELOGIC GUARDIAN DIAG INIT ===
[2025-10-25 14:07:02.002613] 🟢 smartorder-proxy.service OK
[2025-10-25 14:07:02.008498] 🟢 smartorder-websync-bridge.service OK
[2025-10-25 14:07:02.010816] 🟢 smartorder-portal-v5.service OK
[2025-10-25 14:07:02.013491] 🟢 smartorder-watchdog.service OK
[2025-10-25 14:07:16.243689] === SAFELOGIC GUARDIAN DIAG INIT ===
[2025-10-25 14:07:16.263028] 🟢 smartorder-proxy.service OK
[2025-10-25 14:07:16.268371] 🟢 smartorder-websync-bridge.service OK
[2025-10-25 14:07:16.272370] 🟢 smartorder-portal-v5.service OK
[2025-10-25 14:07:16.276343] 🟢 smartorder-watchdog.service OK
[2025-10-25 14:07:32.289877] === SAFELOGIC GUARDIAN DIAG INIT ===
[2025-10-25 14:07:32.299175] 🟢 smartorder-proxy.service OK
[2025-10-25 14:07:32.306167] 🟢 smartorder-websync-bridge.service OK
[2025-10-25 14:07:32.314410] 🟢 smartorder-portal-v5.service OK
[2025-10-25 14:07:32.320736] 🟢 smartorder-watchdog.service OK
[2025-10-25 14:07:46.626615] === SAFELOGIC GUARDIAN DIAG INIT ===
[2025-10-25 14:07:46.643942] 🟢 smartorder-proxy.service OK
[2025-10-25 14:07:46.655437] 🟢 smartorder-websync-bridge.service OK
[2025-10-25 14:07:46.670035] 🟢 smartorder-portal-v5.service OK
[2025-10-25 14:07:46.680399] 🟢 smartorder-watchdog.service OK
[2025-10-25 14:08:02.554374] === SAFELOGIC GUARDIAN DIAG INIT ===
[2025-10-25 14:08:02.560943] 🟢 smartorder-proxy.service OK
[2025-10-25 14:08:02.564143] 🟢 smartorder-websync-bridge.service OK
[2025-10-25 14:08:02.572476] 🟢 smartorder-portal-v5.service OK
[2025-10-25 14:08:02.576481] 🟢 smartorder-watchdog.service OK
[2025-10-25 14:08:16.978952] === SAFELOGIC GUARDIAN DIAG INIT ===
[2025-10-25 14:08:16.983374] 🟢 smartorder-proxy.service OK
[2025-10-25 14:08:16.992784] 🟢 smartorder-websync-bridge.service OK
[2025-10-25 14:08:16.995426] 🟢 smartorder-portal-v5.service OK
[2025-10-25 14:08:17.007273] 🟢 smartorder-watchdog.service OK
[2025-10-25 14:08:32.901170] === SAFELOGIC GUARDIAN DIAG INIT ===
[2025-10-25 14:08:32.909822] 🟢 smartorder-proxy.service OK
[2025-10-25 14:08:32.914723] 🟢 smartorder-websync-bridge.service OK
[2025-10-25 14:08:32.920139] 🟢 smartorder-portal-v5.service OK
[2025-10-25 14:08:32.925369] 🟢 smartorder-watchdog.service OK
[2025-10-25 14:08:47.251564] === SAFELOGIC GUARDIAN DIAG INIT ===
[2025-10-25 14:08:47.262269] 🟢 smartorder-proxy.service OK
[2025-10-25 14:08:47.268052] 🟢 smartorder-websync-bridge.service OK
[2025-10-25 14:08:47.272849] 🟢 smartorder-portal-v5.service OK
[2025-10-25 14:08:47.278437] 🟢 smartorder-watchdog.service OK
[2025-10-25 14:09:03.225652] === SAFELOGIC GUARDIAN DIAG INIT ===
[2025-10-25 14:09:03.232366] 🟢 smartorder-proxy.service OK
[2025-10-25 14:09:03.235630] 🟢 smartorder-websync-bridge.service OK
[2025-10-25 14:09:03.242487] 🟢 smartorder-portal-v5.service OK
[2025-10-25 14:09:03.245081] 🟢 smartorder-watchdog.service OK
[2025-10-25 14:09:17.595332] === SAFELOGIC GUARDIAN DIAG INIT ===
[2025-10-25 14:09:17.602637] 🟢 smartorder-proxy.service OK
[2025-10-25 14:09:17.607758] 🟢 smartorder-websync-bridge.service OK
[2025-10-25 14:09:17.615338] 🟢 smartorder-portal-v5.service OK
[2025-10-25 14:09:17.620336] 🟢 smartorder-watchdog.service OK
[2025-10-25 14:09:33.588736] === SAFELOGIC GUARDIAN DIAG INIT ===
[2025-10-25 14:09:33.609061] 🟢 smartorder-proxy.service OK
[2025-10-25 14:09:33.621176] 🟢 smartorder-websync-bridge.service OK
[2025-10-25 14:09:33.628368] 🟢 smartorder-portal-v5.service OK
[2025-10-25 14:09:33.634517] 🟢 smartorder-watchdog.service OK
[2025-10-25 14:09:47.936541] === SAFELOGIC GUARDIAN DIAG INIT ===
[2025-10-25 14:09:47.948315] 🟢 smartorder-proxy.service OK
[2025-10-25 14:09:47.952744] 🟢 smartorder-websync-bridge.service OK
[2025-10-25 14:09:47.959411] 🟢 smartorder-portal-v5.service OK
[2025-10-25 14:09:47.962490] 🟢 smartorder-watchdog.service OK
[2025-10-25 14:10:03.903980] === SAFELOGIC GUARDIAN DIAG INIT ===
[2025-10-25 14:10:03.926967] 🟢 smartorder-proxy.service OK
[2025-10-25 14:10:03.936678] 🟢 smartorder-websync-bridge.service OK
[2025-10-25 14:10:03.949522] 🟢 smartorder-portal-v5.service OK
[2025-10-25 14:10:03.962813] 🟢 smartorder-watchdog.service OK
[2025-10-25 14:10:18.286987] === SAFELOGIC GUARDIAN DIAG INIT ===
[2025-10-25 14:10:18.303082] 🟢 smartorder-proxy.service OK
[2025-10-25 14:10:18.310006] 🟢 smartorder-websync-bridge.service OK
[2025-10-25 14:10:18.318653] 🟢 smartorder-portal-v5.service OK
[2025-10-25 14:10:18.322937] 🟢 smartorder-watchdog.service OK
[2025-10-25 14:10:34.215106] === SAFELOGIC GUARDIAN DIAG INIT ===
[2025-10-25 14:10:34.224901] 🟢 smartorder-proxy.service OK
[2025-10-25 14:10:34.237150] 🟢 smartorder-websync-bridge.service OK
[2025-10-25 14:10:34.243445] 🟢 smartorder-portal-v5.service OK
[2025-10-25 14:10:34.251254] 🟢 smartorder-watchdog.service OK
[2025-10-25 14:10:48.669232] === SAFELOGIC GUARDIAN DIAG INIT ===
[2025-10-25 14:10:48.682218] 🟢 smartorder-proxy.service OK
[2025-10-25 14:10:48.689323] 🟢 smartorder-websync-bridge.service OK
[2025-10-25 14:10:48.692287] 🟢 smartorder-portal-v5.service OK
[2025-10-25 14:10:48.695120] 🟢 smartorder-watchdog.service OK
[2025-10-25 14:11:04.523089] === SAFELOGIC GUARDIAN DIAG INIT ===
[2025-10-25 14:11:04.541007] 🟢 smartorder-proxy.service OK
[2025-10-25 14:11:04.543857] 🟢 smartorder-websync-bridge.service OK
[2025-10-25 14:11:04.546485] 🟢 smartorder-portal-v5.service OK
[2025-10-25 14:11:04.560723] 🟢 smartorder-watchdog.service OK
[2025-10-25 14:11:18.999304] === SAFELOGIC GUARDIAN DIAG INIT ===
[2025-10-25 14:11:19.010513] 🟢 smartorder-proxy.service OK
[2025-10-25 14:11:19.018062] 🟢 smartorder-websync-bridge.service OK
[2025-10-25 14:11:19.028811] 🟢 smartorder-portal-v5.service OK
[2025-10-25 14:11:19.032942] 🟢 smartorder-watchdog.service OK
[2025-10-25 14:11:34.842383] === SAFELOGIC GUARDIAN DIAG INIT ===
[2025-10-25 14:11:34.851619] 🟢 smartorder-proxy.service OK
[2025-10-25 14:11:34.857517] 🟢 smartorder-websync-bridge.service OK
[2025-10-25 14:11:34.862813] 🟢 smartorder-portal-v5.service OK
[2025-10-25 14:11:34.867955] 🟢 smartorder-watchdog.service OK
[2025-10-25 14:11:49.229269] === SAFELOGIC GUARDIAN DIAG INIT ===
[2025-10-25 14:11:49.248894] 🟢 smartorder-proxy.service OK
[2025-10-25 14:11:49.260854] 🟢 smartorder-websync-bridge.service OK
[2025-10-25 14:11:49.269324] 🟢 smartorder-portal-v5.service OK
[2025-10-25 14:11:49.276462] 🟢 smartorder-watchdog.service OK
[2025-10-25 14:12:05.097593] === SAFELOGIC GUARDIAN DIAG INIT ===
[2025-10-25 14:12:05.117280] 🟢 smartorder-proxy.service OK
[2025-10-25 14:12:05.124520] 🟢 smartorder-websync-bridge.service OK
[2025-10-25 14:12:05.130582] 🟢 smartorder-portal-v5.service OK
[2025-10-25 14:12:05.140171] 🟢 smartorder-watchdog.service OK
[2025-10-25 14:12:19.567096] === SAFELOGIC GUARDIAN DIAG INIT ===
[2025-10-25 14:12:19.574716] 🟢 smartorder-proxy.service OK
[2025-10-25 14:12:19.598574] 🟢 smartorder-websync-bridge.service OK
[2025-10-25 14:12:19.602306] 🟢 smartorder-portal-v5.service OK
[2025-10-25 14:12:19.616990] 🟢 smartorder-watchdog.service OK
[2025-10-25 14:12:35.491089] === SAFELOGIC GUARDIAN DIAG INIT ===
[2025-10-25 14:12:35.514834] 🟢 smartorder-proxy.service OK
[2025-10-25 14:12:35.519892] 🟢 smartorder-websync-bridge.service OK
[2025-10-25 14:12:35.532629] 🟢 smartorder-portal-v5.service OK
[2025-10-25 14:12:35.551217] 🟢 smartorder-watchdog.service OK
[2025-10-25 14:12:49.894030] === SAFELOGIC GUARDIAN DIAG INIT ===
[2025-10-25 14:12:49.908970] 🟢 smartorder-proxy.service OK
[2025-10-25 14:12:49.918815] 🟢 smartorder-websync-bridge.service OK
[2025-10-25 14:12:49.924993] 🟢 smartorder-portal-v5.service OK
[2025-10-25 14:12:49.931510] 🟢 smartorder-watchdog.service OK
[2025-10-25 14:13:05.796462] === SAFELOGIC GUARDIAN DIAG INIT ===
[2025-10-25 14:13:05.804183] 🟢 smartorder-proxy.service OK
[2025-10-25 14:13:05.811757] 🟢 smartorder-websync-bridge.service OK
[2025-10-25 14:13:05.814655] 🟢 smartorder-portal-v5.service OK
[2025-10-25 14:13:05.819044] 🟢 smartorder-watchdog.service OK
[2025-10-25 14:13:20.187860] === SAFELOGIC GUARDIAN DIAG INIT ===
[2025-10-25 14:13:20.213450] 🟢 smartorder-proxy.service OK
[2025-10-25 14:13:20.219456] 🟢 smartorder-websync-bridge.service OK
[2025-10-25 14:13:20.228627] 🟢 smartorder-portal-v5.service OK
[2025-10-25 14:13:20.237252] 🟢 smartorder-watchdog.service OK
[2025-10-25 14:13:36.093136] === SAFELOGIC GUARDIAN DIAG INIT ===
[2025-10-25 14:13:36.099175] 🟢 smartorder-proxy.service OK
[2025-10-25 14:13:36.111277] 🟢 smartorder-websync-bridge.service OK
[2025-10-25 14:13:36.126645] 🟢 smartorder-portal-v5.service OK
[2025-10-25 14:13:36.136660] 🟢 smartorder-watchdog.service OK
[2025-10-25 14:13:50.447773] === SAFELOGIC GUARDIAN DIAG INIT ===
[2025-10-25 14:13:50.467563] 🟢 smartorder-proxy.service OK
[2025-10-25 14:13:50.471628] 🟢 smartorder-websync-bridge.service OK
[2025-10-25 14:13:50.484369] 🟢 smartorder-portal-v5.service OK
[2025-10-25 14:13:50.489649] 🟢 smartorder-watchdog.service OK
[2025-10-25 14:14:06.440394] === SAFELOGIC GUARDIAN DIAG INIT ===
[2025-10-25 14:14:06.464105] 🟢 smartorder-proxy.service OK
[2025-10-25 14:14:06.477398] 🟢 smartorder-websync-bridge.service OK
[2025-10-25 14:14:06.489791] 🟢 smartorder-portal-v5.service OK
[2025-10-25 14:14:06.496021] 🟢 smartorder-watchdog.service OK
[2025-10-25 14:14:20.895906] === SAFELOGIC GUARDIAN DIAG INIT ===
[2025-10-25 14:14:20.933567] 🟢 smartorder-proxy.service OK
[2025-10-25 14:14:20.936930] 🟢 smartorder-websync-bridge.service OK
[2025-10-25 14:14:20.939770] 🟢 smartorder-portal-v5.service OK
[2025-10-25 14:14:20.945560] 🟢 smartorder-watchdog.service OK
[2025-10-25 14:14:36.814892] === SAFELOGIC GUARDIAN DIAG INIT ===
[2025-10-25 14:14:36.828573] 🟢 smartorder-proxy.service OK
[2025-10-25 14:14:36.838512] 🟢 smartorder-websync-bridge.service OK
[2025-10-25 14:14:36.848718] 🟢 smartorder-portal-v5.service OK
[2025-10-25 14:14:36.854380] 🟢 smartorder-watchdog.service OK
[2025-10-25 14:14:51.227513] === SAFELOGIC GUARDIAN DIAG INIT ===
[2025-10-25 14:14:51.235425] 🟢 smartorder-proxy.service OK
[2025-10-25 14:14:51.241760] 🟢 smartorder-websync-bridge.service OK
[2025-10-25 14:14:51.247664] 🟢 smartorder-portal-v5.service OK
[2025-10-25 14:14:51.253105] 🟢 smartorder-watchdog.service OK
[2025-10-25 14:15:07.112788] === SAFELOGIC GUARDIAN DIAG INIT ===
[2025-10-25 14:15:07.123467] 🟢 smartorder-proxy.service OK
[2025-10-25 14:15:07.125889] 🟢 smartorder-websync-bridge.service OK
[2025-10-25 14:15:07.132333] 🟢 smartorder-portal-v5.service OK
[2025-10-25 14:15:07.138360] 🟢 smartorder-watchdog.service OK
[2025-10-25 14:15:21.552622] === SAFELOGIC GUARDIAN DIAG INIT ===
[2025-10-25 14:15:21.564077] 🟢 smartorder-proxy.service OK
[2025-10-25 14:15:21.568175] 🟢 smartorder-websync-bridge.service OK
[2025-10-25 14:15:21.575921] 🟢 smartorder-portal-v5.service OK
[2025-10-25 14:15:21.586408] 🟢 smartorder-watchdog.service OK
[2025-10-25 14:15:37.427418] === SAFELOGIC GUARDIAN DIAG INIT ===
[2025-10-25 14:15:37.444399] 🟢 smartorder-proxy.service OK
[2025-10-25 14:15:37.448131] 🟢 smartorder-websync-bridge.service OK
[2025-10-25 14:15:37.456647] 🟢 smartorder-portal-v5.service OK
[2025-10-25 14:15:37.461068] 🟢 smartorder-watchdog.service OK
[2025-10-25 14:15:51.863423] === SAFELOGIC GUARDIAN DIAG INIT ===
[2025-10-25 14:15:51.871126] 🟢 smartorder-proxy.service OK
[2025-10-25 14:15:51.875620] 🟢 smartorder-websync-bridge.service OK
[2025-10-25 14:15:51.881071] 🟢 smartorder-portal-v5.service OK
[2025-10-25 14:15:51.885556] 🟢 smartorder-watchdog.service OK
[2025-10-25 14:16:07.754083] === SAFELOGIC GUARDIAN DIAG INIT ===
[2025-10-25 14:16:07.759850] 🟢 smartorder-proxy.service OK
[2025-10-25 14:16:07.765072] 🟢 smartorder-websync-bridge.service OK
[2025-10-25 14:16:07.773918] 🟢 smartorder-portal-v5.service OK
[2025-10-25 14:16:07.779622] 🟢 smartorder-watchdog.service OK
[2025-10-25 14:16:22.196733] === SAFELOGIC GUARDIAN DIAG INIT ===
[2025-10-25 14:16:22.200684] 🟢 smartorder-proxy.service OK
[2025-10-25 14:16:22.204091] 🟢 smartorder-websync-bridge.service OK
[2025-10-25 14:16:22.212858] 🟢 smartorder-portal-v5.service OK
[2025-10-25 14:16:22.217775] 🟢 smartorder-watchdog.service OK
[2025-10-25 14:16:38.025036] === SAFELOGIC GUARDIAN DIAG INIT ===
[2025-10-25 14:16:38.035246] 🟢 smartorder-proxy.service OK
[2025-10-25 14:16:38.038445] 🟢 smartorder-websync-bridge.service OK
[2025-10-25 14:16:38.041311] 🟢 smartorder-portal-v5.service OK
[2025-10-25 14:16:38.044018] 🟢 smartorder-watchdog.service OK
[2025-10-25 14:16:52.494011] === SAFELOGIC GUARDIAN DIAG INIT ===
[2025-10-25 14:16:52.509563] 🟢 smartorder-proxy.service OK
[2025-10-25 14:16:52.514612] 🟢 smartorder-websync-bridge.service OK
[2025-10-25 14:16:52.524536] 🟢 smartorder-portal-v5.service OK
[2025-10-25 14:16:52.535502] 🟢 smartorder-watchdog.service OK
[2025-10-25 14:17:08.381789] === SAFELOGIC GUARDIAN DIAG INIT ===
[2025-10-25 14:17:08.390996] 🟢 smartorder-proxy.service OK
[2025-10-25 14:17:08.399004] 🟢 smartorder-websync-bridge.service OK
[2025-10-25 14:17:08.402339] 🟢 smartorder-portal-v5.service OK
[2025-10-25 14:17:08.409689] 🟢 smartorder-watchdog.service OK
[2025-10-25 14:17:22.831759] === SAFELOGIC GUARDIAN DIAG INIT ===
[2025-10-25 14:17:22.843300] 🟢 smartorder-proxy.service OK
[2025-10-25 14:17:22.849721] 🟢 smartorder-websync-bridge.service OK
[2025-10-25 14:17:22.855317] 🟢 smartorder-portal-v5.service OK
[2025-10-25 14:17:22.859883] 🟢 smartorder-watchdog.service OK
[2025-10-25 14:17:38.654478] === SAFELOGIC GUARDIAN DIAG INIT ===
[2025-10-25 14:17:38.669315] 🟢 smartorder-proxy.service OK
[2025-10-25 14:17:38.673168] 🟢 smartorder-websync-bridge.service OK
[2025-10-25 14:17:38.682195] 🟢 smartorder-portal-v5.service OK
[2025-10-25 14:17:38.687915] 🟢 smartorder-watchdog.service OK
[2025-10-25 14:17:53.150949] === SAFELOGIC GUARDIAN DIAG INIT ===
[2025-10-25 14:17:53.164643] 🟢 smartorder-proxy.service OK
[2025-10-25 14:17:53.169112] 🟢 smartorder-websync-bridge.service OK
[2025-10-25 14:17:53.174317] 🟢 smartorder-portal-v5.service OK
[2025-10-25 14:17:53.183079] 🟢 smartorder-watchdog.service OK
[2025-10-25 14:18:09.016420] === SAFELOGIC GUARDIAN DIAG INIT ===
[2025-10-25 14:18:09.023663] 🟢 smartorder-proxy.service OK
[2025-10-25 14:18:09.027901] 🟢 smartorder-websync-bridge.service OK
[2025-10-25 14:18:09.030681] 🟢 smartorder-portal-v5.service OK
[2025-10-25 14:18:09.040406] 🟢 smartorder-watchdog.service OK
[2025-10-25 14:18:23.492029] === SAFELOGIC GUARDIAN DIAG INIT ===
[2025-10-25 14:18:23.505694] 🟢 smartorder-proxy.service OK
[2025-10-25 14:18:23.514809] 🟢 smartorder-websync-bridge.service OK
[2025-10-25 14:18:23.521348] 🟢 smartorder-portal-v5.service OK
[2025-10-25 14:18:23.530043] 🟢 smartorder-watchdog.service OK
[2025-10-25 14:18:39.276768] === SAFELOGIC GUARDIAN DIAG INIT ===
[2025-10-25 14:18:39.296789] 🟢 smartorder-proxy.service OK
[2025-10-25 14:18:39.299980] 🟢 smartorder-websync-bridge.service OK
[2025-10-25 14:18:39.302752] 🟢 smartorder-portal-v5.service OK
[2025-10-25 14:18:39.306015] 🟢 smartorder-watchdog.service OK
[2025-10-25 14:18:53.829441] === SAFELOGIC GUARDIAN DIAG INIT ===
[2025-10-25 14:18:53.833415] 🟢 smartorder-proxy.service OK
[2025-10-25 14:18:53.840988] 🟢 smartorder-websync-bridge.service OK
[2025-10-25 14:18:53.844098] 🟢 smartorder-portal-v5.service OK
[2025-10-25 14:18:53.848981] 🟢 smartorder-watchdog.service OK
[2025-10-25 14:19:09.625986] === SAFELOGIC GUARDIAN DIAG INIT ===
[2025-10-25 14:19:09.635797] 🟢 smartorder-proxy.service OK
[2025-10-25 14:19:09.642230] 🟢 smartorder-websync-bridge.service OK
[2025-10-25 14:19:09.647177] 🟢 smartorder-portal-v5.service OK
[2025-10-25 14:19:09.651104] 🟢 smartorder-watchdog.service OK
[2025-10-25 14:19:24.145293] === SAFELOGIC GUARDIAN DIAG INIT ===
[2025-10-25 14:19:24.161087] 🟢 smartorder-proxy.service OK
[2025-10-25 14:19:24.164548] 🟢 smartorder-websync-bridge.service OK
[2025-10-25 14:19:24.168726] 🟢 smartorder-portal-v5.service OK
[2025-10-25 14:19:24.173064] 🟢 smartorder-watchdog.service OK
[2025-10-25 14:19:39.938668] === SAFELOGIC GUARDIAN DIAG INIT ===
[2025-10-25 14:19:39.950039] 🟢 smartorder-proxy.service OK
[2025-10-25 14:19:39.955328] 🟢 smartorder-websync-bridge.service OK
[2025-10-25 14:19:39.958319] 🟢 smartorder-portal-v5.service OK
[2025-10-25 14:19:39.960932] 🟢 smartorder-watchdog.service OK
[2025-10-25 14:19:54.489503] === SAFELOGIC GUARDIAN DIAG INIT ===
[2025-10-25 14:19:54.499367] 🟢 smartorder-proxy.service OK
[2025-10-25 14:19:54.504356] 🟢 smartorder-websync-bridge.service OK
[2025-10-25 14:19:54.510460] 🟢 smartorder-portal-v5.service OK
[2025-10-25 14:19:54.513180] 🟢 smartorder-watchdog.service OK
[2025-10-25 14:20:10.246061] === SAFELOGIC GUARDIAN DIAG INIT ===
[2025-10-25 14:20:10.252900] 🟢 smartorder-proxy.service OK
[2025-10-25 14:20:10.255851] 🟢 smartorder-websync-bridge.service OK
[2025-10-25 14:20:10.263168] 🟢 smartorder-portal-v5.service OK
[2025-10-25 14:20:10.268084] 🟢 smartorder-watchdog.service OK
[2025-10-25 14:20:24.746135] === SAFELOGIC GUARDIAN DIAG INIT ===
[2025-10-25 14:20:24.757259] 🟢 smartorder-proxy.service OK
[2025-10-25 14:20:24.763372] 🟢 smartorder-websync-bridge.service OK
[2025-10-25 14:20:24.765674] 🟢 smartorder-portal-v5.service OK
[2025-10-25 14:20:24.772361] 🟢 smartorder-watchdog.service OK
[2025-10-25 14:20:40.581641] === SAFELOGIC GUARDIAN DIAG INIT ===
[2025-10-25 14:20:40.593901] 🟢 smartorder-proxy.service OK
[2025-10-25 14:20:40.596628] 🟢 smartorder-websync-bridge.service OK
[2025-10-25 14:20:40.599180] 🟢 smartorder-portal-v5.service OK
[2025-10-25 14:20:40.609368] 🟢 smartorder-watchdog.service OK
[2025-10-25 14:20:55.041890] === SAFELOGIC GUARDIAN DIAG INIT ===
[2025-10-25 14:20:55.050011] 🟢 smartorder-proxy.service OK
[2025-10-25 14:20:55.058042] 🟢 smartorder-websync-bridge.service OK
[2025-10-25 14:20:55.064488] 🟢 smartorder-portal-v5.service OK
[2025-10-25 14:20:55.082186] 🟢 smartorder-watchdog.service OK
[2025-10-25 14:21:10.973283] === SAFELOGIC GUARDIAN DIAG INIT ===
[2025-10-25 14:21:10.983532] 🟢 smartorder-proxy.service OK
[2025-10-25 14:21:10.997511] 🟢 smartorder-websync-bridge.service OK
[2025-10-25 14:21:11.001185] 🟢 smartorder-portal-v5.service OK
[2025-10-25 14:21:11.013047] 🟢 smartorder-watchdog.service OK
[2025-10-25 14:21:25.381261] === SAFELOGIC GUARDIAN DIAG INIT ===
[2025-10-25 14:21:25.397107] 🟢 smartorder-proxy.service OK
[2025-10-25 14:21:25.403951] 🟢 smartorder-websync-bridge.service OK
[2025-10-25 14:21:25.409724] 🟢 smartorder-portal-v5.service OK
[2025-10-25 14:21:25.413305] 🟢 smartorder-watchdog.service OK
[2025-10-25 14:21:41.220014] === SAFELOGIC GUARDIAN DIAG INIT ===
[2025-10-25 14:21:41.227999] 🟢 smartorder-proxy.service OK
[2025-10-25 14:21:41.232679] 🟢 smartorder-websync-bridge.service OK
[2025-10-25 14:21:41.236887] 🟢 smartorder-portal-v5.service OK
[2025-10-25 14:21:41.240577] 🟢 smartorder-watchdog.service OK
[2025-10-25 14:21:55.709539] === SAFELOGIC GUARDIAN DIAG INIT ===
[2025-10-25 14:21:55.721175] 🟢 smartorder-proxy.service OK
[2025-10-25 14:21:55.729948] 🟢 smartorder-websync-bridge.service OK
[2025-10-25 14:21:55.738055] 🟢 smartorder-portal-v5.service OK
[2025-10-25 14:21:55.751316] 🟢 smartorder-watchdog.service OK
[2025-10-25 14:22:11.584022] === SAFELOGIC GUARDIAN DIAG INIT ===
[2025-10-25 14:22:11.596976] 🟢 smartorder-proxy.service OK
[2025-10-25 14:22:11.604450] 🟢 smartorder-websync-bridge.service OK
[2025-10-25 14:22:11.608420] 🟢 smartorder-portal-v5.service OK
[2025-10-25 14:22:11.611316] 🟢 smartorder-watchdog.service OK
[2025-10-25 14:22:25.995187] === SAFELOGIC GUARDIAN DIAG INIT ===
[2025-10-25 14:22:26.007822] 🟢 smartorder-proxy.service OK
[2025-10-25 14:22:26.011012] 🟢 smartorder-websync-bridge.service OK
[2025-10-25 14:22:26.017082] 🟢 smartorder-portal-v5.service OK
[2025-10-25 14:22:26.021495] 🟢 smartorder-watchdog.service OK
[2025-10-25 14:22:41.826850] === SAFELOGIC GUARDIAN DIAG INIT ===
[2025-10-25 14:22:41.836538] 🟢 smartorder-proxy.service OK
[2025-10-25 14:22:41.838937] 🟢 smartorder-websync-bridge.service OK
[2025-10-25 14:22:41.841355] 🟢 smartorder-portal-v5.service OK
[2025-10-25 14:22:41.843694] 🟢 smartorder-watchdog.service OK
[2025-10-25 14:22:56.267137] === SAFELOGIC GUARDIAN DIAG INIT ===
[2025-10-25 14:22:56.289033] 🟢 smartorder-proxy.service OK
[2025-10-25 14:22:56.293374] 🟢 smartorder-websync-bridge.service OK
[2025-10-25 14:22:56.297894] 🟢 smartorder-portal-v5.service OK
[2025-10-25 14:22:56.302513] 🟢 smartorder-watchdog.service OK
[2025-10-25 14:23:12.202641] === SAFELOGIC GUARDIAN DIAG INIT ===
[2025-10-25 14:23:12.228526] 🟢 smartorder-proxy.service OK
[2025-10-25 14:23:12.233458] 🟢 smartorder-websync-bridge.service OK
[2025-10-25 14:23:12.244795] 🟢 smartorder-portal-v5.service OK
[2025-10-25 14:23:12.247900] 🟢 smartorder-watchdog.service OK
[2025-10-25 14:23:26.579386] === SAFELOGIC GUARDIAN DIAG INIT ===
[2025-10-25 14:23:26.604768] 🟢 smartorder-proxy.service OK
[2025-10-25 14:23:26.616573] 🟢 smartorder-websync-bridge.service OK
[2025-10-25 14:23:26.620226] 🟢 smartorder-portal-v5.service OK
[2025-10-25 14:23:26.623931] 🟢 smartorder-watchdog.service OK
[2025-10-25 14:23:42.573827] === SAFELOGIC GUARDIAN DIAG INIT ===
[2025-10-25 14:23:42.591033] 🟢 smartorder-proxy.service OK
[2025-10-25 14:23:42.596037] 🟢 smartorder-websync-bridge.service OK
[2025-10-25 14:23:42.599079] 🟢 smartorder-portal-v5.service OK
[2025-10-25 14:23:42.613661] 🟢 smartorder-watchdog.service OK
[2025-10-25 14:23:56.881334] === SAFELOGIC GUARDIAN DIAG INIT ===
[2025-10-25 14:23:56.896448] 🟢 smartorder-proxy.service OK
[2025-10-25 14:23:56.905948] 🟢 smartorder-websync-bridge.service OK
[2025-10-25 14:23:56.911553] 🟢 smartorder-portal-v5.service OK
[2025-10-25 14:23:56.925035] 🟢 smartorder-watchdog.service OK
[2025-10-25 14:24:12.899909] === SAFELOGIC GUARDIAN DIAG INIT ===
[2025-10-25 14:24:12.909074] 🟢 smartorder-proxy.service OK
[2025-10-25 14:24:12.912929] 🟢 smartorder-websync-bridge.service OK
[2025-10-25 14:24:12.925122] 🟢 smartorder-portal-v5.service OK
[2025-10-25 14:24:12.928211] 🟢 smartorder-watchdog.service OK
[2025-10-25 14:24:27.191431] === SAFELOGIC GUARDIAN DIAG INIT ===
[2025-10-25 14:24:27.200765] 🟢 smartorder-proxy.service OK
[2025-10-25 14:24:27.206979] 🟢 smartorder-websync-bridge.service OK
[2025-10-25 14:24:27.215750] 🟢 smartorder-portal-v5.service OK
[2025-10-25 14:24:27.224999] 🟢 smartorder-watchdog.service OK
[2025-10-25 14:24:43.290514] === SAFELOGIC GUARDIAN DIAG INIT ===
[2025-10-25 14:24:43.300770] 🟢 smartorder-proxy.service OK
[2025-10-25 14:24:43.303697] 🟢 smartorder-websync-bridge.service OK
[2025-10-25 14:24:43.306245] 🟢 smartorder-portal-v5.service OK
[2025-10-25 14:24:43.312983] 🟢 smartorder-watchdog.service OK
[2025-10-25 14:24:57.549648] === SAFELOGIC GUARDIAN DIAG INIT ===
[2025-10-25 14:24:57.554801] 🟢 smartorder-proxy.service OK
[2025-10-25 14:24:57.567423] 🟢 smartorder-websync-bridge.service OK
[2025-10-25 14:24:57.571948] 🟢 smartorder-portal-v5.service OK
[2025-10-25 14:24:57.588039] 🟢 smartorder-watchdog.service OK
[2025-10-25 14:25:13.591807] === SAFELOGIC GUARDIAN DIAG INIT ===
[2025-10-25 14:25:13.610876] 🟢 smartorder-proxy.service OK
[2025-10-25 14:25:13.615514] 🟢 smartorder-websync-bridge.service OK
[2025-10-25 14:25:13.618262] 🟢 smartorder-portal-v5.service OK
[2025-10-25 14:25:13.625171] 🟢 smartorder-watchdog.service OK
[2025-10-25 14:25:27.916272] === SAFELOGIC GUARDIAN DIAG INIT ===
[2025-10-25 14:25:27.932793] 🟢 smartorder-proxy.service OK
[2025-10-25 14:25:27.940619] 🟢 smartorder-websync-bridge.service OK
[2025-10-25 14:25:27.948445] 🟢 smartorder-portal-v5.service OK
[2025-10-25 14:25:27.957277] 🟢 smartorder-watchdog.service OK
[2025-10-25 14:25:43.909211] === SAFELOGIC GUARDIAN DIAG INIT ===
[2025-10-25 14:25:43.917098] 🟢 smartorder-proxy.service OK
[2025-10-25 14:25:43.923728] 🟢 smartorder-websync-bridge.service OK
[2025-10-25 14:25:43.930076] 🟢 smartorder-portal-v5.service OK
[2025-10-25 14:25:43.943320] 🟢 smartorder-watchdog.service OK
[2025-10-25 14:25:58.191400] === SAFELOGIC GUARDIAN DIAG INIT ===
[2025-10-25 14:25:58.200341] 🟢 smartorder-proxy.service OK
[2025-10-25 14:25:58.206400] 🟢 smartorder-websync-bridge.service OK
[2025-10-25 14:25:58.213231] 🟢 smartorder-portal-v5.service OK
[2025-10-25 14:25:58.219860] 🟢 smartorder-watchdog.service OK
[2025-10-25 14:26:14.271352] === SAFELOGIC GUARDIAN DIAG INIT ===
[2025-10-25 14:26:14.279720] 🟢 smartorder-proxy.service OK
[2025-10-25 14:26:14.285349] 🟢 smartorder-websync-bridge.service OK
[2025-10-25 14:26:14.293145] 🟢 smartorder-portal-v5.service OK
[2025-10-25 14:26:14.295918] 🟢 smartorder-watchdog.service OK
[2025-10-25 14:26:28.493040] === SAFELOGIC GUARDIAN DIAG INIT ===
[2025-10-25 14:26:28.501109] 🟢 smartorder-proxy.service OK
[2025-10-25 14:26:28.508924] 🟢 smartorder-websync-bridge.service OK
[2025-10-25 14:26:28.511827] 🟢 smartorder-portal-v5.service OK
[2025-10-25 14:26:28.515452] 🟢 smartorder-watchdog.service OK
[2025-10-25 14:26:44.566771] === SAFELOGIC GUARDIAN DIAG INIT ===
[2025-10-25 14:26:44.584840] 🟢 smartorder-proxy.service OK
[2025-10-25 14:26:44.591652] 🟢 smartorder-websync-bridge.service OK
[2025-10-25 14:26:44.597855] 🟢 smartorder-portal-v5.service OK
[2025-10-25 14:26:44.600733] 🟢 smartorder-watchdog.service OK
[2025-10-25 14:26:58.773340] === SAFELOGIC GUARDIAN DIAG INIT ===
[2025-10-25 14:26:58.787505] 🟢 smartorder-proxy.service OK
[2025-10-25 14:26:58.794457] 🟢 smartorder-websync-bridge.service OK
[2025-10-25 14:26:58.803563] 🟢 smartorder-portal-v5.service OK
[2025-10-25 14:26:58.811595] 🟢 smartorder-watchdog.service OK
[2025-10-25 14:27:14.843819] === SAFELOGIC GUARDIAN DIAG INIT ===
[2025-10-25 14:27:14.857264] 🟢 smartorder-proxy.service OK
[2025-10-25 14:27:14.861213] 🟢 smartorder-websync-bridge.service OK
[2025-10-25 14:27:14.868745] 🟢 smartorder-portal-v5.service OK
[2025-10-25 14:27:14.872021] 🟢 smartorder-watchdog.service OK
[2025-10-25 14:27:29.066462] === SAFELOGIC GUARDIAN DIAG INIT ===
[2025-10-25 14:27:29.081762] 🟢 smartorder-proxy.service OK
[2025-10-25 14:27:29.087614] 🟢 smartorder-websync-bridge.service OK
[2025-10-25 14:27:29.094101] 🟢 smartorder-portal-v5.service OK
[2025-10-25 14:27:29.098767] 🟢 smartorder-watchdog.service OK
[2025-10-25 14:27:45.155099] === SAFELOGIC GUARDIAN DIAG INIT ===
[2025-10-25 14:27:45.168513] 🟢 smartorder-proxy.service OK
[2025-10-25 14:27:45.172009] 🟢 smartorder-websync-bridge.service OK
[2025-10-25 14:27:45.177884] 🟢 smartorder-portal-v5.service OK
[2025-10-25 14:27:45.182634] 🟢 smartorder-watchdog.service OK
[2025-10-25 14:27:59.438861] === SAFELOGIC GUARDIAN DIAG INIT ===
[2025-10-25 14:27:59.460507] 🟢 smartorder-proxy.service OK
[2025-10-25 14:27:59.468430] 🟢 smartorder-websync-bridge.service OK
[2025-10-25 14:27:59.472053] 🟢 smartorder-portal-v5.service OK
[2025-10-25 14:27:59.474850] 🟢 smartorder-watchdog.service OK
[2025-10-25 14:28:15.520689] === SAFELOGIC GUARDIAN DIAG INIT ===
[2025-10-25 14:28:15.529127] 🟢 smartorder-proxy.service OK
[2025-10-25 14:28:15.532543] 🟢 smartorder-websync-bridge.service OK
[2025-10-25 14:28:15.537085] 🟢 smartorder-portal-v5.service OK
[2025-10-25 14:28:15.542763] 🟢 smartorder-watchdog.service OK
[2025-10-25 14:28:29.786444] === SAFELOGIC GUARDIAN DIAG INIT ===
[2025-10-25 14:28:29.797147] 🟢 smartorder-proxy.service OK
[2025-10-25 14:28:29.805510] 🟢 smartorder-websync-bridge.service OK
[2025-10-25 14:28:29.817359] 🟢 smartorder-portal-v5.service OK
[2025-10-25 14:28:29.827224] 🟢 smartorder-watchdog.service OK
[2025-10-25 14:28:45.782271] === SAFELOGIC GUARDIAN DIAG INIT ===
[2025-10-25 14:28:45.800037] 🟢 smartorder-proxy.service OK
[2025-10-25 14:28:45.804423] 🟢 smartorder-websync-bridge.service OK
[2025-10-25 14:28:45.816764] 🟢 smartorder-portal-v5.service OK
[2025-10-25 14:28:45.819508] 🟢 smartorder-watchdog.service OK
[2025-10-25 14:29:00.161724] === SAFELOGIC GUARDIAN DIAG INIT ===
[2025-10-25 14:29:00.165361] 🟢 smartorder-proxy.service OK
[2025-10-25 14:29:00.173976] 🟢 smartorder-websync-bridge.service OK
[2025-10-25 14:29:00.182847] 🟢 smartorder-portal-v5.service OK
[2025-10-25 14:29:00.188508] 🟢 smartorder-watchdog.service OK
[2025-10-25 14:29:16.128471] === SAFELOGIC GUARDIAN DIAG INIT ===
[2025-10-25 14:29:16.133459] 🟢 smartorder-proxy.service OK
[2025-10-25 14:29:16.139503] 🟢 smartorder-websync-bridge.service OK
[2025-10-25 14:29:16.142558] 🟢 smartorder-portal-v5.service OK
[2025-10-25 14:29:16.149045] 🟢 smartorder-watchdog.service OK
[2025-10-25 14:29:30.523142] === SAFELOGIC GUARDIAN DIAG INIT ===
[2025-10-25 14:29:30.541947] 🟢 smartorder-proxy.service OK
[2025-10-25 14:29:30.547860] 🟢 smartorder-websync-bridge.service OK
[2025-10-25 14:29:30.557590] 🟢 smartorder-portal-v5.service OK
[2025-10-25 14:29:30.584532] 🟢 smartorder-watchdog.service OK
[2025-10-25 14:29:46.492472] === SAFELOGIC GUARDIAN DIAG INIT ===
[2025-10-25 14:29:46.503515] 🟢 smartorder-proxy.service OK
[2025-10-25 14:29:46.507162] 🟢 smartorder-websync-bridge.service OK
[2025-10-25 14:29:46.509964] 🟢 smartorder-portal-v5.service OK
[2025-10-25 14:29:46.514487] 🟢 smartorder-watchdog.service OK
[2025-10-25 14:30:00.825599] === SAFELOGIC GUARDIAN DIAG INIT ===
[2025-10-25 14:30:00.833372] 🟢 smartorder-proxy.service OK
[2025-10-25 14:30:00.837136] 🟢 smartorder-websync-bridge.service OK
[2025-10-25 14:30:00.846610] 🟢 smartorder-portal-v5.service OK
[2025-10-25 14:30:00.853982] 🟢 smartorder-watchdog.service OK
[2025-10-25 14:30:16.796049] === SAFELOGIC GUARDIAN DIAG INIT ===
[2025-10-25 14:30:16.819018] 🟢 smartorder-proxy.service OK
[2025-10-25 14:30:16.824400] 🟢 smartorder-websync-bridge.service OK
[2025-10-25 14:30:16.828769] 🟢 smartorder-portal-v5.service OK
[2025-10-25 14:30:16.832231] 🟢 smartorder-watchdog.service OK
[2025-10-25 14:30:31.110210] === SAFELOGIC GUARDIAN DIAG INIT ===
[2025-10-25 14:30:31.122988] 🟢 smartorder-proxy.service OK
[2025-10-25 14:30:31.129199] 🟢 smartorder-websync-bridge.service OK
[2025-10-25 14:30:31.132923] 🟢 smartorder-portal-v5.service OK
[2025-10-25 14:30:31.140227] 🟢 smartorder-watchdog.service OK
[2025-10-25 14:30:47.109385] === SAFELOGIC GUARDIAN DIAG INIT ===
[2025-10-25 14:30:47.120952] 🟢 smartorder-proxy.service OK
[2025-10-25 14:30:47.127365] 🟢 smartorder-websync-bridge.service OK
[2025-10-25 14:30:47.130829] 🟢 smartorder-portal-v5.service OK
[2025-10-25 14:30:47.155389] 🟢 smartorder-watchdog.service OK
[2025-10-25 14:31:01.461006] === SAFELOGIC GUARDIAN DIAG INIT ===
[2025-10-25 14:31:01.479557] 🟢 smartorder-proxy.service OK
[2025-10-25 14:31:01.484905] 🟢 smartorder-websync-bridge.service OK
[2025-10-25 14:31:01.487956] 🟢 smartorder-portal-v5.service OK
[2025-10-25 14:31:01.496886] 🟢 smartorder-watchdog.service OK
[2025-10-25 14:31:17.454133] === SAFELOGIC GUARDIAN DIAG INIT ===
[2025-10-25 14:31:17.464011] 🟢 smartorder-proxy.service OK
[2025-10-25 14:31:17.483266] 🟢 smartorder-websync-bridge.service OK
[2025-10-25 14:31:17.487063] 🟢 smartorder-portal-v5.service OK
[2025-10-25 14:31:17.490480] 🟢 smartorder-watchdog.service OK
[2025-10-25 14:31:31.890411] === SAFELOGIC GUARDIAN DIAG INIT ===
[2025-10-25 14:31:31.896580] 🟢 smartorder-proxy.service OK
[2025-10-25 14:31:31.910331] 🟢 smartorder-websync-bridge.service OK
[2025-10-25 14:31:31.929076] 🟢 smartorder-portal-v5.service OK
[2025-10-25 14:31:31.936680] 🟢 smartorder-watchdog.service OK
[2025-10-25 14:31:47.792687] === SAFELOGIC GUARDIAN DIAG INIT ===
[2025-10-25 14:31:47.809121] 🟢 smartorder-proxy.service OK
[2025-10-25 14:31:47.812885] 🟢 smartorder-websync-bridge.service OK
[2025-10-25 14:31:47.816560] 🟢 smartorder-portal-v5.service OK
[2025-10-25 14:31:47.830602] 🟢 smartorder-watchdog.service OK
[2025-10-25 14:32:02.180932] === SAFELOGIC GUARDIAN DIAG INIT ===
[2025-10-25 14:32:02.192130] 🟢 smartorder-proxy.service OK
[2025-10-25 14:32:02.200232] 🟢 smartorder-websync-bridge.service OK
[2025-10-25 14:32:02.209326] 🟢 smartorder-portal-v5.service OK
[2025-10-25 14:32:02.216659] 🟢 smartorder-watchdog.service OK
[2025-10-25 14:32:18.053722] === SAFELOGIC GUARDIAN DIAG INIT ===
[2025-10-25 14:32:18.064371] 🟢 smartorder-proxy.service OK
[2025-10-25 14:32:18.068469] 🟢 smartorder-websync-bridge.service OK
[2025-10-25 14:32:18.071480] 🟢 smartorder-portal-v5.service OK
[2025-10-25 14:32:18.075403] 🟢 smartorder-watchdog.service OK
[2025-10-25 14:32:32.555898] === SAFELOGIC GUARDIAN DIAG INIT ===
[2025-10-25 14:32:32.566085] 🟢 smartorder-proxy.service OK
[2025-10-25 14:32:32.573201] 🟢 smartorder-websync-bridge.service OK
[2025-10-25 14:32:32.576790] 🟢 smartorder-portal-v5.service OK
[2025-10-25 14:32:32.582920] 🟢 smartorder-watchdog.service OK
[2025-10-25 14:32:48.340124] === SAFELOGIC GUARDIAN DIAG INIT ===
[2025-10-25 14:32:48.352459] 🟢 smartorder-proxy.service OK
[2025-10-25 14:32:48.355163] 🟢 smartorder-websync-bridge.service OK
[2025-10-25 14:32:48.358313] 🟢 smartorder-portal-v5.service OK
[2025-10-25 14:32:48.361625] 🟢 smartorder-watchdog.service OK
[2025-10-25 14:33:02.843702] === SAFELOGIC GUARDIAN DIAG INIT ===
[2025-10-25 14:33:02.849186] 🟢 smartorder-proxy.service OK
[2025-10-25 14:33:02.855384] 🟢 smartorder-websync-bridge.service OK
[2025-10-25 14:33:02.873556] 🟢 smartorder-portal-v5.service OK
[2025-10-25 14:33:02.880852] 🟢 smartorder-watchdog.service OK
[2025-10-25 14:33:18.628522] === SAFELOGIC GUARDIAN DIAG INIT ===
[2025-10-25 14:33:18.633304] 🟢 smartorder-proxy.service OK
[2025-10-25 14:33:18.640544] 🟢 smartorder-websync-bridge.service OK
[2025-10-25 14:33:18.652714] 🟢 smartorder-portal-v5.service OK
[2025-10-25 14:33:18.656373] 🟢 smartorder-watchdog.service OK
[2025-10-25 14:33:33.211647] === SAFELOGIC GUARDIAN DIAG INIT ===
[2025-10-25 14:33:33.221074] 🟢 smartorder-proxy.service OK
[2025-10-25 14:33:33.229222] 🟢 smartorder-websync-bridge.service OK
[2025-10-25 14:33:33.233708] 🟢 smartorder-portal-v5.service OK
[2025-10-25 14:33:33.241239] 🟢 smartorder-watchdog.service OK
[2025-10-25 14:33:48.954763] === SAFELOGIC GUARDIAN DIAG INIT ===
[2025-10-25 14:33:48.977065] 🟢 smartorder-proxy.service OK
[2025-10-25 14:33:48.981808] 🟢 smartorder-websync-bridge.service OK
[2025-10-25 14:33:48.988308] 🟢 smartorder-portal-v5.service OK
[2025-10-25 14:33:48.994128] 🟢 smartorder-watchdog.service OK
[2025-10-25 14:34:03.547700] === SAFELOGIC GUARDIAN DIAG INIT ===
[2025-10-25 14:34:03.559167] 🟢 smartorder-proxy.service OK
[2025-10-25 14:34:03.563809] 🟢 smartorder-websync-bridge.service OK
[2025-10-25 14:34:03.571631] 🟢 smartorder-portal-v5.service OK
[2025-10-25 14:34:03.580775] 🟢 smartorder-watchdog.service OK
[2025-10-25 14:34:19.221650] === SAFELOGIC GUARDIAN DIAG INIT ===
[2025-10-25 14:34:19.248573] 🟢 smartorder-proxy.service OK
[2025-10-25 14:34:19.255048] 🟢 smartorder-websync-bridge.service OK
[2025-10-25 14:34:19.258463] 🟢 smartorder-portal-v5.service OK
[2025-10-25 14:34:19.261096] 🟢 smartorder-watchdog.service OK
[2025-10-25 14:34:33.879297] === SAFELOGIC GUARDIAN DIAG INIT ===
[2025-10-25 14:34:33.889171] 🟢 smartorder-proxy.service OK
[2025-10-25 14:34:33.892230] 🟢 smartorder-websync-bridge.service OK
[2025-10-25 14:34:33.894939] 🟢 smartorder-portal-v5.service OK
[2025-10-25 14:34:33.901942] 🟢 smartorder-watchdog.service OK
[2025-10-25 14:34:49.558486] === SAFELOGIC GUARDIAN DIAG INIT ===
[2025-10-25 14:34:49.563941] 🟢 smartorder-proxy.service OK
[2025-10-25 14:34:49.569196] 🟢 smartorder-websync-bridge.service OK
[2025-10-25 14:34:49.576581] 🟢 smartorder-portal-v5.service OK
[2025-10-25 14:34:49.579334] 🟢 smartorder-watchdog.service OK
[2025-10-25 14:35:04.222096] === SAFELOGIC GUARDIAN DIAG INIT ===
[2025-10-25 14:35:04.233039] 🟢 smartorder-proxy.service OK
[2025-10-25 14:35:04.236891] 🟢 smartorder-websync-bridge.service OK
[2025-10-25 14:35:04.245182] 🟢 smartorder-portal-v5.service OK
[2025-10-25 14:35:04.248496] 🟢 smartorder-watchdog.service OK
[2025-10-25 14:35:19.886614] === SAFELOGIC GUARDIAN DIAG INIT ===
[2025-10-25 14:35:19.904402] 🟢 smartorder-proxy.service OK
[2025-10-25 14:35:19.910648] 🟢 smartorder-websync-bridge.service OK
[2025-10-25 14:35:19.918749] 🟢 smartorder-portal-v5.service OK
[2025-10-25 14:35:19.928970] 🟢 smartorder-watchdog.service OK
[2025-10-25 14:35:34.592290] === SAFELOGIC GUARDIAN DIAG INIT ===
[2025-10-25 14:35:34.607092] 🟢 smartorder-proxy.service OK
[2025-10-25 14:35:34.617481] 🟢 smartorder-websync-bridge.service OK
[2025-10-25 14:35:34.628280] 🟢 smartorder-portal-v5.service OK
[2025-10-25 14:35:34.633275] 🟢 smartorder-watchdog.service OK
[2025-10-25 14:35:50.139316] === SAFELOGIC GUARDIAN DIAG INIT ===
[2025-10-25 14:35:50.161275] 🟢 smartorder-proxy.service OK
[2025-10-25 14:35:50.168363] 🟢 smartorder-websync-bridge.service OK
[2025-10-25 14:35:50.172039] 🟢 smartorder-portal-v5.service OK
[2025-10-25 14:35:50.176704] 🟢 smartorder-watchdog.service OK
[2025-10-25 14:36:04.879742] === SAFELOGIC GUARDIAN DIAG INIT ===
[2025-10-25 14:36:04.903320] 🟢 smartorder-proxy.service OK
[2025-10-25 14:36:04.916700] 🟢 smartorder-websync-bridge.service OK
[2025-10-25 14:36:04.923492] 🟢 smartorder-portal-v5.service OK
[2025-10-25 14:36:04.928463] 🟢 smartorder-watchdog.service OK
[2025-10-25 14:36:20.475057] === SAFELOGIC GUARDIAN DIAG INIT ===
[2025-10-25 14:36:20.496958] 🟢 smartorder-proxy.service OK
[2025-10-25 14:36:20.508424] 🟢 smartorder-websync-bridge.service OK
[2025-10-25 14:36:20.515972] 🟢 smartorder-portal-v5.service OK
[2025-10-25 14:36:20.524418] 🟢 smartorder-watchdog.service OK
[2025-10-25 14:36:35.194217] === SAFELOGIC GUARDIAN DIAG INIT ===
[2025-10-25 14:36:35.201007] 🟢 smartorder-proxy.service OK
[2025-10-25 14:36:35.205631] 🟢 smartorder-websync-bridge.service OK
[2025-10-25 14:36:35.210641] 🟢 smartorder-portal-v5.service OK
[2025-10-25 14:36:35.214539] 🟢 smartorder-watchdog.service OK
[2025-10-25 14:36:50.757885] === SAFELOGIC GUARDIAN DIAG INIT ===
[2025-10-25 14:36:50.768517] 🟢 smartorder-proxy.service OK
[2025-10-25 14:36:50.776888] 🟢 smartorder-websync-bridge.service OK
[2025-10-25 14:36:50.783407] 🟢 smartorder-portal-v5.service OK
[2025-10-25 14:36:50.800850] 🟢 smartorder-watchdog.service OK
[2025-10-25 14:37:05.500097] === SAFELOGIC GUARDIAN DIAG INIT ===
[2025-10-25 14:37:05.504937] 🟢 smartorder-proxy.service OK
[2025-10-25 14:37:05.507429] 🟢 smartorder-websync-bridge.service OK
[2025-10-25 14:37:05.513664] 🟢 smartorder-portal-v5.service OK
[2025-10-25 14:37:05.517611] 🟢 smartorder-watchdog.service OK
[2025-10-25 14:37:21.057414] === SAFELOGIC GUARDIAN DIAG INIT ===
[2025-10-25 14:37:21.064079] 🟢 smartorder-proxy.service OK
[2025-10-25 14:37:21.068469] 🟢 smartorder-websync-bridge.service OK
[2025-10-25 14:37:21.074287] 🟢 smartorder-portal-v5.service OK
[2025-10-25 14:37:21.077220] 🟢 smartorder-watchdog.service OK
[2025-10-25 14:37:35.836621] === SAFELOGIC GUARDIAN DIAG INIT ===
[2025-10-25 14:37:35.851224] 🟢 smartorder-proxy.service OK
[2025-10-25 14:37:35.864467] 🟢 smartorder-websync-bridge.service OK
[2025-10-25 14:37:35.867973] 🟢 smartorder-portal-v5.service OK
[2025-10-25 14:37:35.873230] 🟢 smartorder-watchdog.service OK
[2025-10-25 14:37:51.364795] === SAFELOGIC GUARDIAN DIAG INIT ===
[2025-10-25 14:37:51.387256] 🟢 smartorder-proxy.service OK
[2025-10-25 14:37:51.392435] 🟢 smartorder-websync-bridge.service OK
[2025-10-25 14:37:51.395444] 🟢 smartorder-portal-v5.service OK
[2025-10-25 14:37:51.398883] 🟢 smartorder-watchdog.service OK
[2025-10-25 14:38:06.166227] === SAFELOGIC GUARDIAN DIAG INIT ===
[2025-10-25 14:38:06.176906] 🟢 smartorder-proxy.service OK
[2025-10-25 14:38:06.186641] 🟢 smartorder-websync-bridge.service OK
[2025-10-25 14:38:06.198447] 🟢 smartorder-portal-v5.service OK
[2025-10-25 14:38:06.208865] 🟢 smartorder-watchdog.service OK
[2025-10-25 14:38:21.758325] === SAFELOGIC GUARDIAN DIAG INIT ===
[2025-10-25 14:38:21.778037] 🟢 smartorder-proxy.service OK
[2025-10-25 14:38:21.788789] 🟢 smartorder-websync-bridge.service OK
[2025-10-25 14:38:21.797002] 🟢 smartorder-portal-v5.service OK
[2025-10-25 14:38:21.803038] 🟢 smartorder-watchdog.service OK
[2025-10-25 14:38:36.523592] === SAFELOGIC GUARDIAN DIAG INIT ===
[2025-10-25 14:38:36.536428] 🟢 smartorder-proxy.service OK
[2025-10-25 14:38:36.549743] 🟢 smartorder-websync-bridge.service OK
[2025-10-25 14:38:36.554946] 🟢 smartorder-portal-v5.service OK
[2025-10-25 14:38:36.566029] 🟢 smartorder-watchdog.service OK
[2025-10-25 14:38:52.063036] === SAFELOGIC GUARDIAN DIAG INIT ===
[2025-10-25 14:38:52.080472] 🟢 smartorder-proxy.service OK
[2025-10-25 14:38:52.084410] 🟢 smartorder-websync-bridge.service OK
[2025-10-25 14:38:52.092417] 🟢 smartorder-portal-v5.service OK
[2025-10-25 14:38:52.096392] 🟢 smartorder-watchdog.service OK
[2025-10-25 14:39:06.842930] === SAFELOGIC GUARDIAN DIAG INIT ===
[2025-10-25 14:39:06.864490] 🟢 smartorder-proxy.service OK
[2025-10-25 14:39:06.868403] 🟢 smartorder-websync-bridge.service OK
[2025-10-25 14:39:06.872384] 🟢 smartorder-portal-v5.service OK
[2025-10-25 14:39:06.877687] 🟢 smartorder-watchdog.service OK
[2025-10-25 14:39:22.410728] === SAFELOGIC GUARDIAN DIAG INIT ===
[2025-10-25 14:39:22.424547] 🟢 smartorder-proxy.service OK
[2025-10-25 14:39:22.431448] 🟢 smartorder-websync-bridge.service OK
[2025-10-25 14:39:22.435005] 🟢 smartorder-portal-v5.service OK
[2025-10-25 14:39:22.443225] 🟢 smartorder-watchdog.service OK
[2025-10-25 14:39:37.169016] === SAFELOGIC GUARDIAN DIAG INIT ===
[2025-10-25 14:39:37.176643] 🟢 smartorder-proxy.service OK
[2025-10-25 14:39:37.181166] 🟢 smartorder-websync-bridge.service OK
[2025-10-25 14:39:37.188183] 🟢 smartorder-portal-v5.service OK
[2025-10-25 14:39:37.209129] 🟢 smartorder-watchdog.service OK
[2025-10-25 14:39:52.648969] === SAFELOGIC GUARDIAN DIAG INIT ===
[2025-10-25 14:39:52.672546] 🟢 smartorder-proxy.service OK
[2025-10-25 14:39:52.676395] 🟢 smartorder-websync-bridge.service OK
[2025-10-25 14:39:52.679427] 🟢 smartorder-portal-v5.service OK
[2025-10-25 14:39:52.682089] 🟢 smartorder-watchdog.service OK
[2025-10-25 14:40:07.519195] === SAFELOGIC GUARDIAN DIAG INIT ===
[2025-10-25 14:40:07.528882] 🟢 smartorder-proxy.service OK
[2025-10-25 14:40:07.537629] 🟢 smartorder-websync-bridge.service OK
[2025-10-25 14:40:07.544955] 🟢 smartorder-portal-v5.service OK
[2025-10-25 14:40:07.551273] 🟢 smartorder-watchdog.service OK
[2025-10-25 14:40:22.992194] === SAFELOGIC GUARDIAN DIAG INIT ===
[2025-10-25 14:40:23.004955] 🟢 smartorder-proxy.service OK
[2025-10-25 14:40:23.012878] 🟢 smartorder-websync-bridge.service OK
[2025-10-25 14:40:23.018873] 🟢 smartorder-portal-v5.service OK
[2025-10-25 14:40:23.023677] 🟢 smartorder-watchdog.service OK
[2025-10-25 14:40:37.833483] === SAFELOGIC GUARDIAN DIAG INIT ===
[2025-10-25 14:40:37.851121] 🟢 smartorder-proxy.service OK
[2025-10-25 14:40:37.856380] 🟢 smartorder-websync-bridge.service OK
[2025-10-25 14:40:37.859381] 🟢 smartorder-portal-v5.service OK
[2025-10-25 14:40:37.869032] 🟢 smartorder-watchdog.service OK
[2025-10-25 14:40:53.273707] === SAFELOGIC GUARDIAN DIAG INIT ===
[2025-10-25 14:40:53.288384] 🟢 smartorder-proxy.service OK
[2025-10-25 14:40:53.293655] 🟢 smartorder-websync-bridge.service OK
[2025-10-25 14:40:53.301652] 🟢 smartorder-portal-v5.service OK
[2025-10-25 14:40:53.306430] 🟢 smartorder-watchdog.service OK
[2025-10-25 14:41:08.121908] === SAFELOGIC GUARDIAN DIAG INIT ===
[2025-10-25 14:41:08.125648] 🟢 smartorder-proxy.service OK
[2025-10-25 14:41:08.136647] 🟢 smartorder-websync-bridge.service OK
[2025-10-25 14:41:08.147209] 🟢 smartorder-portal-v5.service OK
[2025-10-25 14:41:08.152379] 🟢 smartorder-watchdog.service OK
[2025-10-25 14:41:23.555119] === SAFELOGIC GUARDIAN DIAG INIT ===
[2025-10-25 14:41:23.583272] 🟢 smartorder-proxy.service OK
[2025-10-25 14:41:23.585831] 🟢 smartorder-websync-bridge.service OK
[2025-10-25 14:41:23.592380] 🟢 smartorder-portal-v5.service OK
[2025-10-25 14:41:23.596373] 🟢 smartorder-watchdog.service OK
[2025-10-25 14:41:38.389520] === SAFELOGIC GUARDIAN DIAG INIT ===
[2025-10-25 14:41:38.394389] 🟢 smartorder-proxy.service OK
[2025-10-25 14:41:38.397513] 🟢 smartorder-websync-bridge.service OK
[2025-10-25 14:41:38.416289] 🟢 smartorder-portal-v5.service OK
[2025-10-25 14:41:38.423509] 🟢 smartorder-watchdog.service OK
[2025-10-25 14:41:53.897922] === SAFELOGIC GUARDIAN DIAG INIT ===
[2025-10-25 14:41:53.905111] 🟢 smartorder-proxy.service OK
[2025-10-25 14:41:53.907810] 🟢 smartorder-websync-bridge.service OK
[2025-10-25 14:41:53.918942] 🟢 smartorder-portal-v5.service OK
[2025-10-25 14:41:53.921879] 🟢 smartorder-watchdog.service OK
[2025-10-25 14:42:08.679363] === SAFELOGIC GUARDIAN DIAG INIT ===
[2025-10-25 14:42:08.690032] 🟢 smartorder-proxy.service OK
[2025-10-25 14:42:08.700888] 🟢 smartorder-websync-bridge.service OK
[2025-10-25 14:42:08.708800] 🟢 smartorder-portal-v5.service OK
[2025-10-25 14:42:08.715706] 🟢 smartorder-watchdog.service OK
[2025-10-25 14:42:24.231369] === SAFELOGIC GUARDIAN DIAG INIT ===
[2025-10-25 14:42:24.240803] 🟢 smartorder-proxy.service OK
[2025-10-25 14:42:24.243598] 🟢 smartorder-websync-bridge.service OK
[2025-10-25 14:42:24.248994] 🟢 smartorder-portal-v5.service OK
[2025-10-25 14:42:24.251498] 🟢 smartorder-watchdog.service OK
[2025-10-25 14:42:38.998577] === SAFELOGIC GUARDIAN DIAG INIT ===
[2025-10-25 14:42:39.014305] 🟢 smartorder-proxy.service OK
[2025-10-25 14:42:39.019246] 🟢 smartorder-websync-bridge.service OK
[2025-10-25 14:42:39.033065] 🟢 smartorder-portal-v5.service OK
[2025-10-25 14:42:39.037654] 🟢 smartorder-watchdog.service OK
[2025-10-25 14:42:54.580183] === SAFELOGIC GUARDIAN DIAG INIT ===
[2025-10-25 14:42:54.606971] 🟢 smartorder-proxy.service OK
[2025-10-25 14:42:54.625124] 🟢 smartorder-websync-bridge.service OK
[2025-10-25 14:42:54.629698] 🟢 smartorder-portal-v5.service OK
[2025-10-25 14:42:54.639062] 🟢 smartorder-watchdog.service OK
[2025-10-25 14:43:09.306266] === SAFELOGIC GUARDIAN DIAG INIT ===
[2025-10-25 14:43:09.313045] 🟢 smartorder-proxy.service OK
[2025-10-25 14:43:09.320934] 🟢 smartorder-websync-bridge.service OK
[2025-10-25 14:43:09.323876] 🟢 smartorder-portal-v5.service OK
[2025-10-25 14:43:09.334263] 🟢 smartorder-watchdog.service OK
[2025-10-25 14:43:24.859324] === SAFELOGIC GUARDIAN DIAG INIT ===
[2025-10-25 14:43:24.873928] 🟢 smartorder-proxy.service OK
[2025-10-25 14:43:24.879335] 🟢 smartorder-websync-bridge.service OK
[2025-10-25 14:43:24.885352] 🟢 smartorder-portal-v5.service OK
[2025-10-25 14:43:24.889959] 🟢 smartorder-watchdog.service OK
[2025-10-25 14:43:39.567453] === SAFELOGIC GUARDIAN DIAG INIT ===
[2025-10-25 14:43:39.578065] 🟢 smartorder-proxy.service OK
[2025-10-25 14:43:39.590145] 🟢 smartorder-websync-bridge.service OK
[2025-10-25 14:43:39.593848] 🟢 smartorder-portal-v5.service OK
[2025-10-25 14:43:39.614104] 🟢 smartorder-watchdog.service OK
[2025-10-25 14:43:55.153763] === SAFELOGIC GUARDIAN DIAG INIT ===
[2025-10-25 14:43:55.164397] 🟢 smartorder-proxy.service OK
[2025-10-25 14:43:55.168917] 🟢 smartorder-websync-bridge.service OK
[2025-10-25 14:43:55.174118] 🟢 smartorder-portal-v5.service OK
[2025-10-25 14:43:55.178730] 🟢 smartorder-watchdog.service OK
[2025-10-25 14:44:09.914077] === SAFELOGIC GUARDIAN DIAG INIT ===
[2025-10-25 14:44:09.919772] 🟢 smartorder-proxy.service OK
[2025-10-25 14:44:09.925868] 🟢 smartorder-websync-bridge.service OK
[2025-10-25 14:44:09.935957] 🟢 smartorder-portal-v5.service OK
[2025-10-25 14:44:09.942544] 🟢 smartorder-watchdog.service OK
[2025-10-25 14:44:25.501444] === SAFELOGIC GUARDIAN DIAG INIT ===
[2025-10-25 14:44:25.508356] 🟢 smartorder-proxy.service OK
[2025-10-25 14:44:25.515359] 🟢 smartorder-websync-bridge.service OK
[2025-10-25 14:44:25.524512] 🟢 smartorder-portal-v5.service OK
[2025-10-25 14:44:25.528591] 🟢 smartorder-watchdog.service OK
[2025-10-25 14:44:40.202984] === SAFELOGIC GUARDIAN DIAG INIT ===
[2025-10-25 14:44:40.212281] 🟢 smartorder-proxy.service OK
[2025-10-25 14:44:40.222936] 🟢 smartorder-websync-bridge.service OK
[2025-10-25 14:44:40.231201] 🟢 smartorder-portal-v5.service OK
[2025-10-25 14:44:40.234360] 🟢 smartorder-watchdog.service OK
[2025-10-25 14:44:55.771803] === SAFELOGIC GUARDIAN DIAG INIT ===
[2025-10-25 14:44:55.784892] 🟢 smartorder-proxy.service OK
[2025-10-25 14:44:55.791675] 🟢 smartorder-websync-bridge.service OK
[2025-10-25 14:44:55.795494] 🟢 smartorder-portal-v5.service OK
[2025-10-25 14:44:55.799296] 🟢 smartorder-watchdog.service OK
[2025-10-25 14:45:10.562939] === SAFELOGIC GUARDIAN DIAG INIT ===
[2025-10-25 14:45:10.573851] 🟢 smartorder-proxy.service OK
[2025-10-25 14:45:10.582249] 🟢 smartorder-websync-bridge.service OK
[2025-10-25 14:45:10.589670] 🟢 smartorder-portal-v5.service OK
[2025-10-25 14:45:10.598805] 🟢 smartorder-watchdog.service OK
[2025-10-25 14:45:26.046386] === SAFELOGIC GUARDIAN DIAG INIT ===
[2025-10-25 14:45:26.059154] 🟢 smartorder-proxy.service OK
[2025-10-25 14:45:26.062363] 🟢 smartorder-websync-bridge.service OK
[2025-10-25 14:45:26.070566] 🟢 smartorder-portal-v5.service OK
[2025-10-25 14:45:26.081170] 🟢 smartorder-watchdog.service OK
[2025-10-25 14:45:40.888024] === SAFELOGIC GUARDIAN DIAG INIT ===
[2025-10-25 14:45:40.909061] 🟢 smartorder-proxy.service OK
[2025-10-25 14:45:40.916921] 🟢 smartorder-websync-bridge.service OK
[2025-10-25 14:45:40.924203] 🟢 smartorder-portal-v5.service OK
[2025-10-25 14:45:40.932483] 🟢 smartorder-watchdog.service OK
[2025-10-25 14:45:56.371750] === SAFELOGIC GUARDIAN DIAG INIT ===
[2025-10-25 14:45:56.384434] 🟢 smartorder-proxy.service OK
[2025-10-25 14:45:56.396986] 🟢 smartorder-websync-bridge.service OK
[2025-10-25 14:45:56.404931] 🟢 smartorder-portal-v5.service OK
[2025-10-25 14:45:56.412738] 🟢 smartorder-watchdog.service OK
[2025-10-25 14:46:11.259971] === SAFELOGIC GUARDIAN DIAG INIT ===
[2025-10-25 14:46:11.269809] 🟢 smartorder-proxy.service OK
[2025-10-25 14:46:11.272651] 🟢 smartorder-websync-bridge.service OK
[2025-10-25 14:46:11.285833] 🟢 smartorder-portal-v5.service OK
[2025-10-25 14:46:11.290621] 🟢 smartorder-watchdog.service OK
[2025-10-25 14:46:26.598039] === SAFELOGIC GUARDIAN DIAG INIT ===
[2025-10-25 14:46:26.601607] 🟢 smartorder-proxy.service OK
[2025-10-25 14:46:26.603951] 🟢 smartorder-websync-bridge.service OK
[2025-10-25 14:46:26.606301] 🟢 smartorder-portal-v5.service OK
[2025-10-25 14:46:26.608581] 🟢 smartorder-watchdog.service OK
[2025-10-25 14:46:41.563055] === SAFELOGIC GUARDIAN DIAG INIT ===
[2025-10-25 14:46:41.572382] 🟢 smartorder-proxy.service OK
[2025-10-25 14:46:41.575332] 🟢 smartorder-websync-bridge.service OK
[2025-10-25 14:46:41.582675] 🟢 smartorder-portal-v5.service OK
[2025-10-25 14:46:41.585931] 🟢 smartorder-watchdog.service OK
[2025-10-25 14:46:56.909495] === SAFELOGIC GUARDIAN DIAG INIT ===
[2025-10-25 14:46:56.925003] 🟢 smartorder-proxy.service OK
[2025-10-25 14:46:56.932385] 🟢 smartorder-websync-bridge.service OK
[2025-10-25 14:46:56.935140] 🟢 smartorder-portal-v5.service OK
[2025-10-25 14:46:56.937937] 🟢 smartorder-watchdog.service OK
[2025-10-25 14:47:11.856957] === SAFELOGIC GUARDIAN DIAG INIT ===
[2025-10-25 14:47:11.864269] 🟢 smartorder-proxy.service OK
[2025-10-25 14:47:11.871064] 🟢 smartorder-websync-bridge.service OK
[2025-10-25 14:47:11.878037] 🟢 smartorder-portal-v5.service OK
[2025-10-25 14:47:11.880976] 🟢 smartorder-watchdog.service OK
[2025-10-25 14:47:27.209507] === SAFELOGIC GUARDIAN DIAG INIT ===
[2025-10-25 14:47:27.217325] 🟢 smartorder-proxy.service OK
[2025-10-25 14:47:27.227622] 🟢 smartorder-websync-bridge.service OK
[2025-10-25 14:47:27.231176] 🟢 smartorder-portal-v5.service OK
[2025-10-25 14:47:27.235213] 🟢 smartorder-watchdog.service OK
[2025-10-25 14:47:42.169986] === SAFELOGIC GUARDIAN DIAG INIT ===
[2025-10-25 14:47:42.188375] 🟢 smartorder-proxy.service OK
[2025-10-25 14:47:42.194649] 🟢 smartorder-websync-bridge.service OK
[2025-10-25 14:47:42.197420] 🟢 smartorder-portal-v5.service OK
[2025-10-25 14:47:42.200340] 🟢 smartorder-watchdog.service OK
[2025-10-25 14:47:57.534807] === SAFELOGIC GUARDIAN DIAG INIT ===
[2025-10-25 14:47:57.560597] 🟢 smartorder-proxy.service OK
[2025-10-25 14:47:57.567707] 🟢 smartorder-websync-bridge.service OK
[2025-10-25 14:47:57.580452] 🟢 smartorder-portal-v5.service OK
[2025-10-25 14:47:57.598838] 🟢 smartorder-watchdog.service OK
[2025-10-25 14:48:12.517914] === SAFELOGIC GUARDIAN DIAG INIT ===
[2025-10-25 14:48:12.533273] 🟢 smartorder-proxy.service OK
[2025-10-25 14:48:12.549048] 🟢 smartorder-websync-bridge.service OK
[2025-10-25 14:48:12.555452] 🟢 smartorder-portal-v5.service OK
[2025-10-25 14:48:12.558354] 🟢 smartorder-watchdog.service OK
[2025-10-25 14:48:27.897262] === SAFELOGIC GUARDIAN DIAG INIT ===
[2025-10-25 14:48:27.916871] 🟢 smartorder-proxy.service OK
[2025-10-25 14:48:27.920645] 🟢 smartorder-websync-bridge.service OK
[2025-10-25 14:48:27.929321] 🟢 smartorder-portal-v5.service OK
[2025-10-25 14:48:27.937953] 🟢 smartorder-watchdog.service OK
[2025-10-25 14:48:42.863739] === SAFELOGIC GUARDIAN DIAG INIT ===
[2025-10-25 14:48:42.885027] 🟢 smartorder-proxy.service OK
[2025-10-25 14:48:42.895034] 🟢 smartorder-websync-bridge.service OK
[2025-10-25 14:48:42.906678] 🟢 smartorder-portal-v5.service OK
[2025-10-25 14:48:42.915635] 🟢 smartorder-watchdog.service OK
[2025-10-25 14:48:58.237694] === SAFELOGIC GUARDIAN DIAG INIT ===
[2025-10-25 14:48:58.247799] 🟢 smartorder-proxy.service OK
[2025-10-25 14:48:58.256692] 🟢 smartorder-websync-bridge.service OK
[2025-10-25 14:48:58.260387] 🟢 smartorder-portal-v5.service OK
[2025-10-25 14:48:58.263009] 🟢 smartorder-watchdog.service OK
[2025-10-25 14:49:13.162754] === SAFELOGIC GUARDIAN DIAG INIT ===
[2025-10-25 14:49:13.171170] 🟢 smartorder-proxy.service OK
[2025-10-25 14:49:13.176374] 🟢 smartorder-websync-bridge.service OK
[2025-10-25 14:49:13.179505] 🟢 smartorder-portal-v5.service OK
[2025-10-25 14:49:13.184344] 🟢 smartorder-watchdog.service OK
[2025-10-25 14:49:28.510979] === SAFELOGIC GUARDIAN DIAG INIT ===
[2025-10-25 14:49:28.522606] 🟢 smartorder-proxy.service OK
[2025-10-25 14:49:28.532767] 🟢 smartorder-websync-bridge.service OK
[2025-10-25 14:49:28.538467] 🟢 smartorder-portal-v5.service OK
[2025-10-25 14:49:28.546197] 🟢 smartorder-watchdog.service OK
[2025-10-25 14:49:43.523015] === SAFELOGIC GUARDIAN DIAG INIT ===
[2025-10-25 14:49:43.531328] 🟢 smartorder-proxy.service OK
[2025-10-25 14:49:43.537017] 🟢 smartorder-websync-bridge.service OK
[2025-10-25 14:49:43.543476] 🟢 smartorder-portal-v5.service OK
[2025-10-25 14:49:43.548768] 🟢 smartorder-watchdog.service OK
[2025-10-25 14:49:58.785729] === SAFELOGIC GUARDIAN DIAG INIT ===
[2025-10-25 14:49:58.794737] 🟢 smartorder-proxy.service OK
[2025-10-25 14:49:58.799744] 🟢 smartorder-websync-bridge.service OK
[2025-10-25 14:49:58.804980] 🟢 smartorder-portal-v5.service OK
[2025-10-25 14:49:58.809200] 🟢 smartorder-watchdog.service OK
[2025-10-25 14:50:13.866688] === SAFELOGIC GUARDIAN DIAG INIT ===
[2025-10-25 14:50:13.871756] 🟢 smartorder-proxy.service OK
[2025-10-25 14:50:13.883712] 🟢 smartorder-websync-bridge.service OK
[2025-10-25 14:50:13.889874] 🟢 smartorder-portal-v5.service OK
[2025-10-25 14:50:13.892621] 🟢 smartorder-watchdog.service OK
[2025-10-25 14:50:29.138516] === SAFELOGIC GUARDIAN DIAG INIT ===
[2025-10-25 14:50:29.145758] 🟢 smartorder-proxy.service OK
[2025-10-25 14:50:29.149224] 🟢 smartorder-websync-bridge.service OK
[2025-10-25 14:50:29.160510] 🟢 smartorder-portal-v5.service OK
[2025-10-25 14:50:29.168467] 🟢 smartorder-watchdog.service OK
[2025-10-25 14:50:44.213311] === SAFELOGIC GUARDIAN DIAG INIT ===
[2025-10-25 14:50:44.218944] 🟢 smartorder-proxy.service OK
[2025-10-25 14:50:44.230709] 🟢 smartorder-websync-bridge.service OK
[2025-10-25 14:50:44.234707] 🟢 smartorder-portal-v5.service OK
[2025-10-25 14:50:44.238456] 🟢 smartorder-watchdog.service OK
[2025-10-25 14:50:59.429269] === SAFELOGIC GUARDIAN DIAG INIT ===
[2025-10-25 14:50:59.436416] 🟢 smartorder-proxy.service OK
[2025-10-25 14:50:59.440532] 🟢 smartorder-websync-bridge.service OK
[2025-10-25 14:50:59.454603] 🟢 smartorder-portal-v5.service OK
[2025-10-25 14:50:59.459688] 🟢 smartorder-watchdog.service OK
[2025-10-25 14:51:14.576232] === SAFELOGIC GUARDIAN DIAG INIT ===
[2025-10-25 14:51:14.587114] 🟢 smartorder-proxy.service OK
[2025-10-25 14:51:14.606153] 🟢 smartorder-websync-bridge.service OK
[2025-10-25 14:51:14.621585] 🟢 smartorder-portal-v5.service OK
[2025-10-25 14:51:14.634408] 🟢 smartorder-watchdog.service OK
[2025-10-25 14:51:29.731142] === SAFELOGIC GUARDIAN DIAG INIT ===
[2025-10-25 14:51:29.739934] 🟢 smartorder-proxy.service OK
[2025-10-25 14:51:29.749016] 🟢 smartorder-websync-bridge.service OK
[2025-10-25 14:51:29.754129] 🟢 smartorder-portal-v5.service OK
[2025-10-25 14:51:29.757209] 🟢 smartorder-watchdog.service OK
[2025-10-25 14:51:44.971351] === SAFELOGIC GUARDIAN DIAG INIT ===
[2025-10-25 14:51:44.981669] 🟢 smartorder-proxy.service OK
[2025-10-25 14:51:44.994720] 🟢 smartorder-websync-bridge.service OK
[2025-10-25 14:51:45.005720] 🟢 smartorder-portal-v5.service OK
[2025-10-25 14:51:45.029684] 🟢 smartorder-watchdog.service OK
[2025-10-25 14:52:00.005668] === SAFELOGIC GUARDIAN DIAG INIT ===
[2025-10-25 14:52:00.016200] 🟢 smartorder-proxy.service OK
[2025-10-25 14:52:00.021225] 🟢 smartorder-websync-bridge.service OK
[2025-10-25 14:52:00.026313] 🟢 smartorder-portal-v5.service OK
[2025-10-25 14:52:00.039639] 🟢 smartorder-watchdog.service OK
[2025-10-25 14:52:15.298167] === SAFELOGIC GUARDIAN DIAG INIT ===
[2025-10-25 14:52:15.314938] 🟢 smartorder-proxy.service OK
[2025-10-25 14:52:15.318412] 🟢 smartorder-websync-bridge.service OK
[2025-10-25 14:52:15.326272] 🟢 smartorder-portal-v5.service OK
[2025-10-25 14:52:15.330625] 🟢 smartorder-watchdog.service OK
[2025-10-25 14:52:30.335311] === SAFELOGIC GUARDIAN DIAG INIT ===
[2025-10-25 14:52:30.343243] 🟢 smartorder-proxy.service OK
[2025-10-25 14:52:30.346246] 🟢 smartorder-websync-bridge.service OK
[2025-10-25 14:52:30.349069] 🟢 smartorder-portal-v5.service OK
[2025-10-25 14:52:30.359455] 🟢 smartorder-watchdog.service OK
[2025-10-25 14:52:45.591804] === SAFELOGIC GUARDIAN DIAG INIT ===
[2025-10-25 14:52:45.600994] 🟢 smartorder-proxy.service OK
[2025-10-25 14:52:45.609054] 🟢 smartorder-websync-bridge.service OK
[2025-10-25 14:52:45.625175] 🟢 smartorder-portal-v5.service OK
[2025-10-25 14:52:45.634096] 🟢 smartorder-watchdog.service OK
[2025-10-25 14:53:00.698189] === SAFELOGIC GUARDIAN DIAG INIT ===
[2025-10-25 14:53:00.712762] 🟢 smartorder-proxy.service OK
[2025-10-25 14:53:00.719645] 🟢 smartorder-websync-bridge.service OK
[2025-10-25 14:53:00.728241] 🟢 smartorder-portal-v5.service OK
[2025-10-25 14:53:00.732960] 🟢 smartorder-watchdog.service OK
[2025-10-25 14:53:15.909943] === SAFELOGIC GUARDIAN DIAG INIT ===
[2025-10-25 14:53:15.914635] 🟢 smartorder-proxy.service OK
[2025-10-25 14:53:15.921528] 🟢 smartorder-websync-bridge.service OK
[2025-10-25 14:53:15.925413] 🟢 smartorder-portal-v5.service OK
[2025-10-25 14:53:15.936243] 🟢 smartorder-watchdog.service OK
[2025-10-25 14:53:31.017048] === SAFELOGIC GUARDIAN DIAG INIT ===
[2025-10-25 14:53:31.028546] 🟢 smartorder-proxy.service OK
[2025-10-25 14:53:31.041052] 🟢 smartorder-websync-bridge.service OK
[2025-10-25 14:53:31.048428] 🟢 smartorder-portal-v5.service OK
[2025-10-25 14:53:31.051732] 🟢 smartorder-watchdog.service OK
[2025-10-25 14:53:46.195804] === SAFELOGIC GUARDIAN DIAG INIT ===
[2025-10-25 14:53:46.200397] 🟢 smartorder-proxy.service OK
[2025-10-25 14:53:46.203089] 🟢 smartorder-websync-bridge.service OK
[2025-10-25 14:53:46.212396] 🟢 smartorder-portal-v5.service OK
[2025-10-25 14:53:46.215247] 🟢 smartorder-watchdog.service OK
[2025-10-25 14:54:01.373756] === SAFELOGIC GUARDIAN DIAG INIT ===
[2025-10-25 14:54:01.377643] 🟢 smartorder-proxy.service OK
[2025-10-25 14:54:01.384141] 🟢 smartorder-websync-bridge.service OK
[2025-10-25 14:54:01.393376] 🟢 smartorder-portal-v5.service OK
[2025-10-25 14:54:01.398752] 🟢 smartorder-watchdog.service OK
[2025-10-25 14:54:16.542664] === SAFELOGIC GUARDIAN DIAG INIT ===
[2025-10-25 14:54:16.555574] 🟢 smartorder-proxy.service OK
[2025-10-25 14:54:16.562950] 🟢 smartorder-websync-bridge.service OK
[2025-10-25 14:54:16.576529] 🟢 smartorder-portal-v5.service OK
[2025-10-25 14:54:16.583405] 🟢 smartorder-watchdog.service OK
[2025-10-25 14:54:31.711731] === SAFELOGIC GUARDIAN DIAG INIT ===
[2025-10-25 14:54:31.721291] 🟢 smartorder-proxy.service OK
[2025-10-25 14:54:31.726948] 🟢 smartorder-websync-bridge.service OK
[2025-10-25 14:54:31.730676] 🟢 smartorder-portal-v5.service OK
[2025-10-25 14:54:31.737697] 🟢 smartorder-watchdog.service OK
[2025-10-25 14:54:46.839140] === SAFELOGIC GUARDIAN DIAG INIT ===
[2025-10-25 14:54:46.848546] 🟢 smartorder-proxy.service OK
[2025-10-25 14:54:46.859461] 🟢 smartorder-websync-bridge.service OK
[2025-10-25 14:54:46.868730] 🟢 smartorder-portal-v5.service OK
[2025-10-25 14:54:46.872591] 🟢 smartorder-watchdog.service OK
[2025-10-25 14:55:01.935842] === SAFELOGIC GUARDIAN DIAG INIT ===
[2025-10-25 14:55:01.944127] 🟢 smartorder-proxy.service OK
[2025-10-25 14:55:01.950199] 🟢 smartorder-websync-bridge.service OK
[2025-10-25 14:55:01.957119] 🟢 smartorder-portal-v5.service OK
[2025-10-25 14:55:01.961738] 🟢 smartorder-watchdog.service OK
[2025-10-25 14:55:17.156175] === SAFELOGIC GUARDIAN DIAG INIT ===
[2025-10-25 14:55:17.173216] 🟢 smartorder-proxy.service OK
[2025-10-25 14:55:17.184868] ⚠️ smartorder-websync-bridge.service inactif — redémarrage...
[2025-10-25 14:55:20.208441] ✅ smartorder-websync-bridge.service restauré avec succès.
[2025-10-25 14:55:20.211471] 🟢 smartorder-portal-v5.service OK
[2025-10-25 14:55:20.214521] 🟢 smartorder-watchdog.service OK
[2025-10-25 14:55:32.230018] === SAFELOGIC GUARDIAN DIAG INIT ===
[2025-10-25 14:55:32.244040] 🟢 smartorder-proxy.service OK
[2025-10-25 14:55:32.248856] 🟢 smartorder-websync-bridge.service OK
[2025-10-25 14:55:32.252885] 🟢 smartorder-portal-v5.service OK
[2025-10-25 14:55:32.260167] 🟢 smartorder-watchdog.service OK
[2025-10-25 14:55:47.491044] === SAFELOGIC GUARDIAN DIAG INIT ===
[2025-10-25 14:55:47.504535] 🟢 smartorder-proxy.service OK
[2025-10-25 14:55:47.508992] 🟢 smartorder-websync-bridge.service OK
[2025-10-25 14:55:47.519808] 🟢 smartorder-portal-v5.service OK
[2025-10-25 14:55:47.525784] 🟢 smartorder-watchdog.service OK
[2025-10-25 14:56:02.569758] === SAFELOGIC GUARDIAN DIAG INIT ===
[2025-10-25 14:56:02.583918] 🟢 smartorder-proxy.service OK
[2025-10-25 14:56:02.586899] 🟢 smartorder-websync-bridge.service OK
[2025-10-25 14:56:02.589714] 🟢 smartorder-portal-v5.service OK
[2025-10-25 14:56:02.592277] 🟢 smartorder-watchdog.service OK
[2025-10-25 14:56:17.800874] === SAFELOGIC GUARDIAN DIAG INIT ===
[2025-10-25 14:56:17.819190] 🟢 smartorder-proxy.service OK
[2025-10-25 14:56:17.822235] 🟢 smartorder-websync-bridge.service OK
[2025-10-25 14:56:17.828419] 🟢 smartorder-portal-v5.service OK
[2025-10-25 14:56:17.836414] 🟢 smartorder-watchdog.service OK
[2025-10-25 14:56:32.930862] === SAFELOGIC GUARDIAN DIAG INIT ===
[2025-10-25 14:56:32.943817] 🟢 smartorder-proxy.service OK
[2025-10-25 14:56:32.949191] 🟢 smartorder-websync-bridge.service OK
[2025-10-25 14:56:32.954431] 🟢 smartorder-portal-v5.service OK
[2025-10-25 14:56:32.958700] 🟢 smartorder-watchdog.service OK
[2025-10-25 14:56:48.089082] === SAFELOGIC GUARDIAN DIAG INIT ===
[2025-10-25 14:56:48.104507] 🟢 smartorder-proxy.service OK
[2025-10-25 14:56:48.110062] 🟢 smartorder-websync-bridge.service OK
[2025-10-25 14:56:48.120922] 🟢 smartorder-portal-v5.service OK
[2025-10-25 14:56:48.130495] 🟢 smartorder-watchdog.service OK
[2025-10-25 14:57:03.259051] === SAFELOGIC GUARDIAN DIAG INIT ===
[2025-10-25 14:57:03.270748] 🟢 smartorder-proxy.service OK
[2025-10-25 14:57:03.274051] 🟢 smartorder-websync-bridge.service OK
[2025-10-25 14:57:03.279497] 🟢 smartorder-portal-v5.service OK
[2025-10-25 14:57:03.284818] 🟢 smartorder-watchdog.service OK
[2025-10-25 14:57:18.412772] === SAFELOGIC GUARDIAN DIAG INIT ===
[2025-10-25 14:57:18.417286] 🟢 smartorder-proxy.service OK
[2025-10-25 14:57:18.424525] 🟢 smartorder-websync-bridge.service OK
[2025-10-25 14:57:18.433373] 🟢 smartorder-portal-v5.service OK
[2025-10-25 14:57:18.442865] 🟢 smartorder-watchdog.service OK
[2025-10-25 14:57:33.596580] === SAFELOGIC GUARDIAN DIAG INIT ===
[2025-10-25 14:57:33.608203] 🟢 smartorder-proxy.service OK
[2025-10-25 14:57:33.626868] 🟢 smartorder-websync-bridge.service OK
[2025-10-25 14:57:33.630051] 🟢 smartorder-portal-v5.service OK
[2025-10-25 14:57:33.645080] 🟢 smartorder-watchdog.service OK
[2025-10-25 14:57:48.740993] === SAFELOGIC GUARDIAN DIAG INIT ===
[2025-10-25 14:57:48.756925] 🟢 smartorder-proxy.service OK
[2025-10-25 14:57:48.763001] 🟢 smartorder-websync-bridge.service OK
[2025-10-25 14:57:48.774352] 🟢 smartorder-portal-v5.service OK
[2025-10-25 14:57:48.778405] 🟢 smartorder-watchdog.service OK
[2025-10-25 14:58:03.916715] === SAFELOGIC GUARDIAN DIAG INIT ===
[2025-10-25 14:58:03.929417] 🟢 smartorder-proxy.service OK
[2025-10-25 14:58:03.934837] 🟢 smartorder-websync-bridge.service OK
[2025-10-25 14:58:03.941315] 🟢 smartorder-portal-v5.service OK
[2025-10-25 14:58:03.946102] 🟢 smartorder-watchdog.service OK
[2025-10-25 14:58:19.101058] === SAFELOGIC GUARDIAN DIAG INIT ===
[2025-10-25 14:58:19.109745] 🟢 smartorder-proxy.service OK
[2025-10-25 14:58:19.116619] 🟢 smartorder-websync-bridge.service OK
[2025-10-25 14:58:19.119169] 🟢 smartorder-portal-v5.service OK
[2025-10-25 14:58:19.124708] 🟢 smartorder-watchdog.service OK
[2025-10-25 14:58:34.252504] === SAFELOGIC GUARDIAN DIAG INIT ===
[2025-10-25 14:58:34.264456] 🟢 smartorder-proxy.service OK
[2025-10-25 14:58:34.273317] 🟢 smartorder-websync-bridge.service OK
[2025-10-25 14:58:34.281443] 🟢 smartorder-portal-v5.service OK
[2025-10-25 14:58:34.297232] 🟢 smartorder-watchdog.service OK
[2025-10-25 14:58:49.418256] === SAFELOGIC GUARDIAN DIAG INIT ===
[2025-10-25 14:58:49.427203] 🟢 smartorder-proxy.service OK
[2025-10-25 14:58:49.436835] 🟢 smartorder-websync-bridge.service OK
[2025-10-25 14:58:49.440511] 🟢 smartorder-portal-v5.service OK
[2025-10-25 14:58:49.445512] 🟢 smartorder-watchdog.service OK
[2025-10-25 14:59:04.556595] === SAFELOGIC GUARDIAN DIAG INIT ===
[2025-10-25 14:59:04.564471] 🟢 smartorder-proxy.service OK
[2025-10-25 14:59:04.572372] 🟢 smartorder-websync-bridge.service OK
[2025-10-25 14:59:04.576938] 🟢 smartorder-portal-v5.service OK
[2025-10-25 14:59:04.580475] 🟢 smartorder-watchdog.service OK
[2025-10-25 14:59:19.707636] === SAFELOGIC GUARDIAN DIAG INIT ===
[2025-10-25 14:59:19.717474] 🟢 smartorder-proxy.service OK
[2025-10-25 14:59:19.722118] 🟢 smartorder-websync-bridge.service OK
[2025-10-25 14:59:19.726725] 🟢 smartorder-portal-v5.service OK
[2025-10-25 14:59:19.732632] 🟢 smartorder-watchdog.service OK
[2025-10-25 14:59:34.835024] === SAFELOGIC GUARDIAN DIAG INIT ===
[2025-10-25 14:59:34.859585] 🟢 smartorder-proxy.service OK
[2025-10-25 14:59:34.869476] 🟢 smartorder-websync-bridge.service OK
[2025-10-25 14:59:34.890800] 🟢 smartorder-portal-v5.service OK
[2025-10-25 14:59:34.897165] 🟢 smartorder-watchdog.service OK
[2025-10-25 14:59:50.025759] === SAFELOGIC GUARDIAN DIAG INIT ===
[2025-10-25 14:59:50.041299] 🟢 smartorder-proxy.service OK
[2025-10-25 14:59:50.050966] 🟢 smartorder-websync-bridge.service OK
[2025-10-25 14:59:50.055648] 🟢 smartorder-portal-v5.service OK
[2025-10-25 14:59:50.059103] 🟢 smartorder-watchdog.service OK
[2025-10-25 15:00:05.195621] === SAFELOGIC GUARDIAN DIAG INIT ===
[2025-10-25 15:00:05.207115] 🟢 smartorder-proxy.service OK
[2025-10-25 15:00:05.213951] 🟢 smartorder-websync-bridge.service OK
[2025-10-25 15:00:05.228175] 🟢 smartorder-portal-v5.service OK
[2025-10-25 15:00:05.235354] 🟢 smartorder-watchdog.service OK
[2025-10-25 15:00:20.334672] === SAFELOGIC GUARDIAN DIAG INIT ===
[2025-10-25 15:00:20.346975] 🟢 smartorder-proxy.service OK
[2025-10-25 15:00:20.356498] 🟢 smartorder-websync-bridge.service OK
[2025-10-25 15:00:20.358822] 🟢 smartorder-portal-v5.service OK
[2025-10-25 15:00:20.361349] 🟢 smartorder-watchdog.service OK
[2025-10-25 15:00:35.476114] === SAFELOGIC GUARDIAN DIAG INIT ===
[2025-10-25 15:00:35.485642] 🟢 smartorder-proxy.service OK
[2025-10-25 15:00:35.491537] 🟢 smartorder-websync-bridge.service OK
[2025-10-25 15:00:35.497094] 🟢 smartorder-portal-v5.service OK
[2025-10-25 15:00:35.501543] 🟢 smartorder-watchdog.service OK
[2025-10-25 15:00:50.638734] === SAFELOGIC GUARDIAN DIAG INIT ===
[2025-10-25 15:00:50.649115] 🟢 smartorder-proxy.service OK
[2025-10-25 15:00:50.654511] 🟢 smartorder-websync-bridge.service OK
[2025-10-25 15:00:50.660149] 🟢 smartorder-portal-v5.service OK
[2025-10-25 15:00:50.665381] 🟢 smartorder-watchdog.service OK
[2025-10-25 15:01:05.827318] === SAFELOGIC GUARDIAN DIAG INIT ===
[2025-10-25 15:01:05.840182] 🟢 smartorder-proxy.service OK
[2025-10-25 15:01:05.849049] 🟢 smartorder-websync-bridge.service OK
[2025-10-25 15:01:05.852319] 🟢 smartorder-portal-v5.service OK
[2025-10-25 15:01:05.855306] 🟢 smartorder-watchdog.service OK
[2025-10-25 15:01:21.018587] === SAFELOGIC GUARDIAN DIAG INIT ===
[2025-10-25 15:01:21.036374] 🟢 smartorder-proxy.service OK
[2025-10-25 15:01:21.040366] 🟢 smartorder-websync-bridge.service OK
[2025-10-25 15:01:21.043591] 🟢 smartorder-portal-v5.service OK
[2025-10-25 15:01:21.046685] 🟢 smartorder-watchdog.service OK
[2025-10-25 15:01:36.152928] === SAFELOGIC GUARDIAN DIAG INIT ===
[2025-10-25 15:01:36.156875] 🟢 smartorder-proxy.service OK
[2025-10-25 15:01:36.160053] 🟢 smartorder-websync-bridge.service OK
[2025-10-25 15:01:36.170157] 🟢 smartorder-portal-v5.service OK
[2025-10-25 15:01:36.177624] 🟢 smartorder-watchdog.service OK
[2025-10-25 15:01:51.278913] === SAFELOGIC GUARDIAN DIAG INIT ===
[2025-10-25 15:01:51.293444] 🟢 smartorder-proxy.service OK
[2025-10-25 15:01:51.314151] 🟢 smartorder-websync-bridge.service OK
[2025-10-25 15:01:51.316698] 🟢 smartorder-portal-v5.service OK
[2025-10-25 15:01:51.320573] 🟢 smartorder-watchdog.service OK
[2025-10-25 15:02:06.399898] === SAFELOGIC GUARDIAN DIAG INIT ===
[2025-10-25 15:02:06.432410] 🟢 smartorder-proxy.service OK
[2025-10-25 15:02:06.440621] 🟢 smartorder-websync-bridge.service OK
[2025-10-25 15:02:06.446998] 🟢 smartorder-portal-v5.service OK
[2025-10-25 15:02:06.450875] 🟢 smartorder-watchdog.service OK
[2025-10-25 15:02:21.646922] === SAFELOGIC GUARDIAN DIAG INIT ===
[2025-10-25 15:02:21.656378] 🟢 smartorder-proxy.service OK
[2025-10-25 15:02:21.667104] 🟢 smartorder-websync-bridge.service OK
[2025-10-25 15:02:21.670178] 🟢 smartorder-portal-v5.service OK
[2025-10-25 15:02:21.675566] 🟢 smartorder-watchdog.service OK
[2025-10-25 15:02:36.700940] === SAFELOGIC GUARDIAN DIAG INIT ===
[2025-10-25 15:02:36.709025] 🟢 smartorder-proxy.service OK
[2025-10-25 15:02:36.716489] 🟢 smartorder-websync-bridge.service OK
[2025-10-25 15:02:36.720558] 🟢 smartorder-portal-v5.service OK
[2025-10-25 15:02:36.731476] 🟢 smartorder-watchdog.service OK
[2025-10-25 15:02:51.883389] === SAFELOGIC GUARDIAN DIAG INIT ===
[2025-10-25 15:02:51.910997] 🟢 smartorder-proxy.service OK
[2025-10-25 15:02:51.913790] 🟢 smartorder-websync-bridge.service OK
[2025-10-25 15:02:51.916890] 🟢 smartorder-portal-v5.service OK
[2025-10-25 15:02:51.925411] 🟢 smartorder-watchdog.service OK
[2025-10-25 15:03:06.948650] === SAFELOGIC GUARDIAN DIAG INIT ===
[2025-10-25 15:03:06.967625] 🟢 smartorder-proxy.service OK
[2025-10-25 15:03:06.971152] 🟢 smartorder-websync-bridge.service OK
[2025-10-25 15:03:06.977143] 🟢 smartorder-portal-v5.service OK
[2025-10-25 15:03:06.983531] 🟢 smartorder-watchdog.service OK
[2025-10-25 15:03:22.246682] === SAFELOGIC GUARDIAN DIAG INIT ===
[2025-10-25 15:03:22.254667] 🟢 smartorder-proxy.service OK
[2025-10-25 15:03:22.268078] 🟢 smartorder-websync-bridge.service OK
[2025-10-25 15:03:22.273337] 🟢 smartorder-portal-v5.service OK
[2025-10-25 15:03:22.277774] 🟢 smartorder-watchdog.service OK
[2025-10-25 15:03:37.224684] === SAFELOGIC GUARDIAN DIAG INIT ===
[2025-10-25 15:03:37.232570] 🟢 smartorder-proxy.service OK
[2025-10-25 15:03:37.236619] 🟢 smartorder-websync-bridge.service OK
[2025-10-25 15:03:37.240940] 🟢 smartorder-portal-v5.service OK
[2025-10-25 15:03:37.248980] 🟢 smartorder-watchdog.service OK
[2025-10-25 15:03:52.645692] === SAFELOGIC GUARDIAN DIAG INIT ===
[2025-10-25 15:03:52.657962] 🟢 smartorder-proxy.service OK
[2025-10-25 15:03:52.661196] 🟢 smartorder-websync-bridge.service OK
[2025-10-25 15:03:52.670082] 🟢 smartorder-portal-v5.service OK
[2025-10-25 15:03:52.676480] 🟢 smartorder-watchdog.service OK
[2025-10-25 15:04:07.530731] === SAFELOGIC GUARDIAN DIAG INIT ===
[2025-10-25 15:04:07.539530] 🟢 smartorder-proxy.service OK
[2025-10-25 15:04:07.544633] 🟢 smartorder-websync-bridge.service OK
[2025-10-25 15:04:07.552363] 🟢 smartorder-portal-v5.service OK
[2025-10-25 15:04:07.555134] 🟢 smartorder-watchdog.service OK
[2025-10-25 15:04:22.991637] === SAFELOGIC GUARDIAN DIAG INIT ===
[2025-10-25 15:04:23.004546] 🟢 smartorder-proxy.service OK
[2025-10-25 15:04:23.008054] 🟢 smartorder-websync-bridge.service OK
[2025-10-25 15:04:23.013016] 🟢 smartorder-portal-v5.service OK
[2025-10-25 15:04:23.022405] 🟢 smartorder-watchdog.service OK
[2025-10-25 15:04:37.868169] === SAFELOGIC GUARDIAN DIAG INIT ===
[2025-10-25 15:04:37.887089] 🟢 smartorder-proxy.service OK
[2025-10-25 15:04:37.890585] 🟢 smartorder-websync-bridge.service OK
[2025-10-25 15:04:37.907886] 🟢 smartorder-portal-v5.service OK
[2025-10-25 15:04:37.920400] 🟢 smartorder-watchdog.service OK
[2025-10-25 15:04:53.243669] === SAFELOGIC GUARDIAN DIAG INIT ===
[2025-10-25 15:04:53.268622] 🟢 smartorder-proxy.service OK
[2025-10-25 15:04:53.272355] 🟢 smartorder-websync-bridge.service OK
[2025-10-25 15:04:53.276313] 🟢 smartorder-portal-v5.service OK
[2025-10-25 15:04:53.284980] 🟢 smartorder-watchdog.service OK
[2025-10-25 15:05:08.229364] === SAFELOGIC GUARDIAN DIAG INIT ===
[2025-10-25 15:05:08.239338] 🟢 smartorder-proxy.service OK
[2025-10-25 15:05:08.243123] 🟢 smartorder-websync-bridge.service OK
[2025-10-25 15:05:08.257185] 🟢 smartorder-portal-v5.service OK
[2025-10-25 15:05:08.269731] 🟢 smartorder-watchdog.service OK
[2025-10-25 15:05:23.607487] === SAFELOGIC GUARDIAN DIAG INIT ===
[2025-10-25 15:05:23.630530] 🟢 smartorder-proxy.service OK
[2025-10-25 15:05:23.635975] 🟢 smartorder-websync-bridge.service OK
[2025-10-25 15:05:23.649449] 🟢 smartorder-portal-v5.service OK
[2025-10-25 15:05:23.652806] 🟢 smartorder-watchdog.service OK
[2025-10-25 15:05:38.544316] === SAFELOGIC GUARDIAN DIAG INIT ===
[2025-10-25 15:05:38.560525] 🟢 smartorder-proxy.service OK
[2025-10-25 15:05:38.564599] 🟢 smartorder-websync-bridge.service OK
[2025-10-25 15:05:38.572515] 🟢 smartorder-portal-v5.service OK
[2025-10-25 15:05:38.583313] 🟢 smartorder-watchdog.service OK
[2025-10-25 15:05:53.894504] === SAFELOGIC GUARDIAN DIAG INIT ===
[2025-10-25 15:05:53.920473] 🟢 smartorder-proxy.service OK
[2025-10-25 15:05:53.924298] 🟢 smartorder-websync-bridge.service OK
[2025-10-25 15:05:53.932559] 🟢 smartorder-portal-v5.service OK
[2025-10-25 15:05:53.940127] 🟢 smartorder-watchdog.service OK
[2025-10-25 15:06:08.788888] === SAFELOGIC GUARDIAN DIAG INIT ===
[2025-10-25 15:06:08.814312] 🟢 smartorder-proxy.service OK
[2025-10-25 15:06:08.820431] 🟢 smartorder-websync-bridge.service OK
[2025-10-25 15:06:08.823604] 🟢 smartorder-portal-v5.service OK
[2025-10-25 15:06:08.827674] 🟢 smartorder-watchdog.service OK
[2025-10-25 15:06:24.174802] === SAFELOGIC GUARDIAN DIAG INIT ===
[2025-10-25 15:06:24.189380] 🟢 smartorder-proxy.service OK
[2025-10-25 15:06:24.194119] 🟢 smartorder-websync-bridge.service OK
[2025-10-25 15:06:24.200623] 🟢 smartorder-portal-v5.service OK
[2025-10-25 15:06:24.205345] 🟢 smartorder-watchdog.service OK
[2025-10-25 15:06:39.132423] === SAFELOGIC GUARDIAN DIAG INIT ===
[2025-10-25 15:06:39.153235] 🟢 smartorder-proxy.service OK
[2025-10-25 15:06:39.156808] 🟢 smartorder-websync-bridge.service OK
[2025-10-25 15:06:39.162892] 🟢 smartorder-portal-v5.service OK
[2025-10-25 15:06:39.168773] 🟢 smartorder-watchdog.service OK
[2025-10-25 15:06:54.509859] === SAFELOGIC GUARDIAN DIAG INIT ===
[2025-10-25 15:06:54.528921] 🟢 smartorder-proxy.service OK
[2025-10-25 15:06:54.533791] 🟢 smartorder-websync-bridge.service OK
[2025-10-25 15:06:54.542703] 🟢 smartorder-portal-v5.service OK
[2025-10-25 15:06:54.547882] 🟢 smartorder-watchdog.service OK
[2025-10-25 15:07:09.392969] === SAFELOGIC GUARDIAN DIAG INIT ===
[2025-10-25 15:07:09.404003] 🟢 smartorder-proxy.service OK
[2025-10-25 15:07:09.406575] 🟢 smartorder-websync-bridge.service OK
[2025-10-25 15:07:09.409131] 🟢 smartorder-portal-v5.service OK
[2025-10-25 15:07:09.411633] 🟢 smartorder-watchdog.service OK
[2025-10-25 15:07:24.869829] === SAFELOGIC GUARDIAN DIAG INIT ===
[2025-10-25 15:07:24.874015] 🟢 smartorder-proxy.service OK
[2025-10-25 15:07:24.884527] 🟢 smartorder-websync-bridge.service OK
[2025-10-25 15:07:24.891474] 🟢 smartorder-portal-v5.service OK
[2025-10-25 15:07:24.902342] 🟢 smartorder-watchdog.service OK
[2025-10-25 15:07:39.726433] === SAFELOGIC GUARDIAN DIAG INIT ===
[2025-10-25 15:07:39.741564] 🟢 smartorder-proxy.service OK
[2025-10-25 15:07:39.747058] 🟢 smartorder-websync-bridge.service OK
[2025-10-25 15:07:39.756389] 🟢 smartorder-portal-v5.service OK
[2025-10-25 15:07:39.759992] 🟢 smartorder-watchdog.service OK
[2025-10-25 15:07:55.223109] === SAFELOGIC GUARDIAN DIAG INIT ===
[2025-10-25 15:07:55.235826] 🟢 smartorder-proxy.service OK
[2025-10-25 15:07:55.245210] 🟢 smartorder-websync-bridge.service OK
[2025-10-25 15:07:55.250819] 🟢 smartorder-portal-v5.service OK
[2025-10-25 15:07:55.255154] 🟢 smartorder-watchdog.service OK
[2025-10-25 15:08:10.104215] === SAFELOGIC GUARDIAN DIAG INIT ===
[2025-10-25 15:08:10.116442] 🟢 smartorder-proxy.service OK
[2025-10-25 15:08:10.119981] 🟢 smartorder-websync-bridge.service OK
[2025-10-25 15:08:10.123336] 🟢 smartorder-portal-v5.service OK
[2025-10-25 15:08:10.130466] 🟢 smartorder-watchdog.service OK
[2025-10-25 15:08:25.501460] === SAFELOGIC GUARDIAN DIAG INIT ===
[2025-10-25 15:08:25.508345] 🟢 smartorder-proxy.service OK
[2025-10-25 15:08:25.512422] 🟢 smartorder-websync-bridge.service OK
[2025-10-25 15:08:25.527609] 🟢 smartorder-portal-v5.service OK
[2025-10-25 15:08:25.531074] 🟢 smartorder-watchdog.service OK
[2025-10-25 15:08:40.469021] === SAFELOGIC GUARDIAN DIAG INIT ===
[2025-10-25 15:08:40.474443] 🟢 smartorder-proxy.service OK
[2025-10-25 15:08:40.478962] 🟢 smartorder-websync-bridge.service OK
[2025-10-25 15:08:40.482812] 🟢 smartorder-portal-v5.service OK
[2025-10-25 15:08:40.485974] 🟢 smartorder-watchdog.service OK
[2025-10-25 15:08:55.757448] === SAFELOGIC GUARDIAN DIAG INIT ===
[2025-10-25 15:08:55.760739] 🟢 smartorder-proxy.service OK
[2025-10-25 15:08:55.768541] 🟢 smartorder-websync-bridge.service OK
[2025-10-25 15:08:55.771339] 🟢 smartorder-portal-v5.service OK
[2025-10-25 15:08:55.776566] 🟢 smartorder-watchdog.service OK
[2025-10-25 15:09:10.784951] === SAFELOGIC GUARDIAN DIAG INIT ===
[2025-10-25 15:09:10.792366] 🟢 smartorder-proxy.service OK
[2025-10-25 15:09:10.798961] 🟢 smartorder-websync-bridge.service OK
[2025-10-25 15:09:10.806073] 🟢 smartorder-portal-v5.service OK
[2025-10-25 15:09:10.815140] 🟢 smartorder-watchdog.service OK
[2025-10-25 15:09:26.062266] === SAFELOGIC GUARDIAN DIAG INIT ===
[2025-10-25 15:09:26.069199] 🟢 smartorder-proxy.service OK
[2025-10-25 15:09:26.081693] 🟢 smartorder-websync-bridge.service OK
[2025-10-25 15:09:26.086645] 🟢 smartorder-portal-v5.service OK
[2025-10-25 15:09:26.099160] 🟢 smartorder-watchdog.service OK
[2025-10-25 15:09:41.045139] === SAFELOGIC GUARDIAN DIAG INIT ===
[2025-10-25 15:09:41.064386] 🟢 smartorder-proxy.service OK
[2025-10-25 15:09:41.067486] 🟢 smartorder-websync-bridge.service OK
[2025-10-25 15:09:41.070462] 🟢 smartorder-portal-v5.service OK
[2025-10-25 15:09:41.076590] 🟢 smartorder-watchdog.service OK
[2025-10-25 15:09:56.395625] === SAFELOGIC GUARDIAN DIAG INIT ===
[2025-10-25 15:09:56.405065] 🟢 smartorder-proxy.service OK
[2025-10-25 15:09:56.413500] 🟢 smartorder-websync-bridge.service OK
[2025-10-25 15:09:56.417319] 🟢 smartorder-portal-v5.service OK
[2025-10-25 15:09:56.422589] 🟢 smartorder-watchdog.service OK
[2025-10-25 15:10:11.311755] === SAFELOGIC GUARDIAN DIAG INIT ===
[2025-10-25 15:10:11.328158] 🟢 smartorder-proxy.service OK
[2025-10-25 15:10:11.336773] 🟢 smartorder-websync-bridge.service OK
[2025-10-25 15:10:11.340681] 🟢 smartorder-portal-v5.service OK
[2025-10-25 15:10:11.351050] 🟢 smartorder-watchdog.service OK
[2025-10-25 15:10:26.707374] === SAFELOGIC GUARDIAN DIAG INIT ===
[2025-10-25 15:10:26.717095] 🟢 smartorder-proxy.service OK
[2025-10-25 15:10:26.721058] 🟢 smartorder-websync-bridge.service OK
[2025-10-25 15:10:26.728527] 🟢 smartorder-portal-v5.service OK
[2025-10-25 15:10:26.737825] 🟢 smartorder-watchdog.service OK
[2025-10-25 15:10:41.674432] === SAFELOGIC GUARDIAN DIAG INIT ===
[2025-10-25 15:10:41.693108] 🟢 smartorder-proxy.service OK
[2025-10-25 15:10:41.700487] 🟢 smartorder-websync-bridge.service OK
[2025-10-25 15:10:41.703312] 🟢 smartorder-portal-v5.service OK
[2025-10-25 15:10:41.707765] 🟢 smartorder-watchdog.service OK
[2025-10-25 15:10:57.075435] === SAFELOGIC GUARDIAN DIAG INIT ===
[2025-10-25 15:10:57.088488] 🟢 smartorder-proxy.service OK
[2025-10-25 15:10:57.092385] 🟢 smartorder-websync-bridge.service OK
[2025-10-25 15:10:57.111611] 🟢 smartorder-portal-v5.service OK
[2025-10-25 15:10:57.116542] 🟢 smartorder-watchdog.service OK
[2025-10-25 15:11:11.966663] === SAFELOGIC GUARDIAN DIAG INIT ===
[2025-10-25 15:11:11.984497] 🟢 smartorder-proxy.service OK
[2025-10-25 15:11:11.990684] 🟢 smartorder-websync-bridge.service OK
[2025-10-25 15:11:11.997053] 🟢 smartorder-portal-v5.service OK
[2025-10-25 15:11:12.004737] 🟢 smartorder-watchdog.service OK
[2025-10-25 15:11:27.356068] === SAFELOGIC GUARDIAN DIAG INIT ===
[2025-10-25 15:11:27.362167] 🟢 smartorder-proxy.service OK
[2025-10-25 15:11:27.372480] 🟢 smartorder-websync-bridge.service OK
[2025-10-25 15:11:27.375803] 🟢 smartorder-portal-v5.service OK
[2025-10-25 15:11:27.380906] 🟢 smartorder-watchdog.service OK
[2025-10-25 15:11:42.253329] === SAFELOGIC GUARDIAN DIAG INIT ===
[2025-10-25 15:11:42.266234] 🟢 smartorder-proxy.service OK
[2025-10-25 15:11:42.269272] 🟢 smartorder-websync-bridge.service OK
[2025-10-25 15:11:42.271737] 🟢 smartorder-portal-v5.service OK
[2025-10-25 15:11:42.274112] 🟢 smartorder-watchdog.service OK
[2025-10-25 15:11:57.640723] === SAFELOGIC GUARDIAN DIAG INIT ===
[2025-10-25 15:11:57.648532] 🟢 smartorder-proxy.service OK
[2025-10-25 15:11:57.653102] 🟢 smartorder-websync-bridge.service OK
[2025-10-25 15:11:57.661405] 🟢 smartorder-portal-v5.service OK
[2025-10-25 15:11:57.664504] 🟢 smartorder-watchdog.service OK
[2025-10-25 15:12:12.591743] === SAFELOGIC GUARDIAN DIAG INIT ===
[2025-10-25 15:12:12.612406] 🟢 smartorder-proxy.service OK
[2025-10-25 15:12:12.618835] 🟢 smartorder-websync-bridge.service OK
[2025-10-25 15:12:12.621820] 🟢 smartorder-portal-v5.service OK
[2025-10-25 15:12:12.628348] 🟢 smartorder-watchdog.service OK
[2025-10-25 15:12:27.973115] === SAFELOGIC GUARDIAN DIAG INIT ===
[2025-10-25 15:12:27.985535] 🟢 smartorder-proxy.service OK
[2025-10-25 15:12:27.993360] 🟢 smartorder-websync-bridge.service OK
[2025-10-25 15:12:27.997475] 🟢 smartorder-portal-v5.service OK
[2025-10-25 15:12:28.013535] 🟢 smartorder-watchdog.service OK
[2025-10-25 15:12:42.899451] === SAFELOGIC GUARDIAN DIAG INIT ===
[2025-10-25 15:12:42.909562] 🟢 smartorder-proxy.service OK
[2025-10-25 15:12:42.916735] 🟢 smartorder-websync-bridge.service OK
[2025-10-25 15:12:42.924610] 🟢 smartorder-portal-v5.service OK
[2025-10-25 15:12:42.928082] 🟢 smartorder-watchdog.service OK
[2025-10-25 15:12:58.278747] === SAFELOGIC GUARDIAN DIAG INIT ===
[2025-10-25 15:12:58.295578] 🟢 smartorder-proxy.service OK
[2025-10-25 15:12:58.303813] 🟢 smartorder-websync-bridge.service OK
[2025-10-25 15:12:58.313218] 🟢 smartorder-portal-v5.service OK
[2025-10-25 15:12:58.317754] 🟢 smartorder-watchdog.service OK
[2025-10-25 15:13:13.200698] === SAFELOGIC GUARDIAN DIAG INIT ===
[2025-10-25 15:13:13.217023] 🟢 smartorder-proxy.service OK
[2025-10-25 15:13:13.225012] 🟢 smartorder-websync-bridge.service OK
[2025-10-25 15:13:13.229172] 🟢 smartorder-portal-v5.service OK
[2025-10-25 15:13:13.238755] 🟢 smartorder-watchdog.service OK
[2025-10-25 15:13:28.623957] === SAFELOGIC GUARDIAN DIAG INIT ===
[2025-10-25 15:13:28.639236] 🟢 smartorder-proxy.service OK
[2025-10-25 15:13:28.648763] 🟢 smartorder-websync-bridge.service OK
[2025-10-25 15:13:28.658159] 🟢 smartorder-portal-v5.service OK
[2025-10-25 15:13:28.663673] 🟢 smartorder-watchdog.service OK
[2025-10-25 15:13:43.487556] === SAFELOGIC GUARDIAN DIAG INIT ===
[2025-10-25 15:13:43.498214] 🟢 smartorder-proxy.service OK
[2025-10-25 15:13:43.504741] 🟢 smartorder-websync-bridge.service OK
[2025-10-25 15:13:43.507452] 🟢 smartorder-portal-v5.service OK
[2025-10-25 15:13:43.511710] 🟢 smartorder-watchdog.service OK
[2025-10-25 15:13:58.940021] === SAFELOGIC GUARDIAN DIAG INIT ===
[2025-10-25 15:13:58.968405] 🟢 smartorder-proxy.service OK
[2025-10-25 15:13:58.972341] 🟢 smartorder-websync-bridge.service OK
[2025-10-25 15:13:58.975040] 🟢 smartorder-portal-v5.service OK
[2025-10-25 15:13:58.977820] 🟢 smartorder-watchdog.service OK
[2025-10-25 15:14:13.807179] === SAFELOGIC GUARDIAN DIAG INIT ===
[2025-10-25 15:14:13.819177] 🟢 smartorder-proxy.service OK
[2025-10-25 15:14:13.832412] 🟢 smartorder-websync-bridge.service OK
[2025-10-25 15:14:13.835415] 🟢 smartorder-portal-v5.service OK
[2025-10-25 15:14:13.840215] 🟢 smartorder-watchdog.service OK
[2025-10-25 15:14:29.244559] === SAFELOGIC GUARDIAN DIAG INIT ===
[2025-10-25 15:14:29.263116] 🟢 smartorder-proxy.service OK
[2025-10-25 15:14:29.268343] 🟢 smartorder-websync-bridge.service OK
[2025-10-25 15:14:29.271043] 🟢 smartorder-portal-v5.service OK
[2025-10-25 15:14:29.273907] 🟢 smartorder-watchdog.service OK
[2025-10-25 15:14:44.050950] === SAFELOGIC GUARDIAN DIAG INIT ===
[2025-10-25 15:14:44.056451] 🟢 smartorder-proxy.service OK
[2025-10-25 15:14:44.067386] 🟢 smartorder-websync-bridge.service OK
[2025-10-25 15:14:44.072352] 🟢 smartorder-portal-v5.service OK
[2025-10-25 15:14:44.076342] 🟢 smartorder-watchdog.service OK
[2025-10-25 15:14:59.572117] === SAFELOGIC GUARDIAN DIAG INIT ===
[2025-10-25 15:14:59.596497] 🟢 smartorder-proxy.service OK
[2025-10-25 15:14:59.610615] 🟢 smartorder-websync-bridge.service OK
[2025-10-25 15:14:59.614863] 🟢 smartorder-portal-v5.service OK
[2025-10-25 15:14:59.618822] 🟢 smartorder-watchdog.service OK
[2025-10-25 15:15:14.386872] === SAFELOGIC GUARDIAN DIAG INIT ===
[2025-10-25 15:15:14.396887] 🟢 smartorder-proxy.service OK
[2025-10-25 15:15:14.400395] 🟢 smartorder-websync-bridge.service OK
[2025-10-25 15:15:14.407173] 🟢 smartorder-portal-v5.service OK
[2025-10-25 15:15:14.412803] 🟢 smartorder-watchdog.service OK
[2025-10-25 15:15:29.943825] === SAFELOGIC GUARDIAN DIAG INIT ===
[2025-10-25 15:15:29.952439] 🟢 smartorder-proxy.service OK
[2025-10-25 15:15:29.956960] 🟢 smartorder-websync-bridge.service OK
[2025-10-25 15:15:29.962475] 🟢 smartorder-portal-v5.service OK
[2025-10-25 15:15:29.969184] 🟢 smartorder-watchdog.service OK
[2025-10-25 15:15:44.645680] === SAFELOGIC GUARDIAN DIAG INIT ===
[2025-10-25 15:15:44.653446] 🟢 smartorder-proxy.service OK
[2025-10-25 15:15:44.664815] 🟢 smartorder-websync-bridge.service OK
[2025-10-25 15:15:44.670025] 🟢 smartorder-portal-v5.service OK
[2025-10-25 15:15:44.673976] 🟢 smartorder-watchdog.service OK
[2025-10-25 15:16:00.251814] === SAFELOGIC GUARDIAN DIAG INIT ===
[2025-10-25 15:16:00.258898] 🟢 smartorder-proxy.service OK
[2025-10-25 15:16:00.265066] 🟢 smartorder-websync-bridge.service OK
[2025-10-25 15:16:00.270216] 🟢 smartorder-portal-v5.service OK
[2025-10-25 15:16:00.280687] 🟢 smartorder-watchdog.service OK
[2025-10-25 15:16:14.932701] === SAFELOGIC GUARDIAN DIAG INIT ===
[2025-10-25 15:16:14.943917] 🟢 smartorder-proxy.service OK
[2025-10-25 15:16:14.946855] 🟢 smartorder-websync-bridge.service OK
[2025-10-25 15:16:14.949688] 🟢 smartorder-portal-v5.service OK
[2025-10-25 15:16:14.952746] 🟢 smartorder-watchdog.service OK
[2025-10-25 15:16:30.550039] === SAFELOGIC GUARDIAN DIAG INIT ===
[2025-10-25 15:16:30.570888] 🟢 smartorder-proxy.service OK
[2025-10-25 15:16:30.577327] 🟢 smartorder-websync-bridge.service OK
[2025-10-25 15:16:30.582278] 🟢 smartorder-portal-v5.service OK
[2025-10-25 15:16:30.600543] 🟢 smartorder-watchdog.service OK
[2025-10-25 15:16:45.174520] === SAFELOGIC GUARDIAN DIAG INIT ===
[2025-10-25 15:16:45.191716] 🟢 smartorder-proxy.service OK
[2025-10-25 15:16:45.194540] 🟢 smartorder-websync-bridge.service OK
[2025-10-25 15:16:45.198096] 🟢 smartorder-portal-v5.service OK
[2025-10-25 15:16:45.202908] 🟢 smartorder-watchdog.service OK
[2025-10-25 15:17:00.931886] === SAFELOGIC GUARDIAN DIAG INIT ===
[2025-10-25 15:17:00.940688] 🟢 smartorder-proxy.service OK
[2025-10-25 15:17:00.952947] 🟢 smartorder-websync-bridge.service OK
[2025-10-25 15:17:00.957601] 🟢 smartorder-portal-v5.service OK
[2025-10-25 15:17:00.961170] 🟢 smartorder-watchdog.service OK
[2025-10-25 15:17:15.494767] === SAFELOGIC GUARDIAN DIAG INIT ===
[2025-10-25 15:17:15.516367] 🟢 smartorder-proxy.service OK
[2025-10-25 15:17:15.520365] 🟢 smartorder-websync-bridge.service OK
[2025-10-25 15:17:15.524084] 🟢 smartorder-portal-v5.service OK
[2025-10-25 15:17:15.530327] 🟢 smartorder-watchdog.service OK
[2025-10-25 15:17:31.259928] === SAFELOGIC GUARDIAN DIAG INIT ===
[2025-10-25 15:17:31.279802] 🟢 smartorder-proxy.service OK
[2025-10-25 15:17:31.283813] 🟢 smartorder-websync-bridge.service OK
[2025-10-25 15:17:31.294210] 🟢 smartorder-portal-v5.service OK
[2025-10-25 15:17:31.299909] 🟢 smartorder-watchdog.service OK
[2025-10-25 15:17:45.862353] === SAFELOGIC GUARDIAN DIAG INIT ===
[2025-10-25 15:17:45.871910] 🟢 smartorder-proxy.service OK
[2025-10-25 15:17:45.875247] 🟢 smartorder-websync-bridge.service OK
[2025-10-25 15:17:45.885332] 🟢 smartorder-portal-v5.service OK
[2025-10-25 15:17:45.888560] 🟢 smartorder-watchdog.service OK
[2025-10-25 15:18:01.618528] === SAFELOGIC GUARDIAN DIAG INIT ===
[2025-10-25 15:18:01.652489] 🟢 smartorder-proxy.service OK
[2025-10-25 15:18:01.660509] 🟢 smartorder-websync-bridge.service OK
[2025-10-25 15:18:01.667557] 🟢 smartorder-portal-v5.service OK
[2025-10-25 15:18:01.687422] 🟢 smartorder-watchdog.service OK
[2025-10-25 15:18:16.169383] === SAFELOGIC GUARDIAN DIAG INIT ===
[2025-10-25 15:18:16.190633] 🟢 smartorder-proxy.service OK
[2025-10-25 15:18:16.195067] 🟢 smartorder-websync-bridge.service OK
[2025-10-25 15:18:16.200341] 🟢 smartorder-portal-v5.service OK
[2025-10-25 15:18:16.203259] 🟢 smartorder-watchdog.service OK
[2025-10-25 15:18:31.924325] === SAFELOGIC GUARDIAN DIAG INIT ===
[2025-10-25 15:18:31.935278] 🟢 smartorder-proxy.service OK
[2025-10-25 15:18:31.942405] 🟢 smartorder-websync-bridge.service OK
[2025-10-25 15:18:31.953865] 🟢 smartorder-portal-v5.service OK
[2025-10-25 15:18:31.961011] 🟢 smartorder-watchdog.service OK
[2025-10-25 15:18:46.467103] === SAFELOGIC GUARDIAN DIAG INIT ===
[2025-10-25 15:18:46.478524] 🟢 smartorder-proxy.service OK
[2025-10-25 15:18:46.481475] 🟢 smartorder-websync-bridge.service OK
[2025-10-25 15:18:46.484680] 🟢 smartorder-portal-v5.service OK
[2025-10-25 15:18:46.492420] 🟢 smartorder-watchdog.service OK
[2025-10-25 15:19:02.214683] === SAFELOGIC GUARDIAN DIAG INIT ===
[2025-10-25 15:19:02.223588] 🟢 smartorder-proxy.service OK
[2025-10-25 15:19:02.229754] 🟢 smartorder-websync-bridge.service OK
[2025-10-25 15:19:02.234989] 🟢 smartorder-portal-v5.service OK
[2025-10-25 15:19:02.240217] 🟢 smartorder-watchdog.service OK
[2025-10-25 15:19:16.853845] === SAFELOGIC GUARDIAN DIAG INIT ===
[2025-10-25 15:19:16.861039] 🟢 smartorder-proxy.service OK
[2025-10-25 15:19:16.872508] 🟢 smartorder-websync-bridge.service OK
[2025-10-25 15:19:16.883128] 🟢 smartorder-portal-v5.service OK
[2025-10-25 15:19:16.902270] 🟢 smartorder-watchdog.service OK
[2025-10-25 15:19:32.527482] === SAFELOGIC GUARDIAN DIAG INIT ===
[2025-10-25 15:19:32.533137] 🟢 smartorder-proxy.service OK
[2025-10-25 15:19:32.539666] 🟢 smartorder-websync-bridge.service OK
[2025-10-25 15:19:32.543018] 🟢 smartorder-portal-v5.service OK
[2025-10-25 15:19:32.547673] 🟢 smartorder-watchdog.service OK
[2025-10-25 15:19:47.182545] === SAFELOGIC GUARDIAN DIAG INIT ===
[2025-10-25 15:19:47.200365] 🟢 smartorder-proxy.service OK
[2025-10-25 15:19:47.208349] 🟢 smartorder-websync-bridge.service OK
[2025-10-25 15:19:47.212416] 🟢 smartorder-portal-v5.service OK
[2025-10-25 15:19:47.220334] 🟢 smartorder-watchdog.service OK
[2025-10-25 15:20:02.891047] === SAFELOGIC GUARDIAN DIAG INIT ===
[2025-10-25 15:20:02.903829] 🟢 smartorder-proxy.service OK
[2025-10-25 15:20:02.907141] 🟢 smartorder-websync-bridge.service OK
[2025-10-25 15:20:02.910431] 🟢 smartorder-portal-v5.service OK
[2025-10-25 15:20:02.916581] 🟢 smartorder-watchdog.service OK
[2025-10-25 15:20:17.467910] === SAFELOGIC GUARDIAN DIAG INIT ===
[2025-10-25 15:20:17.488806] 🟢 smartorder-proxy.service OK
[2025-10-25 15:20:17.496501] 🟢 smartorder-websync-bridge.service OK
[2025-10-25 15:20:17.500220] 🟢 smartorder-portal-v5.service OK
[2025-10-25 15:20:17.503472] 🟢 smartorder-watchdog.service OK
[2025-10-25 15:20:33.139163] === SAFELOGIC GUARDIAN DIAG INIT ===
[2025-10-25 15:20:33.148816] 🟢 smartorder-proxy.service OK
[2025-10-25 15:20:33.154784] 🟢 smartorder-websync-bridge.service OK
[2025-10-25 15:20:33.161893] 🟢 smartorder-portal-v5.service OK
[2025-10-25 15:20:33.165116] 🟢 smartorder-watchdog.service OK
[2025-10-25 15:20:47.788022] === SAFELOGIC GUARDIAN DIAG INIT ===
[2025-10-25 15:20:47.806816] 🟢 smartorder-proxy.service OK
[2025-10-25 15:20:47.811491] 🟢 smartorder-websync-bridge.service OK
[2025-10-25 15:20:47.817943] 🟢 smartorder-portal-v5.service OK
[2025-10-25 15:20:47.825764] 🟢 smartorder-watchdog.service OK
[2025-10-25 15:21:03.461528] === SAFELOGIC GUARDIAN DIAG INIT ===
[2025-10-25 15:21:03.478860] 🟢 smartorder-proxy.service OK
[2025-10-25 15:21:03.484351] 🟢 smartorder-websync-bridge.service OK
[2025-10-25 15:21:03.492743] 🟢 smartorder-portal-v5.service OK
[2025-10-25 15:21:03.495639] 🟢 smartorder-watchdog.service OK
[2025-10-25 15:21:18.109229] === SAFELOGIC GUARDIAN DIAG INIT ===
[2025-10-25 15:21:18.119111] 🟢 smartorder-proxy.service OK
[2025-10-25 15:21:18.128872] 🟢 smartorder-websync-bridge.service OK
[2025-10-25 15:21:18.136517] 🟢 smartorder-portal-v5.service OK
[2025-10-25 15:21:18.140401] 🟢 smartorder-watchdog.service OK
[2025-10-25 15:21:33.775207] === SAFELOGIC GUARDIAN DIAG INIT ===
[2025-10-25 15:21:33.787247] 🟢 smartorder-proxy.service OK
[2025-10-25 15:21:33.794753] 🟢 smartorder-websync-bridge.service OK
[2025-10-25 15:21:33.797984] 🟢 smartorder-portal-v5.service OK
[2025-10-25 15:21:33.808040] 🟢 smartorder-watchdog.service OK
[2025-10-25 15:21:48.433582] === SAFELOGIC GUARDIAN DIAG INIT ===
[2025-10-25 15:21:48.450072] 🟢 smartorder-proxy.service OK
[2025-10-25 15:21:48.456606] 🟢 smartorder-websync-bridge.service OK
[2025-10-25 15:21:48.464473] 🟢 smartorder-portal-v5.service OK
[2025-10-25 15:21:48.469888] 🟢 smartorder-watchdog.service OK
[2025-10-25 15:22:04.117658] === SAFELOGIC GUARDIAN DIAG INIT ===
[2025-10-25 15:22:04.128484] 🟢 smartorder-proxy.service OK
[2025-10-25 15:22:04.140579] 🟢 smartorder-websync-bridge.service OK
[2025-10-25 15:22:04.144339] 🟢 smartorder-portal-v5.service OK
[2025-10-25 15:22:04.152394] 🟢 smartorder-watchdog.service OK
[2025-10-25 15:22:18.760135] === SAFELOGIC GUARDIAN DIAG INIT ===
[2025-10-25 15:22:18.778876] 🟢 smartorder-proxy.service OK
[2025-10-25 15:22:18.788415] 🟢 smartorder-websync-bridge.service OK
[2025-10-25 15:22:18.802554] 🟢 smartorder-portal-v5.service OK
[2025-10-25 15:22:18.806539] 🟢 smartorder-watchdog.service OK
[2025-10-25 15:22:34.406368] === SAFELOGIC GUARDIAN DIAG INIT ===
[2025-10-25 15:22:34.425454] 🟢 smartorder-proxy.service OK
[2025-10-25 15:22:34.435125] 🟢 smartorder-websync-bridge.service OK
[2025-10-25 15:22:34.440051] 🟢 smartorder-portal-v5.service OK
[2025-10-25 15:22:34.449434] 🟢 smartorder-watchdog.service OK
[2025-10-25 15:22:49.115797] === SAFELOGIC GUARDIAN DIAG INIT ===
[2025-10-25 15:22:49.124895] 🟢 smartorder-proxy.service OK
[2025-10-25 15:22:49.133021] 🟢 smartorder-websync-bridge.service OK
[2025-10-25 15:22:49.137234] 🟢 smartorder-portal-v5.service OK
[2025-10-25 15:22:49.145497] 🟢 smartorder-watchdog.service OK
[2025-10-25 15:23:04.707269] === SAFELOGIC GUARDIAN DIAG INIT ===
[2025-10-25 15:23:04.712694] 🟢 smartorder-proxy.service OK
[2025-10-25 15:23:04.723770] 🟢 smartorder-websync-bridge.service OK
[2025-10-25 15:23:04.729121] 🟢 smartorder-portal-v5.service OK
[2025-10-25 15:23:04.738753] 🟢 smartorder-watchdog.service OK
[2025-10-25 15:23:19.458118] === SAFELOGIC GUARDIAN DIAG INIT ===
[2025-10-25 15:23:19.468512] 🟢 smartorder-proxy.service OK
[2025-10-25 15:23:19.472663] 🟢 smartorder-websync-bridge.service OK
[2025-10-25 15:23:19.480485] 🟢 smartorder-portal-v5.service OK
[2025-10-25 15:23:19.483860] 🟢 smartorder-watchdog.service OK
[2025-10-25 15:23:35.049410] === SAFELOGIC GUARDIAN DIAG INIT ===
[2025-10-25 15:23:35.062381] 🟢 smartorder-proxy.service OK
[2025-10-25 15:23:35.069213] 🟢 smartorder-websync-bridge.service OK
[2025-10-25 15:23:35.073011] 🟢 smartorder-portal-v5.service OK
[2025-10-25 15:23:35.089642] 🟢 smartorder-watchdog.service OK
[2025-10-25 15:23:49.738991] === SAFELOGIC GUARDIAN DIAG INIT ===
[2025-10-25 15:23:49.742451] 🟢 smartorder-proxy.service OK
[2025-10-25 15:23:49.744830] 🟢 smartorder-websync-bridge.service OK
[2025-10-25 15:23:49.749552] 🟢 smartorder-portal-v5.service OK
[2025-10-25 15:23:49.752243] 🟢 smartorder-watchdog.service OK
[2025-10-25 15:24:05.313964] === SAFELOGIC GUARDIAN DIAG INIT ===
[2025-10-25 15:24:05.324305] 🟢 smartorder-proxy.service OK
[2025-10-25 15:24:05.329495] 🟢 smartorder-websync-bridge.service OK
[2025-10-25 15:24:05.332791] 🟢 smartorder-portal-v5.service OK
[2025-10-25 15:24:05.335514] 🟢 smartorder-watchdog.service OK
[2025-10-25 15:24:20.093494] === SAFELOGIC GUARDIAN DIAG INIT ===
[2025-10-25 15:24:20.105180] 🟢 smartorder-proxy.service OK
[2025-10-25 15:24:20.114970] 🟢 smartorder-websync-bridge.service OK
[2025-10-25 15:24:20.119028] 🟢 smartorder-portal-v5.service OK
[2025-10-25 15:24:20.123637] 🟢 smartorder-watchdog.service OK
[2025-10-25 15:24:35.613016] === SAFELOGIC GUARDIAN DIAG INIT ===
[2025-10-25 15:24:35.628391] 🟢 smartorder-proxy.service OK
[2025-10-25 15:24:35.631350] 🟢 smartorder-websync-bridge.service OK
[2025-10-25 15:24:35.640355] 🟢 smartorder-portal-v5.service OK
[2025-10-25 15:24:35.643361] 🟢 smartorder-watchdog.service OK
[2025-10-25 15:24:50.382568] === SAFELOGIC GUARDIAN DIAG INIT ===
[2025-10-25 15:24:50.413769] 🟢 smartorder-proxy.service OK
[2025-10-25 15:24:50.417217] 🟢 smartorder-websync-bridge.service OK
[2025-10-25 15:24:50.420954] 🟢 smartorder-portal-v5.service OK
[2025-10-25 15:24:50.424957] 🟢 smartorder-watchdog.service OK
[2025-10-25 15:25:06.105042] === SAFELOGIC GUARDIAN DIAG INIT ===
[2025-10-25 15:25:06.141837] 🟢 smartorder-proxy.service OK
[2025-10-25 15:25:06.173516] 🟢 smartorder-websync-bridge.service OK
[2025-10-25 15:25:06.212586] 🟢 smartorder-portal-v5.service OK
[2025-10-25 15:25:06.243946] 🟢 smartorder-watchdog.service OK
[2025-10-25 15:25:20.735801] === SAFELOGIC GUARDIAN DIAG INIT ===
[2025-10-25 15:25:20.748331] 🟢 smartorder-proxy.service OK
[2025-10-25 15:25:20.755452] 🟢 smartorder-websync-bridge.service OK
[2025-10-25 15:25:20.758812] 🟢 smartorder-portal-v5.service OK
[2025-10-25 15:25:20.765217] 🟢 smartorder-watchdog.service OK
[2025-10-25 15:25:36.357783] === SAFELOGIC GUARDIAN DIAG INIT ===
[2025-10-25 15:25:36.375949] 🟢 smartorder-proxy.service OK
[2025-10-25 15:25:36.391168] 🟢 smartorder-websync-bridge.service OK
[2025-10-25 15:25:36.399963] 🟢 smartorder-portal-v5.service OK
[2025-10-25 15:25:36.410461] 🟢 smartorder-watchdog.service OK
[2025-10-25 15:25:51.055618] === SAFELOGIC GUARDIAN DIAG INIT ===
[2025-10-25 15:25:51.073670] 🟢 smartorder-proxy.service OK
[2025-10-25 15:25:51.078246] ⚠️ smartorder-websync-bridge.service inactif — redémarrage...
[2025-10-25 15:25:54.104445] ✅ smartorder-websync-bridge.service restauré avec succès.
[2025-10-25 15:25:54.107226] 🟢 smartorder-portal-v5.service OK
[2025-10-25 15:25:54.110864] 🟢 smartorder-watchdog.service OK
[2025-10-25 15:26:06.646743] === SAFELOGIC GUARDIAN DIAG INIT ===
[2025-10-25 15:26:06.660121] 🟢 smartorder-proxy.service OK
[2025-10-25 15:26:06.664479] 🟢 smartorder-websync-bridge.service OK
[2025-10-25 15:26:06.667789] 🟢 smartorder-portal-v5.service OK
[2025-10-25 15:26:06.671192] 🟢 smartorder-watchdog.service OK
[2025-10-25 15:26:21.428647] === SAFELOGIC GUARDIAN DIAG INIT ===
[2025-10-25 15:26:21.436444] 🟢 smartorder-proxy.service OK
[2025-10-25 15:26:21.440380] 🟢 smartorder-websync-bridge.service OK
[2025-10-25 15:26:21.448381] 🟢 smartorder-portal-v5.service OK
[2025-10-25 15:26:21.452105] 🟢 smartorder-watchdog.service OK
[2025-10-25 15:26:36.993264] === SAFELOGIC GUARDIAN DIAG INIT ===
[2025-10-25 15:26:37.005815] 🟢 smartorder-proxy.service OK
[2025-10-25 15:26:37.011204] 🟢 smartorder-websync-bridge.service OK
[2025-10-25 15:26:37.020225] 🟢 smartorder-portal-v5.service OK
[2025-10-25 15:26:37.032576] 🟢 smartorder-watchdog.service OK
[2025-10-25 15:26:51.762059] === SAFELOGIC GUARDIAN DIAG INIT ===
[2025-10-25 15:26:51.768882] 🟢 smartorder-proxy.service OK
[2025-10-25 15:26:51.778461] 🟢 smartorder-websync-bridge.service OK
[2025-10-25 15:26:51.785750] 🟢 smartorder-portal-v5.service OK
[2025-10-25 15:26:51.795468] 🟢 smartorder-watchdog.service OK
[2025-10-25 15:27:07.324027] === SAFELOGIC GUARDIAN DIAG INIT ===
[2025-10-25 15:27:07.334723] 🟢 smartorder-proxy.service OK
[2025-10-25 15:27:07.337360] 🟢 smartorder-websync-bridge.service OK
[2025-10-25 15:27:07.339937] 🟢 smartorder-portal-v5.service OK
[2025-10-25 15:27:07.342518] 🟢 smartorder-watchdog.service OK
[2025-10-25 15:27:22.086740] === SAFELOGIC GUARDIAN DIAG INIT ===
[2025-10-25 15:27:22.096192] 🟢 smartorder-proxy.service OK
[2025-10-25 15:27:22.098941] 🟢 smartorder-websync-bridge.service OK
[2025-10-25 15:27:22.103155] 🟢 smartorder-portal-v5.service OK
[2025-10-25 15:27:22.121375] 🟢 smartorder-watchdog.service OK
[2025-10-25 15:27:37.639496] === SAFELOGIC GUARDIAN DIAG INIT ===
[2025-10-25 15:27:37.660365] 🟢 smartorder-proxy.service OK
[2025-10-25 15:27:37.668350] 🟢 smartorder-websync-bridge.service OK
[2025-10-25 15:27:37.671571] 🟢 smartorder-portal-v5.service OK
[2025-10-25 15:27:37.680881] 🟢 smartorder-watchdog.service OK
[2025-10-25 15:27:52.386348] === SAFELOGIC GUARDIAN DIAG INIT ===
[2025-10-25 15:27:52.397633] 🟢 smartorder-proxy.service OK
[2025-10-25 15:27:52.400731] 🟢 smartorder-websync-bridge.service OK
[2025-10-25 15:27:52.403884] 🟢 smartorder-portal-v5.service OK
[2025-10-25 15:27:52.412560] 🟢 smartorder-watchdog.service OK
[2025-10-25 15:28:07.917612] === SAFELOGIC GUARDIAN DIAG INIT ===
[2025-10-25 15:28:07.924821] 🟢 smartorder-proxy.service OK
[2025-10-25 15:28:07.929268] 🟢 smartorder-websync-bridge.service OK
[2025-10-25 15:28:07.933943] 🟢 smartorder-portal-v5.service OK
[2025-10-25 15:28:07.939578] 🟢 smartorder-watchdog.service OK
[2025-10-25 15:28:22.695858] === SAFELOGIC GUARDIAN DIAG INIT ===
[2025-10-25 15:28:22.712490] 🟢 smartorder-proxy.service OK
[2025-10-25 15:28:22.716428] 🟢 smartorder-websync-bridge.service OK
[2025-10-25 15:28:22.719190] 🟢 smartorder-portal-v5.service OK
[2025-10-25 15:28:22.724402] 🟢 smartorder-watchdog.service OK
[2025-10-25 15:28:38.218228] === SAFELOGIC GUARDIAN DIAG INIT ===
[2025-10-25 15:28:38.228847] 🟢 smartorder-proxy.service OK
[2025-10-25 15:28:38.234753] 🟢 smartorder-websync-bridge.service OK
[2025-10-25 15:28:38.239667] 🟢 smartorder-portal-v5.service OK
[2025-10-25 15:28:38.245531] 🟢 smartorder-watchdog.service OK
[2025-10-25 15:28:52.980781] === SAFELOGIC GUARDIAN DIAG INIT ===
[2025-10-25 15:28:52.993837] 🟢 smartorder-proxy.service OK
[2025-10-25 15:28:52.998993] 🟢 smartorder-websync-bridge.service OK
[2025-10-25 15:28:53.003228] 🟢 smartorder-portal-v5.service OK
[2025-10-25 15:28:53.009468] 🟢 smartorder-watchdog.service OK
[2025-10-25 15:29:08.523552] === SAFELOGIC GUARDIAN DIAG INIT ===
[2025-10-25 15:29:08.541251] 🟢 smartorder-proxy.service OK
[2025-10-25 15:29:08.554465] 🟢 smartorder-websync-bridge.service OK
[2025-10-25 15:29:08.567910] 🟢 smartorder-portal-v5.service OK
[2025-10-25 15:29:08.596574] 🟢 smartorder-watchdog.service OK
[2025-10-25 15:29:23.299910] === SAFELOGIC GUARDIAN DIAG INIT ===
[2025-10-25 15:29:23.309007] 🟢 smartorder-proxy.service OK
[2025-10-25 15:29:23.316354] 🟢 smartorder-websync-bridge.service OK
[2025-10-25 15:29:23.319748] 🟢 smartorder-portal-v5.service OK
[2025-10-25 15:29:23.327406] 🟢 smartorder-watchdog.service OK
[2025-10-25 15:29:38.853322] === SAFELOGIC GUARDIAN DIAG INIT ===
[2025-10-25 15:29:38.860923] 🟢 smartorder-proxy.service OK
[2025-10-25 15:29:38.870339] ⚠️ smartorder-websync-bridge.service inactif — redémarrage...
[2025-10-25 15:29:41.888918] ✅ smartorder-websync-bridge.service restauré avec succès.
[2025-10-25 15:29:41.891892] 🟢 smartorder-portal-v5.service OK
[2025-10-25 15:29:41.894430] 🟢 smartorder-watchdog.service OK
[2025-10-25 15:29:53.595223] === SAFELOGIC GUARDIAN DIAG INIT ===
[2025-10-25 15:29:53.607362] 🟢 smartorder-proxy.service OK
[2025-10-25 15:29:53.612962] 🟢 smartorder-websync-bridge.service OK
[2025-10-25 15:29:53.616703] 🟢 smartorder-portal-v5.service OK
[2025-10-25 15:29:53.628766] 🟢 smartorder-watchdog.service OK
[2025-10-25 15:30:09.141905] === SAFELOGIC GUARDIAN DIAG INIT ===
[2025-10-25 15:30:09.149089] 🟢 smartorder-proxy.service OK
[2025-10-25 15:30:09.158097] 🟢 smartorder-websync-bridge.service OK
[2025-10-25 15:30:09.164878] 🟢 smartorder-portal-v5.service OK
[2025-10-25 15:30:09.169771] 🟢 smartorder-watchdog.service OK
[2025-10-25 15:30:23.887116] === SAFELOGIC GUARDIAN DIAG INIT ===
[2025-10-25 15:30:23.900410] 🟢 smartorder-proxy.service OK
[2025-10-25 15:30:23.906235] 🟢 smartorder-websync-bridge.service OK
[2025-10-25 15:30:23.912337] 🟢 smartorder-portal-v5.service OK
[2025-10-25 15:30:23.916850] 🟢 smartorder-watchdog.service OK
[2025-10-25 15:30:39.496480] === SAFELOGIC GUARDIAN DIAG INIT ===
[2025-10-25 15:30:39.505013] 🟢 smartorder-proxy.service OK
[2025-10-25 15:30:39.512907] 🟢 smartorder-websync-bridge.service OK
[2025-10-25 15:30:39.515575] 🟢 smartorder-portal-v5.service OK
[2025-10-25 15:30:39.518201] 🟢 smartorder-watchdog.service OK
[2025-10-25 15:30:54.255648] === SAFELOGIC GUARDIAN DIAG INIT ===
[2025-10-25 15:30:54.269214] 🟢 smartorder-proxy.service OK
[2025-10-25 15:30:54.277412] 🟢 smartorder-websync-bridge.service OK
[2025-10-25 15:30:54.280925] 🟢 smartorder-portal-v5.service OK
[2025-10-25 15:30:54.286815] 🟢 smartorder-watchdog.service OK
[2025-10-25 15:31:09.731862] === SAFELOGIC GUARDIAN DIAG INIT ===
[2025-10-25 15:31:09.752731] 🟢 smartorder-proxy.service OK
[2025-10-25 15:31:09.761137] 🟢 smartorder-websync-bridge.service OK
[2025-10-25 15:31:09.776085] 🟢 smartorder-portal-v5.service OK
[2025-10-25 15:31:09.780824] 🟢 smartorder-watchdog.service OK
[2025-10-25 15:31:24.565257] === SAFELOGIC GUARDIAN DIAG INIT ===
[2025-10-25 15:31:24.571426] 🟢 smartorder-proxy.service OK
[2025-10-25 15:31:24.574832] 🟢 smartorder-websync-bridge.service OK
[2025-10-25 15:31:24.589205] 🟢 smartorder-portal-v5.service OK
[2025-10-25 15:31:24.592606] 🟢 smartorder-watchdog.service OK
[2025-10-25 15:31:40.085256] === SAFELOGIC GUARDIAN DIAG INIT ===
[2025-10-25 15:31:40.096534] 🟢 smartorder-proxy.service OK
[2025-10-25 15:31:40.102798] 🟢 smartorder-websync-bridge.service OK
[2025-10-25 15:31:40.117356] 🟢 smartorder-portal-v5.service OK
[2025-10-25 15:31:40.122833] 🟢 smartorder-watchdog.service OK
[2025-10-25 15:31:54.877558] === SAFELOGIC GUARDIAN DIAG INIT ===
[2025-10-25 15:31:54.892885] 🟢 smartorder-proxy.service OK
[2025-10-25 15:31:54.897852] 🟢 smartorder-websync-bridge.service OK
[2025-10-25 15:31:54.904623] 🟢 smartorder-portal-v5.service OK
[2025-10-25 15:31:54.907460] 🟢 smartorder-watchdog.service OK
[2025-10-25 15:32:10.427151] === SAFELOGIC GUARDIAN DIAG INIT ===
[2025-10-25 15:32:10.440928] 🟢 smartorder-proxy.service OK
[2025-10-25 15:32:10.444161] 🟢 smartorder-websync-bridge.service OK
[2025-10-25 15:32:10.452039] 🟢 smartorder-portal-v5.service OK
[2025-10-25 15:32:10.457055] 🟢 smartorder-watchdog.service OK
[2025-10-25 15:32:25.118088] === SAFELOGIC GUARDIAN DIAG INIT ===
[2025-10-25 15:32:25.136571] 🟢 smartorder-proxy.service OK
[2025-10-25 15:32:25.140150] 🟢 smartorder-websync-bridge.service OK
[2025-10-25 15:32:25.152518] 🟢 smartorder-portal-v5.service OK
[2025-10-25 15:32:25.156500] 🟢 smartorder-watchdog.service OK
[2025-10-25 15:32:40.714766] === SAFELOGIC GUARDIAN DIAG INIT ===
[2025-10-25 15:32:40.728435] 🟢 smartorder-proxy.service OK
[2025-10-25 15:32:40.736415] 🟢 smartorder-websync-bridge.service OK
[2025-10-25 15:32:40.742945] 🟢 smartorder-portal-v5.service OK
[2025-10-25 15:32:40.748424] 🟢 smartorder-watchdog.service OK
[2025-10-25 15:32:55.403613] === SAFELOGIC GUARDIAN DIAG INIT ===
[2025-10-25 15:32:55.420777] 🟢 smartorder-proxy.service OK
[2025-10-25 15:32:55.423830] 🟢 smartorder-websync-bridge.service OK
[2025-10-25 15:32:55.428372] 🟢 smartorder-portal-v5.service OK
[2025-10-25 15:32:55.430785] 🟢 smartorder-watchdog.service OK
[2025-10-25 15:33:11.054512] === SAFELOGIC GUARDIAN DIAG INIT ===
[2025-10-25 15:33:11.075445] 🟢 smartorder-proxy.service OK
[2025-10-25 15:33:11.078781] 🟢 smartorder-websync-bridge.service OK
[2025-10-25 15:33:11.081805] 🟢 smartorder-portal-v5.service OK
[2025-10-25 15:33:11.084880] 🟢 smartorder-watchdog.service OK
[2025-10-25 15:33:25.662018] === SAFELOGIC GUARDIAN DIAG INIT ===
[2025-10-25 15:33:25.670534] 🟢 smartorder-proxy.service OK
[2025-10-25 15:33:25.673359] 🟢 smartorder-websync-bridge.service OK
[2025-10-25 15:33:25.676539] 🟢 smartorder-portal-v5.service OK
[2025-10-25 15:33:25.685264] 🟢 smartorder-watchdog.service OK
[2025-10-25 15:33:41.367753] === SAFELOGIC GUARDIAN DIAG INIT ===
[2025-10-25 15:33:41.380994] 🟢 smartorder-proxy.service OK
[2025-10-25 15:33:41.389071] 🟢 smartorder-websync-bridge.service OK
[2025-10-25 15:33:41.391745] 🟢 smartorder-portal-v5.service OK
[2025-10-25 15:33:41.394384] 🟢 smartorder-watchdog.service OK
[2025-10-25 15:33:55.946574] === SAFELOGIC GUARDIAN DIAG INIT ===
[2025-10-25 15:33:55.951899] 🟢 smartorder-proxy.service OK
[2025-10-25 15:33:55.962971] ⚠️ smartorder-websync-bridge.service inactif — redémarrage...
[2025-10-25 15:33:58.987798] ✅ smartorder-websync-bridge.service restauré avec succès.
[2025-10-25 15:33:58.991660] 🟢 smartorder-portal-v5.service OK
[2025-10-25 15:33:58.995220] 🟢 smartorder-watchdog.service OK
[2025-10-25 15:34:11.732398] === SAFELOGIC GUARDIAN DIAG INIT ===
[2025-10-25 15:34:11.745235] 🟢 smartorder-proxy.service OK
[2025-10-25 15:34:11.750171] 🟢 smartorder-websync-bridge.service OK
[2025-10-25 15:34:11.754933] 🟢 smartorder-portal-v5.service OK
[2025-10-25 15:34:11.764114] 🟢 smartorder-watchdog.service OK
[2025-10-25 15:34:26.198102] === SAFELOGIC GUARDIAN DIAG INIT ===
[2025-10-25 15:34:26.219216] 🟢 smartorder-proxy.service OK
[2025-10-25 15:34:26.228868] 🟢 smartorder-websync-bridge.service OK
[2025-10-25 15:34:26.232458] 🟢 smartorder-portal-v5.service OK
[2025-10-25 15:34:26.235687] 🟢 smartorder-watchdog.service OK
[2025-10-25 15:34:42.055367] === SAFELOGIC GUARDIAN DIAG INIT ===
[2025-10-25 15:34:42.064260] 🟢 smartorder-proxy.service OK
[2025-10-25 15:34:42.068969] 🟢 smartorder-websync-bridge.service OK
[2025-10-25 15:34:42.077551] 🟢 smartorder-portal-v5.service OK
[2025-10-25 15:34:42.080529] 🟢 smartorder-watchdog.service OK
[2025-10-25 15:34:56.507935] === SAFELOGIC GUARDIAN DIAG INIT ===
[2025-10-25 15:34:56.528437] 🟢 smartorder-proxy.service OK
[2025-10-25 15:34:56.536364] 🟢 smartorder-websync-bridge.service OK
[2025-10-25 15:34:56.539164] 🟢 smartorder-portal-v5.service OK
[2025-10-25 15:34:56.541940] 🟢 smartorder-watchdog.service OK
[2025-10-25 15:35:12.390667] === SAFELOGIC GUARDIAN DIAG INIT ===
[2025-10-25 15:35:12.398588] 🟢 smartorder-proxy.service OK
[2025-10-25 15:35:12.403911] 🟢 smartorder-websync-bridge.service OK
[2025-10-25 15:35:12.419474] 🟢 smartorder-portal-v5.service OK
[2025-10-25 15:35:12.422439] 🟢 smartorder-watchdog.service OK
[2025-10-25 15:35:26.812599] === SAFELOGIC GUARDIAN DIAG INIT ===
[2025-10-25 15:35:26.821491] 🟢 smartorder-proxy.service OK
[2025-10-25 15:35:26.833332] 🟢 smartorder-websync-bridge.service OK
[2025-10-25 15:35:26.836843] 🟢 smartorder-portal-v5.service OK
[2025-10-25 15:35:26.839712] 🟢 smartorder-watchdog.service OK
[2025-10-25 15:35:42.758219] === SAFELOGIC GUARDIAN DIAG INIT ===
[2025-10-25 15:35:42.776374] 🟢 smartorder-proxy.service OK
[2025-10-25 15:35:42.779088] 🟢 smartorder-websync-bridge.service OK
[2025-10-25 15:35:42.784413] 🟢 smartorder-portal-v5.service OK
[2025-10-25 15:35:42.788388] 🟢 smartorder-watchdog.service OK
[2025-10-25 15:35:57.079305] === SAFELOGIC GUARDIAN DIAG INIT ===
[2025-10-25 15:35:57.086039] 🟢 smartorder-proxy.service OK
[2025-10-25 15:35:57.092594] 🟢 smartorder-websync-bridge.service OK
[2025-10-25 15:35:57.095151] 🟢 smartorder-portal-v5.service OK
[2025-10-25 15:35:57.097622] 🟢 smartorder-watchdog.service OK
[2025-10-25 15:36:13.112928] === SAFELOGIC GUARDIAN DIAG INIT ===
[2025-10-25 15:36:13.122490] 🟢 smartorder-proxy.service OK
[2025-10-25 15:36:13.125885] 🟢 smartorder-websync-bridge.service OK
[2025-10-25 15:36:13.132090] 🟢 smartorder-portal-v5.service OK
[2025-10-25 15:36:13.139033] 🟢 smartorder-watchdog.service OK
[2025-10-25 15:36:27.364336] === SAFELOGIC GUARDIAN DIAG INIT ===
[2025-10-25 15:36:27.379549] 🟢 smartorder-proxy.service OK
[2025-10-25 15:36:27.390494] 🟢 smartorder-websync-bridge.service OK
[2025-10-25 15:36:27.395193] 🟢 smartorder-portal-v5.service OK
[2025-10-25 15:36:27.399439] 🟢 smartorder-watchdog.service OK
[2025-10-25 15:36:43.444193] === SAFELOGIC GUARDIAN DIAG INIT ===
[2025-10-25 15:36:43.455333] 🟢 smartorder-proxy.service OK
[2025-10-25 15:36:43.458699] ⚠️ smartorder-websync-bridge.service inactif — redémarrage...
[2025-10-25 15:36:46.473241] ✅ smartorder-websync-bridge.service restauré avec succès.
[2025-10-25 15:36:46.476049] 🟢 smartorder-portal-v5.service OK
[2025-10-25 15:36:46.478779] 🟢 smartorder-watchdog.service OK
[2025-10-25 15:36:57.697410] === SAFELOGIC GUARDIAN DIAG INIT ===
[2025-10-25 15:36:57.708686] 🟢 smartorder-proxy.service OK
[2025-10-25 15:36:57.711653] 🟢 smartorder-websync-bridge.service OK
[2025-10-25 15:36:57.714326] 🟢 smartorder-portal-v5.service OK
[2025-10-25 15:36:57.716950] 🟢 smartorder-watchdog.service OK
[2025-10-25 15:37:13.730495] === SAFELOGIC GUARDIAN DIAG INIT ===
[2025-10-25 15:37:13.752982] 🟢 smartorder-proxy.service OK
[2025-10-25 15:37:13.756350] 🟢 smartorder-websync-bridge.service OK
[2025-10-25 15:37:13.764338] 🟢 smartorder-portal-v5.service OK
[2025-10-25 15:37:13.767212] 🟢 smartorder-watchdog.service OK
[2025-10-25 15:37:27.979312] === SAFELOGIC GUARDIAN DIAG INIT ===
[2025-10-25 15:37:27.987794] 🟢 smartorder-proxy.service OK
[2025-10-25 15:37:27.993115] 🟢 smartorder-websync-bridge.service OK
[2025-10-25 15:37:27.998581] 🟢 smartorder-portal-v5.service OK
[2025-10-25 15:37:28.003314] 🟢 smartorder-watchdog.service OK
[2025-10-25 15:37:44.065290] === SAFELOGIC GUARDIAN DIAG INIT ===
[2025-10-25 15:37:44.080626] 🟢 smartorder-proxy.service OK
[2025-10-25 15:37:44.086723] 🟢 smartorder-websync-bridge.service OK
[2025-10-25 15:37:44.094198] 🟢 smartorder-portal-v5.service OK
[2025-10-25 15:37:44.096764] 🟢 smartorder-watchdog.service OK
[2025-10-25 15:37:58.245967] === SAFELOGIC GUARDIAN DIAG INIT ===
[2025-10-25 15:37:58.254166] 🟢 smartorder-proxy.service OK
[2025-10-25 15:37:58.260896] 🟢 smartorder-websync-bridge.service OK
[2025-10-25 15:37:58.264897] 🟢 smartorder-portal-v5.service OK
[2025-10-25 15:37:58.268910] 🟢 smartorder-watchdog.service OK
[2025-10-25 15:38:14.395247] === SAFELOGIC GUARDIAN DIAG INIT ===
[2025-10-25 15:38:14.406490] 🟢 smartorder-proxy.service OK
[2025-10-25 15:38:14.409545] 🟢 smartorder-websync-bridge.service OK
[2025-10-25 15:38:14.412333] 🟢 smartorder-portal-v5.service OK
[2025-10-25 15:38:14.418714] 🟢 smartorder-watchdog.service OK
[2025-10-25 15:38:28.540718] === SAFELOGIC GUARDIAN DIAG INIT ===
[2025-10-25 15:38:28.550866] 🟢 smartorder-proxy.service OK
[2025-10-25 15:38:28.555495] 🟢 smartorder-websync-bridge.service OK
[2025-10-25 15:38:28.559235] 🟢 smartorder-portal-v5.service OK
[2025-10-25 15:38:28.564370] 🟢 smartorder-watchdog.service OK
[2025-10-25 15:38:44.833488] === SAFELOGIC GUARDIAN DIAG INIT ===
[2025-10-25 15:38:44.841327] 🟢 smartorder-proxy.service OK
[2025-10-25 15:38:44.849311] 🟢 smartorder-websync-bridge.service OK
[2025-10-25 15:38:44.853837] 🟢 smartorder-portal-v5.service OK
[2025-10-25 15:38:44.860550] 🟢 smartorder-watchdog.service OK
[2025-10-25 15:38:58.858108] === SAFELOGIC GUARDIAN DIAG INIT ===
[2025-10-25 15:38:58.874065] 🟢 smartorder-proxy.service OK
[2025-10-25 15:38:58.882274] 🟢 smartorder-websync-bridge.service OK
[2025-10-25 15:38:58.895245] 🟢 smartorder-portal-v5.service OK
[2025-10-25 15:38:58.898467] 🟢 smartorder-watchdog.service OK
[2025-10-25 15:39:15.150882] === SAFELOGIC GUARDIAN DIAG INIT ===
[2025-10-25 15:39:15.164211] 🟢 smartorder-proxy.service OK
[2025-10-25 15:39:15.167571] 🟢 smartorder-websync-bridge.service OK
[2025-10-25 15:39:15.173337] 🟢 smartorder-portal-v5.service OK
[2025-10-25 15:39:15.180532] 🟢 smartorder-watchdog.service OK
[2025-10-25 15:39:29.186526] === SAFELOGIC GUARDIAN DIAG INIT ===
[2025-10-25 15:39:29.195054] 🟢 smartorder-proxy.service OK
[2025-10-25 15:39:29.207831] 🟢 smartorder-websync-bridge.service OK
[2025-10-25 15:39:29.217404] 🟢 smartorder-portal-v5.service OK
[2025-10-25 15:39:29.223983] 🟢 smartorder-watchdog.service OK
[2025-10-25 15:39:45.451325] === SAFELOGIC GUARDIAN DIAG INIT ===
[2025-10-25 15:39:45.464279] 🟢 smartorder-proxy.service OK
[2025-10-25 15:39:45.470429] 🟢 smartorder-websync-bridge.service OK
[2025-10-25 15:39:45.482624] 🟢 smartorder-portal-v5.service OK
[2025-10-25 15:39:45.487291] 🟢 smartorder-watchdog.service OK
[2025-10-25 15:39:59.501350] === SAFELOGIC GUARDIAN DIAG INIT ===
[2025-10-25 15:39:59.512485] 🟢 smartorder-proxy.service OK
[2025-10-25 15:39:59.516043] 🟢 smartorder-websync-bridge.service OK
[2025-10-25 15:39:59.521093] 🟢 smartorder-portal-v5.service OK
[2025-10-25 15:39:59.528657] 🟢 smartorder-watchdog.service OK
[2025-10-25 15:40:15.815548] === SAFELOGIC GUARDIAN DIAG INIT ===
[2025-10-25 15:40:15.833384] 🟢 smartorder-proxy.service OK
[2025-10-25 15:40:15.837281] ⚠️ smartorder-websync-bridge.service inactif — redémarrage...
[2025-10-25 15:40:18.848225] ✅ smartorder-websync-bridge.service restauré avec succès.
[2025-10-25 15:40:18.851346] 🟢 smartorder-portal-v5.service OK
[2025-10-25 15:40:18.854101] 🟢 smartorder-watchdog.service OK
[2025-10-25 15:40:29.851256] === SAFELOGIC GUARDIAN DIAG INIT ===
[2025-10-25 15:40:29.868509] 🟢 smartorder-proxy.service OK
[2025-10-25 15:40:29.872391] 🟢 smartorder-websync-bridge.service OK
[2025-10-25 15:40:29.879819] 🟢 smartorder-portal-v5.service OK
[2025-10-25 15:40:29.882853] 🟢 smartorder-watchdog.service OK
[2025-10-25 15:40:46.107643] === SAFELOGIC GUARDIAN DIAG INIT ===
[2025-10-25 15:40:46.115827] 🟢 smartorder-proxy.service OK
[2025-10-25 15:40:46.121221] 🟢 smartorder-websync-bridge.service OK
[2025-10-25 15:40:46.126239] 🟢 smartorder-portal-v5.service OK
[2025-10-25 15:40:46.130692] 🟢 smartorder-watchdog.service OK
[2025-10-25 15:41:00.210835] === SAFELOGIC GUARDIAN DIAG INIT ===
[2025-10-25 15:41:00.222150] 🟢 smartorder-proxy.service OK
[2025-10-25 15:41:00.226139] 🟢 smartorder-websync-bridge.service OK
[2025-10-25 15:41:00.237379] 🟢 smartorder-portal-v5.service OK
[2025-10-25 15:41:00.244144] 🟢 smartorder-watchdog.service OK
[2025-10-25 15:41:16.486126] === SAFELOGIC GUARDIAN DIAG INIT ===
[2025-10-25 15:41:16.508797] 🟢 smartorder-proxy.service OK
[2025-10-25 15:41:16.511347] 🟢 smartorder-websync-bridge.service OK
[2025-10-25 15:41:16.516589] 🟢 smartorder-portal-v5.service OK
[2025-10-25 15:41:16.524197] 🟢 smartorder-watchdog.service OK
[2025-10-25 15:41:30.531424] === SAFELOGIC GUARDIAN DIAG INIT ===
[2025-10-25 15:41:30.538027] 🟢 smartorder-proxy.service OK
[2025-10-25 15:41:30.540704] 🟢 smartorder-websync-bridge.service OK
[2025-10-25 15:41:30.544866] 🟢 smartorder-portal-v5.service OK
[2025-10-25 15:41:30.552812] 🟢 smartorder-watchdog.service OK
[2025-10-25 15:41:46.773990] === SAFELOGIC GUARDIAN DIAG INIT ===
[2025-10-25 15:41:46.784370] 🟢 smartorder-proxy.service OK
[2025-10-25 15:41:46.790443] 🟢 smartorder-websync-bridge.service OK
[2025-10-25 15:41:46.798993] 🟢 smartorder-portal-v5.service OK
[2025-10-25 15:41:46.808884] 🟢 smartorder-watchdog.service OK
[2025-10-25 15:42:00.810324] === SAFELOGIC GUARDIAN DIAG INIT ===
[2025-10-25 15:42:00.826671] 🟢 smartorder-proxy.service OK
[2025-10-25 15:42:00.832970] 🟢 smartorder-websync-bridge.service OK
[2025-10-25 15:42:00.838761] 🟢 smartorder-portal-v5.service OK
[2025-10-25 15:42:00.843326] 🟢 smartorder-watchdog.service OK
[2025-10-25 15:42:17.072045] === SAFELOGIC GUARDIAN DIAG INIT ===
[2025-10-25 15:42:17.089440] 🟢 smartorder-proxy.service OK
[2025-10-25 15:42:17.093606] 🟢 smartorder-websync-bridge.service OK
[2025-10-25 15:42:17.105009] 🟢 smartorder-portal-v5.service OK
[2025-10-25 15:42:17.108379] 🟢 smartorder-watchdog.service OK
[2025-10-25 15:42:31.121842] === SAFELOGIC GUARDIAN DIAG INIT ===
[2025-10-25 15:42:31.128358] 🟢 smartorder-proxy.service OK
[2025-10-25 15:42:31.135029] 🟢 smartorder-websync-bridge.service OK
[2025-10-25 15:42:31.144971] 🟢 smartorder-portal-v5.service OK
[2025-10-25 15:42:31.147747] 🟢 smartorder-watchdog.service OK
[2025-10-25 15:42:47.409458] === SAFELOGIC GUARDIAN DIAG INIT ===
[2025-10-25 15:42:47.419314] 🟢 smartorder-proxy.service OK
[2025-10-25 15:42:47.424122] 🟢 smartorder-websync-bridge.service OK
[2025-10-25 15:42:47.432534] 🟢 smartorder-portal-v5.service OK
[2025-10-25 15:42:47.439378] 🟢 smartorder-watchdog.service OK
[2025-10-25 15:43:01.379857] === SAFELOGIC GUARDIAN DIAG INIT ===
[2025-10-25 15:43:01.397101] 🟢 smartorder-proxy.service OK
[2025-10-25 15:43:01.411671] 🟢 smartorder-websync-bridge.service OK
[2025-10-25 15:43:01.421836] 🟢 smartorder-portal-v5.service OK
[2025-10-25 15:43:01.435460] 🟢 smartorder-watchdog.service OK
[2025-10-25 15:43:17.657722] === SAFELOGIC GUARDIAN DIAG INIT ===
[2025-10-25 15:43:17.670162] 🟢 smartorder-proxy.service OK
[2025-10-25 15:43:17.677633] 🟢 smartorder-websync-bridge.service OK
[2025-10-25 15:43:17.686583] 🟢 smartorder-portal-v5.service OK
[2025-10-25 15:43:17.694479] 🟢 smartorder-watchdog.service OK
[2025-10-25 15:43:31.742863] === SAFELOGIC GUARDIAN DIAG INIT ===
[2025-10-25 15:43:31.762198] 🟢 smartorder-proxy.service OK
[2025-10-25 15:43:31.769737] 🟢 smartorder-websync-bridge.service OK
[2025-10-25 15:43:31.776777] 🟢 smartorder-portal-v5.service OK
[2025-10-25 15:43:31.786379] 🟢 smartorder-watchdog.service OK
[2025-10-25 15:43:48.026031] === SAFELOGIC GUARDIAN DIAG INIT ===
[2025-10-25 15:43:48.039200] 🟢 smartorder-proxy.service OK
[2025-10-25 15:43:48.043640] 🟢 smartorder-websync-bridge.service OK
[2025-10-25 15:43:48.049665] 🟢 smartorder-portal-v5.service OK
[2025-10-25 15:43:48.058136] 🟢 smartorder-watchdog.service OK
[2025-10-25 15:44:02.036445] === SAFELOGIC GUARDIAN DIAG INIT ===
[2025-10-25 15:44:02.047181] 🟢 smartorder-proxy.service OK
[2025-10-25 15:44:02.052622] 🟢 smartorder-websync-bridge.service OK
[2025-10-25 15:44:02.060565] 🟢 smartorder-portal-v5.service OK
[2025-10-25 15:44:02.069203] 🟢 smartorder-watchdog.service OK
[2025-10-25 15:44:18.394265] === SAFELOGIC GUARDIAN DIAG INIT ===
[2025-10-25 15:44:18.403249] 🟢 smartorder-proxy.service OK
[2025-10-25 15:44:18.413703] 🟢 smartorder-websync-bridge.service OK
[2025-10-25 15:44:18.417571] 🟢 smartorder-portal-v5.service OK
[2025-10-25 15:44:18.422679] 🟢 smartorder-watchdog.service OK
[2025-10-25 15:44:32.287285] === SAFELOGIC GUARDIAN DIAG INIT ===
[2025-10-25 15:44:32.292576] 🟢 smartorder-proxy.service OK
[2025-10-25 15:44:32.305035] 🟢 smartorder-websync-bridge.service OK
[2025-10-25 15:44:32.312849] 🟢 smartorder-portal-v5.service OK
[2025-10-25 15:44:32.316482] 🟢 smartorder-watchdog.service OK
[2025-10-25 15:44:48.647745] === SAFELOGIC GUARDIAN DIAG INIT ===
[2025-10-25 15:44:48.657132] 🟢 smartorder-proxy.service OK
[2025-10-25 15:44:48.666531] 🟢 smartorder-websync-bridge.service OK
[2025-10-25 15:44:48.671833] 🟢 smartorder-portal-v5.service OK
[2025-10-25 15:44:48.681033] 🟢 smartorder-watchdog.service OK
[2025-10-25 15:45:02.575088] === SAFELOGIC GUARDIAN DIAG INIT ===
[2025-10-25 15:45:02.585105] 🟢 smartorder-proxy.service OK
[2025-10-25 15:45:02.588847] 🟢 smartorder-websync-bridge.service OK
[2025-10-25 15:45:02.608129] 🟢 smartorder-portal-v5.service OK
[2025-10-25 15:45:02.611770] 🟢 smartorder-watchdog.service OK
[2025-10-25 15:45:19.020230] === SAFELOGIC GUARDIAN DIAG INIT ===
[2025-10-25 15:45:19.038220] 🟢 smartorder-proxy.service OK
[2025-10-25 15:45:19.042040] 🟢 smartorder-websync-bridge.service OK
[2025-10-25 15:45:19.046053] 🟢 smartorder-portal-v5.service OK
[2025-10-25 15:45:19.056436] 🟢 smartorder-watchdog.service OK
[2025-10-25 15:45:32.866024] === SAFELOGIC GUARDIAN DIAG INIT ===
[2025-10-25 15:45:32.880367] 🟢 smartorder-proxy.service OK
[2025-10-25 15:45:32.884346] 🟢 smartorder-websync-bridge.service OK
[2025-10-25 15:45:32.887106] 🟢 smartorder-portal-v5.service OK
[2025-10-25 15:45:32.892389] 🟢 smartorder-watchdog.service OK
[2025-10-25 15:45:49.334920] === SAFELOGIC GUARDIAN DIAG INIT ===
[2025-10-25 15:45:49.346435] 🟢 smartorder-proxy.service OK
[2025-10-25 15:45:49.350889] 🟢 smartorder-websync-bridge.service OK
[2025-10-25 15:45:49.354320] 🟢 smartorder-portal-v5.service OK
[2025-10-25 15:45:49.358475] 🟢 smartorder-watchdog.service OK
[2025-10-25 15:46:03.234813] === SAFELOGIC GUARDIAN DIAG INIT ===
[2025-10-25 15:46:03.253100] 🟢 smartorder-proxy.service OK
[2025-10-25 15:46:03.260398] 🟢 smartorder-websync-bridge.service OK
[2025-10-25 15:46:03.277550] 🟢 smartorder-portal-v5.service OK
[2025-10-25 15:46:03.281414] 🟢 smartorder-watchdog.service OK
[2025-10-25 15:46:19.664386] === SAFELOGIC GUARDIAN DIAG INIT ===
[2025-10-25 15:46:19.677250] 🟢 smartorder-proxy.service OK
[2025-10-25 15:46:19.681823] 🟢 smartorder-websync-bridge.service OK
[2025-10-25 15:46:19.686434] 🟢 smartorder-portal-v5.service OK
[2025-10-25 15:46:19.690666] 🟢 smartorder-watchdog.service OK
[2025-10-25 15:46:33.494793] === SAFELOGIC GUARDIAN DIAG INIT ===
[2025-10-25 15:46:33.513399] 🟢 smartorder-proxy.service OK
[2025-10-25 15:46:33.516520] 🟢 smartorder-websync-bridge.service OK
[2025-10-25 15:46:33.523018] 🟢 smartorder-portal-v5.service OK
[2025-10-25 15:46:33.528183] 🟢 smartorder-watchdog.service OK
[2025-10-25 15:46:49.965031] === SAFELOGIC GUARDIAN DIAG INIT ===
[2025-10-25 15:46:49.977074] 🟢 smartorder-proxy.service OK
[2025-10-25 15:46:49.980686] 🟢 smartorder-websync-bridge.service OK
[2025-10-25 15:46:49.989239] 🟢 smartorder-portal-v5.service OK
[2025-10-25 15:46:49.995556] 🟢 smartorder-watchdog.service OK
[2025-10-25 15:47:03.847587] === SAFELOGIC GUARDIAN DIAG INIT ===
[2025-10-25 15:47:03.873206] 🟢 smartorder-proxy.service OK
[2025-10-25 15:47:03.877203] 🟢 smartorder-websync-bridge.service OK
[2025-10-25 15:47:03.888750] 🟢 smartorder-portal-v5.service OK
[2025-10-25 15:47:03.905478] 🟢 smartorder-watchdog.service OK
[2025-10-25 15:47:20.244140] === SAFELOGIC GUARDIAN DIAG INIT ===
[2025-10-25 15:47:20.248895] 🟢 smartorder-proxy.service OK
[2025-10-25 15:47:20.260861] 🟢 smartorder-websync-bridge.service OK
[2025-10-25 15:47:20.276550] 🟢 smartorder-portal-v5.service OK
[2025-10-25 15:47:20.279769] 🟢 smartorder-watchdog.service OK
[2025-10-25 15:47:34.186211] === SAFELOGIC GUARDIAN DIAG INIT ===
[2025-10-25 15:47:34.208534] 🟢 smartorder-proxy.service OK
[2025-10-25 15:47:34.216446] 🟢 smartorder-websync-bridge.service OK
[2025-10-25 15:47:34.220470] 🟢 smartorder-portal-v5.service OK
[2025-10-25 15:47:34.224374] 🟢 smartorder-watchdog.service OK
[2025-10-25 15:47:50.570038] === SAFELOGIC GUARDIAN DIAG INIT ===
[2025-10-25 15:47:50.580987] 🟢 smartorder-proxy.service OK
[2025-10-25 15:47:50.586819] 🟢 smartorder-websync-bridge.service OK
[2025-10-25 15:47:50.591765] 🟢 smartorder-portal-v5.service OK
[2025-10-25 15:47:50.605155] 🟢 smartorder-watchdog.service OK
[2025-10-25 15:48:04.521508] === SAFELOGIC GUARDIAN DIAG INIT ===
[2025-10-25 15:48:04.536002] 🟢 smartorder-proxy.service OK
[2025-10-25 15:48:04.543246] 🟢 smartorder-websync-bridge.service OK
[2025-10-25 15:48:04.548575] 🟢 smartorder-portal-v5.service OK
[2025-10-25 15:48:04.556413] 🟢 smartorder-watchdog.service OK
[2025-10-25 15:48:20.933204] === SAFELOGIC GUARDIAN DIAG INIT ===
[2025-10-25 15:48:20.953415] 🟢 smartorder-proxy.service OK
[2025-10-25 15:48:20.965151] 🟢 smartorder-websync-bridge.service OK
[2025-10-25 15:48:20.970232] 🟢 smartorder-portal-v5.service OK
[2025-10-25 15:48:20.991029] 🟢 smartorder-watchdog.service OK
[2025-10-25 15:48:34.820095] === SAFELOGIC GUARDIAN DIAG INIT ===
[2025-10-25 15:48:34.828954] 🟢 smartorder-proxy.service OK
[2025-10-25 15:48:34.833342] 🟢 smartorder-websync-bridge.service OK
[2025-10-25 15:48:34.838049] 🟢 smartorder-portal-v5.service OK
[2025-10-25 15:48:34.842573] 🟢 smartorder-watchdog.service OK
[2025-10-25 15:48:51.291719] === SAFELOGIC GUARDIAN DIAG INIT ===
[2025-10-25 15:48:51.321670] 🟢 smartorder-proxy.service OK
[2025-10-25 15:48:51.328801] 🟢 smartorder-websync-bridge.service OK
[2025-10-25 15:48:51.334576] 🟢 smartorder-portal-v5.service OK
[2025-10-25 15:48:51.342159] 🟢 smartorder-watchdog.service OK
[2025-10-25 15:49:05.157165] === SAFELOGIC GUARDIAN DIAG INIT ===
[2025-10-25 15:49:05.164838] 🟢 smartorder-proxy.service OK
[2025-10-25 15:49:05.167681] 🟢 smartorder-websync-bridge.service OK
[2025-10-25 15:49:05.170144] 🟢 smartorder-portal-v5.service OK
[2025-10-25 15:49:05.172507] 🟢 smartorder-watchdog.service OK
[2025-10-25 15:49:21.660019] === SAFELOGIC GUARDIAN DIAG INIT ===
[2025-10-25 15:49:21.678125] 🟢 smartorder-proxy.service OK
[2025-10-25 15:49:21.682832] 🟢 smartorder-websync-bridge.service OK
[2025-10-25 15:49:21.695142] 🟢 smartorder-portal-v5.service OK
[2025-10-25 15:49:21.701487] 🟢 smartorder-watchdog.service OK
[2025-10-25 15:49:35.466805] === SAFELOGIC GUARDIAN DIAG INIT ===
[2025-10-25 15:49:35.474349] 🟢 smartorder-proxy.service OK
[2025-10-25 15:49:35.480869] 🟢 smartorder-websync-bridge.service OK
[2025-10-25 15:49:35.483745] 🟢 smartorder-portal-v5.service OK
[2025-10-25 15:49:35.488763] 🟢 smartorder-watchdog.service OK
[2025-10-25 15:49:52.001625] === SAFELOGIC GUARDIAN DIAG INIT ===
[2025-10-25 15:49:52.020416] 🟢 smartorder-proxy.service OK
[2025-10-25 15:49:52.028728] 🟢 smartorder-websync-bridge.service OK
[2025-10-25 15:49:52.033116] 🟢 smartorder-portal-v5.service OK
[2025-10-25 15:49:52.041949] 🟢 smartorder-watchdog.service OK
[2025-10-25 15:50:05.779935] === SAFELOGIC GUARDIAN DIAG INIT ===
[2025-10-25 15:50:05.789923] 🟢 smartorder-proxy.service OK
[2025-10-25 15:50:05.793108] 🟢 smartorder-websync-bridge.service OK
[2025-10-25 15:50:05.799543] 🟢 smartorder-portal-v5.service OK
[2025-10-25 15:50:05.806943] 🟢 smartorder-watchdog.service OK
[2025-10-25 15:50:22.338476] === SAFELOGIC GUARDIAN DIAG INIT ===
[2025-10-25 15:50:22.347571] 🟢 smartorder-proxy.service OK
[2025-10-25 15:50:22.352643] 🟢 smartorder-websync-bridge.service OK
[2025-10-25 15:50:22.369443] 🟢 smartorder-portal-v5.service OK
[2025-10-25 15:50:22.372755] 🟢 smartorder-watchdog.service OK
[2025-10-25 15:50:36.060652] === SAFELOGIC GUARDIAN DIAG INIT ===
[2025-10-25 15:50:36.070315] 🟢 smartorder-proxy.service OK
[2025-10-25 15:50:36.076395] 🟢 smartorder-websync-bridge.service OK
[2025-10-25 15:50:36.080322] 🟢 smartorder-portal-v5.service OK
[2025-10-25 15:50:36.083571] 🟢 smartorder-watchdog.service OK
[2025-10-25 15:50:52.667364] === SAFELOGIC GUARDIAN DIAG INIT ===
[2025-10-25 15:50:52.676156] 🟢 smartorder-proxy.service OK
[2025-10-25 15:50:52.684721] 🟢 smartorder-websync-bridge.service OK
[2025-10-25 15:50:52.688145] 🟢 smartorder-portal-v5.service OK
[2025-10-25 15:50:52.694067] 🟢 smartorder-watchdog.service OK
[2025-10-25 15:51:06.369214] === SAFELOGIC GUARDIAN DIAG INIT ===
[2025-10-25 15:51:06.376056] 🟢 smartorder-proxy.service OK
[2025-10-25 15:51:06.384901] 🟢 smartorder-websync-bridge.service OK
[2025-10-25 15:51:06.392469] 🟢 smartorder-portal-v5.service OK
[2025-10-25 15:51:06.400522] 🟢 smartorder-watchdog.service OK
[2025-10-25 15:51:23.031442] === SAFELOGIC GUARDIAN DIAG INIT ===
[2025-10-25 15:51:23.044692] 🟢 smartorder-proxy.service OK
[2025-10-25 15:51:23.049791] 🟢 smartorder-websync-bridge.service OK
[2025-10-25 15:51:23.060480] 🟢 smartorder-portal-v5.service OK
[2025-10-25 15:51:23.064937] 🟢 smartorder-watchdog.service OK
[2025-10-25 15:51:36.721686] === SAFELOGIC GUARDIAN DIAG INIT ===
[2025-10-25 15:51:36.728187] 🟢 smartorder-proxy.service OK
[2025-10-25 15:51:36.731662] 🟢 smartorder-websync-bridge.service OK
[2025-10-25 15:51:36.748261] 🟢 smartorder-portal-v5.service OK
[2025-10-25 15:51:36.751292] 🟢 smartorder-watchdog.service OK
[2025-10-25 15:51:53.368899] === SAFELOGIC GUARDIAN DIAG INIT ===
[2025-10-25 15:51:53.376449] 🟢 smartorder-proxy.service OK
[2025-10-25 15:51:53.383305] 🟢 smartorder-websync-bridge.service OK
[2025-10-25 15:51:53.388454] 🟢 smartorder-portal-v5.service OK
[2025-10-25 15:51:53.392549] 🟢 smartorder-watchdog.service OK
[2025-10-25 15:52:07.037966] === SAFELOGIC GUARDIAN DIAG INIT ===
[2025-10-25 15:52:07.056749] 🟢 smartorder-proxy.service OK
[2025-10-25 15:52:07.064382] 🟢 smartorder-websync-bridge.service OK
[2025-10-25 15:52:07.070048] 🟢 smartorder-portal-v5.service OK
[2025-10-25 15:52:07.072943] 🟢 smartorder-watchdog.service OK
[2025-10-25 15:52:23.701555] === SAFELOGIC GUARDIAN DIAG INIT ===
[2025-10-25 15:52:23.712225] 🟢 smartorder-proxy.service OK
[2025-10-25 15:52:23.715337] 🟢 smartorder-websync-bridge.service OK
[2025-10-25 15:52:23.718308] 🟢 smartorder-portal-v5.service OK
[2025-10-25 15:52:23.724936] 🟢 smartorder-watchdog.service OK
[2025-10-25 15:52:37.347090] === SAFELOGIC GUARDIAN DIAG INIT ===
[2025-10-25 15:52:37.359995] 🟢 smartorder-proxy.service OK
[2025-10-25 15:52:37.363370] 🟢 smartorder-websync-bridge.service OK
[2025-10-25 15:52:37.371261] 🟢 smartorder-portal-v5.service OK
[2025-10-25 15:52:37.376436] 🟢 smartorder-watchdog.service OK
[2025-10-25 15:52:54.021422] === SAFELOGIC GUARDIAN DIAG INIT ===
[2025-10-25 15:52:54.039432] 🟢 smartorder-proxy.service OK
[2025-10-25 15:52:54.048446] 🟢 smartorder-websync-bridge.service OK
[2025-10-25 15:52:54.051631] 🟢 smartorder-portal-v5.service OK
[2025-10-25 15:52:54.055789] 🟢 smartorder-watchdog.service OK
[2025-10-25 15:53:07.654924] === SAFELOGIC GUARDIAN DIAG INIT ===
[2025-10-25 15:53:07.670878] 🟢 smartorder-proxy.service OK
[2025-10-25 15:53:07.682060] 🟢 smartorder-websync-bridge.service OK
[2025-10-25 15:53:07.686740] 🟢 smartorder-portal-v5.service OK
[2025-10-25 15:53:07.692394] 🟢 smartorder-watchdog.service OK
[2025-10-25 15:53:24.315764] === SAFELOGIC GUARDIAN DIAG INIT ===
[2025-10-25 15:53:24.326911] 🟢 smartorder-proxy.service OK
[2025-10-25 15:53:24.331395] 🟢 smartorder-websync-bridge.service OK
[2025-10-25 15:53:24.338868] 🟢 smartorder-portal-v5.service OK
[2025-10-25 15:53:24.344798] 🟢 smartorder-watchdog.service OK
[2025-10-25 15:53:38.019920] === SAFELOGIC GUARDIAN DIAG INIT ===
[2025-10-25 15:53:38.030262] 🟢 smartorder-proxy.service OK
[2025-10-25 15:53:38.040749] 🟢 smartorder-websync-bridge.service OK
[2025-10-25 15:53:38.048572] 🟢 smartorder-portal-v5.service OK
[2025-10-25 15:53:38.055893] 🟢 smartorder-watchdog.service OK
[2025-10-25 15:53:54.625010] === SAFELOGIC GUARDIAN DIAG INIT ===
[2025-10-25 15:53:54.639227] 🟢 smartorder-proxy.service OK
[2025-10-25 15:53:54.644151] 🟢 smartorder-websync-bridge.service OK
[2025-10-25 15:53:54.653982] 🟢 smartorder-portal-v5.service OK
[2025-10-25 15:53:54.658681] 🟢 smartorder-watchdog.service OK
[2025-10-25 15:54:08.387279] === SAFELOGIC GUARDIAN DIAG INIT ===
[2025-10-25 15:54:08.397887] 🟢 smartorder-proxy.service OK
[2025-10-25 15:54:08.406549] 🟢 smartorder-websync-bridge.service OK
[2025-10-25 15:54:08.412438] 🟢 smartorder-portal-v5.service OK
[2025-10-25 15:54:08.415390] 🟢 smartorder-watchdog.service OK
[2025-10-25 15:54:24.993953] === SAFELOGIC GUARDIAN DIAG INIT ===
[2025-10-25 15:54:25.011601] 🟢 smartorder-proxy.service OK
[2025-10-25 15:54:25.020187] 🟢 smartorder-websync-bridge.service OK
[2025-10-25 15:54:25.028700] 🟢 smartorder-portal-v5.service OK
[2025-10-25 15:54:25.036685] 🟢 smartorder-watchdog.service OK
[2025-10-25 15:54:38.689651] === SAFELOGIC GUARDIAN DIAG INIT ===
[2025-10-25 15:54:38.698991] 🟢 smartorder-proxy.service OK
[2025-10-25 15:54:38.703966] 🟢 smartorder-websync-bridge.service OK
[2025-10-25 15:54:38.711097] 🟢 smartorder-portal-v5.service OK
[2025-10-25 15:54:38.716589] 🟢 smartorder-watchdog.service OK
[2025-10-25 15:54:55.301657] === SAFELOGIC GUARDIAN DIAG INIT ===
[2025-10-25 15:54:55.311307] 🟢 smartorder-proxy.service OK
[2025-10-25 15:54:55.320392] 🟢 smartorder-websync-bridge.service OK
[2025-10-25 15:54:55.325044] 🟢 smartorder-portal-v5.service OK
[2025-10-25 15:54:55.334520] 🟢 smartorder-watchdog.service OK
[2025-10-25 15:55:09.023866] === SAFELOGIC GUARDIAN DIAG INIT ===
[2025-10-25 15:55:09.033479] 🟢 smartorder-proxy.service OK
[2025-10-25 15:55:09.042119] 🟢 smartorder-websync-bridge.service OK
[2025-10-25 15:55:09.049331] 🟢 smartorder-portal-v5.service OK
[2025-10-25 15:55:09.052461] 🟢 smartorder-watchdog.service OK
[2025-10-25 15:55:25.584386] === SAFELOGIC GUARDIAN DIAG INIT ===
[2025-10-25 15:55:25.587671] 🟢 smartorder-proxy.service OK
[2025-10-25 15:55:25.601154] 🟢 smartorder-websync-bridge.service OK
[2025-10-25 15:55:25.604977] 🟢 smartorder-portal-v5.service OK
[2025-10-25 15:55:25.614793] 🟢 smartorder-watchdog.service OK
[2025-10-25 15:55:39.330635] === SAFELOGIC GUARDIAN DIAG INIT ===
[2025-10-25 15:55:39.348535] 🟢 smartorder-proxy.service OK
[2025-10-25 15:55:39.355702] 🟢 smartorder-websync-bridge.service OK
[2025-10-25 15:55:39.362816] 🟢 smartorder-portal-v5.service OK
[2025-10-25 15:55:39.366529] 🟢 smartorder-watchdog.service OK
[2025-10-25 15:55:55.966137] === SAFELOGIC GUARDIAN DIAG INIT ===
[2025-10-25 15:55:55.977396] 🟢 smartorder-proxy.service OK
[2025-10-25 15:55:55.981633] 🟢 smartorder-websync-bridge.service OK
[2025-10-25 15:55:55.990626] 🟢 smartorder-portal-v5.service OK
[2025-10-25 15:55:56.000125] 🟢 smartorder-watchdog.service OK
[2025-10-25 15:56:09.656163] === SAFELOGIC GUARDIAN DIAG INIT ===
[2025-10-25 15:56:09.679794] 🟢 smartorder-proxy.service OK
[2025-10-25 15:56:09.688461] 🟢 smartorder-websync-bridge.service OK
[2025-10-25 15:56:09.691553] 🟢 smartorder-portal-v5.service OK
[2025-10-25 15:56:09.696637] 🟢 smartorder-watchdog.service OK
[2025-10-25 15:56:26.256317] === SAFELOGIC GUARDIAN DIAG INIT ===
[2025-10-25 15:56:26.276512] 🟢 smartorder-proxy.service OK
[2025-10-25 15:56:26.279676] 🟢 smartorder-websync-bridge.service OK
[2025-10-25 15:56:26.283100] 🟢 smartorder-portal-v5.service OK
[2025-10-25 15:56:26.295239] 🟢 smartorder-watchdog.service OK
[2025-10-25 15:56:40.054511] === SAFELOGIC GUARDIAN DIAG INIT ===
[2025-10-25 15:56:40.080615] 🟢 smartorder-proxy.service OK
[2025-10-25 15:56:40.088957] 🟢 smartorder-websync-bridge.service OK
[2025-10-25 15:56:40.095158] 🟢 smartorder-portal-v5.service OK
[2025-10-25 15:56:40.101643] 🟢 smartorder-watchdog.service OK
[2025-10-25 15:56:56.634857] === SAFELOGIC GUARDIAN DIAG INIT ===
[2025-10-25 15:56:56.645128] 🟢 smartorder-proxy.service OK
[2025-10-25 15:56:56.657180] 🟢 smartorder-websync-bridge.service OK
[2025-10-25 15:56:56.670029] 🟢 smartorder-portal-v5.service OK
[2025-10-25 15:56:56.674317] 🟢 smartorder-watchdog.service OK
[2025-10-25 15:57:10.399645] === SAFELOGIC GUARDIAN DIAG INIT ===
[2025-10-25 15:57:10.416813] 🟢 smartorder-proxy.service OK
[2025-10-25 15:57:10.420237] 🟢 smartorder-websync-bridge.service OK
[2025-10-25 15:57:10.423400] 🟢 smartorder-portal-v5.service OK
[2025-10-25 15:57:10.440792] 🟢 smartorder-watchdog.service OK
[2025-10-25 15:57:26.969211] === SAFELOGIC GUARDIAN DIAG INIT ===
[2025-10-25 15:57:26.986222] 🟢 smartorder-proxy.service OK
[2025-10-25 15:57:26.996504] 🟢 smartorder-websync-bridge.service OK
[2025-10-25 15:57:27.002973] 🟢 smartorder-portal-v5.service OK
[2025-10-25 15:57:27.015867] 🟢 smartorder-watchdog.service OK
[2025-10-25 15:57:40.670907] === SAFELOGIC GUARDIAN DIAG INIT ===
[2025-10-25 15:57:40.681022] 🟢 smartorder-proxy.service OK
[2025-10-25 15:57:40.688529] 🟢 smartorder-websync-bridge.service OK
[2025-10-25 15:57:40.691927] 🟢 smartorder-portal-v5.service OK
[2025-10-25 15:57:40.698614] 🟢 smartorder-watchdog.service OK
[2025-10-25 15:57:57.256219] === SAFELOGIC GUARDIAN DIAG INIT ===
[2025-10-25 15:57:57.283537] 🟢 smartorder-proxy.service OK
[2025-10-25 15:57:57.287182] 🟢 smartorder-websync-bridge.service OK
[2025-10-25 15:57:57.296438] 🟢 smartorder-portal-v5.service OK
[2025-10-25 15:57:57.301000] 🟢 smartorder-watchdog.service OK
[2025-10-25 15:58:11.001799] === SAFELOGIC GUARDIAN DIAG INIT ===
[2025-10-25 15:58:11.013241] 🟢 smartorder-proxy.service OK
[2025-10-25 15:58:11.023378] 🟢 smartorder-websync-bridge.service OK
[2025-10-25 15:58:11.038239] 🟢 smartorder-portal-v5.service OK
[2025-10-25 15:58:11.050042] 🟢 smartorder-watchdog.service OK
[2025-10-25 15:58:27.551004] === SAFELOGIC GUARDIAN DIAG INIT ===
[2025-10-25 15:58:27.568557] 🟢 smartorder-proxy.service OK
[2025-10-25 15:58:27.576469] 🟢 smartorder-websync-bridge.service OK
[2025-10-25 15:58:27.580143] 🟢 smartorder-portal-v5.service OK
[2025-10-25 15:58:27.590032] 🟢 smartorder-watchdog.service OK
[2025-10-25 15:58:41.308176] === SAFELOGIC GUARDIAN DIAG INIT ===
[2025-10-25 15:58:41.318469] 🟢 smartorder-proxy.service OK
[2025-10-25 15:58:41.323509] 🟢 smartorder-websync-bridge.service OK
[2025-10-25 15:58:41.330061] 🟢 smartorder-portal-v5.service OK
[2025-10-25 15:58:41.333837] 🟢 smartorder-watchdog.service OK
[2025-10-25 15:58:57.917781] === SAFELOGIC GUARDIAN DIAG INIT ===
[2025-10-25 15:58:57.945559] 🟢 smartorder-proxy.service OK
[2025-10-25 15:58:57.954025] 🟢 smartorder-websync-bridge.service OK
[2025-10-25 15:58:57.961429] 🟢 smartorder-portal-v5.service OK
[2025-10-25 15:58:57.969247] 🟢 smartorder-watchdog.service OK
[2025-10-25 15:59:11.609981] === SAFELOGIC GUARDIAN DIAG INIT ===
[2025-10-25 15:59:11.617922] 🟢 smartorder-proxy.service OK
[2025-10-25 15:59:11.624059] 🟢 smartorder-websync-bridge.service OK
[2025-10-25 15:59:11.633992] 🟢 smartorder-portal-v5.service OK
[2025-10-25 15:59:11.638722] 🟢 smartorder-watchdog.service OK
[2025-10-25 15:59:28.203409] === SAFELOGIC GUARDIAN DIAG INIT ===
[2025-10-25 15:59:28.209375] 🟢 smartorder-proxy.service OK
[2025-10-25 15:59:28.217807] 🟢 smartorder-websync-bridge.service OK
[2025-10-25 15:59:28.231932] 🟢 smartorder-portal-v5.service OK
[2025-10-25 15:59:28.241031] 🟢 smartorder-watchdog.service OK
[2025-10-25 15:59:41.949713] === SAFELOGIC GUARDIAN DIAG INIT ===
[2025-10-25 15:59:41.962395] 🟢 smartorder-proxy.service OK
[2025-10-25 15:59:41.967577] 🟢 smartorder-websync-bridge.service OK
[2025-10-25 15:59:41.973634] 🟢 smartorder-portal-v5.service OK
[2025-10-25 15:59:41.983286] 🟢 smartorder-watchdog.service OK
[2025-10-25 15:59:58.485722] === SAFELOGIC GUARDIAN DIAG INIT ===
[2025-10-25 15:59:58.503410] 🟢 smartorder-proxy.service OK
[2025-10-25 15:59:58.508449] 🟢 smartorder-websync-bridge.service OK
[2025-10-25 15:59:58.511687] 🟢 smartorder-portal-v5.service OK
[2025-10-25 15:59:58.520526] 🟢 smartorder-watchdog.service OK
[2025-10-25 16:00:12.323604] === SAFELOGIC GUARDIAN DIAG INIT ===
[2025-10-25 16:00:12.336041] 🟢 smartorder-proxy.service OK
[2025-10-25 16:00:12.349304] 🟢 smartorder-websync-bridge.service OK
[2025-10-25 16:00:12.354870] 🟢 smartorder-portal-v5.service OK
[2025-10-25 16:00:12.360109] 🟢 smartorder-watchdog.service OK
[2025-10-25 16:00:28.869803] === SAFELOGIC GUARDIAN DIAG INIT ===
[2025-10-25 16:00:28.881328] 🟢 smartorder-proxy.service OK
[2025-10-25 16:00:28.888564] 🟢 smartorder-websync-bridge.service OK
[2025-10-25 16:00:28.896718] 🟢 smartorder-portal-v5.service OK
[2025-10-25 16:00:28.904649] 🟢 smartorder-watchdog.service OK
[2025-10-25 16:00:42.643992] === SAFELOGIC GUARDIAN DIAG INIT ===
[2025-10-25 16:00:42.648427] 🟢 smartorder-proxy.service OK
[2025-10-25 16:00:42.651081] 🟢 smartorder-websync-bridge.service OK
[2025-10-25 16:00:42.659200] 🟢 smartorder-portal-v5.service OK
[2025-10-25 16:00:42.670773] 🟢 smartorder-watchdog.service OK
[2025-10-25 16:00:59.167928] === SAFELOGIC GUARDIAN DIAG INIT ===
[2025-10-25 16:00:59.177086] 🟢 smartorder-proxy.service OK
[2025-10-25 16:00:59.182151] 🟢 smartorder-websync-bridge.service OK
[2025-10-25 16:00:59.186606] 🟢 smartorder-portal-v5.service OK
[2025-10-25 16:00:59.195225] 🟢 smartorder-watchdog.service OK
[2025-10-25 16:01:12.996714] === SAFELOGIC GUARDIAN DIAG INIT ===
[2025-10-25 16:01:13.001583] 🟢 smartorder-proxy.service OK
[2025-10-25 16:01:13.004926] 🟢 smartorder-websync-bridge.service OK
[2025-10-25 16:01:13.013211] 🟢 smartorder-portal-v5.service OK
[2025-10-25 16:01:13.016479] 🟢 smartorder-watchdog.service OK
[2025-10-25 16:01:29.447517] === SAFELOGIC GUARDIAN DIAG INIT ===
[2025-10-25 16:01:29.456082] 🟢 smartorder-proxy.service OK
[2025-10-25 16:01:29.460911] 🟢 smartorder-websync-bridge.service OK
[2025-10-25 16:01:29.466819] 🟢 smartorder-portal-v5.service OK
[2025-10-25 16:01:29.470881] 🟢 smartorder-watchdog.service OK
[2025-10-25 16:01:43.317085] === SAFELOGIC GUARDIAN DIAG INIT ===
[2025-10-25 16:01:43.336427] 🟢 smartorder-proxy.service OK
[2025-10-25 16:01:43.344427] 🟢 smartorder-websync-bridge.service OK
[2025-10-25 16:01:43.351714] 🟢 smartorder-portal-v5.service OK
[2025-10-25 16:01:43.361393] 🟢 smartorder-watchdog.service OK
[2025-10-25 16:01:59.848392] === SAFELOGIC GUARDIAN DIAG INIT ===
[2025-10-25 16:01:59.869922] 🟢 smartorder-proxy.service OK
[2025-10-25 16:01:59.889323] 🟢 smartorder-websync-bridge.service OK
[2025-10-25 16:01:59.899765] 🟢 smartorder-portal-v5.service OK
[2025-10-25 16:01:59.911764] 🟢 smartorder-watchdog.service OK
[2025-10-25 16:02:13.570572] === SAFELOGIC GUARDIAN DIAG INIT ===
[2025-10-25 16:02:13.576746] 🟢 smartorder-proxy.service OK
[2025-10-25 16:02:13.581292] 🟢 smartorder-websync-bridge.service OK
[2025-10-25 16:02:13.585717] 🟢 smartorder-portal-v5.service OK
[2025-10-25 16:02:13.589486] 🟢 smartorder-watchdog.service OK
[2025-10-25 16:02:30.160561] === SAFELOGIC GUARDIAN DIAG INIT ===
[2025-10-25 16:02:30.168887] 🟢 smartorder-proxy.service OK
[2025-10-25 16:02:30.179357] 🟢 smartorder-websync-bridge.service OK
[2025-10-25 16:02:30.183701] 🟢 smartorder-portal-v5.service OK
[2025-10-25 16:02:30.188070] 🟢 smartorder-watchdog.service OK
[2025-10-25 16:02:43.844131] === SAFELOGIC GUARDIAN DIAG INIT ===
[2025-10-25 16:02:43.857733] 🟢 smartorder-proxy.service OK
[2025-10-25 16:02:43.867382] 🟢 smartorder-websync-bridge.service OK
[2025-10-25 16:02:43.872686] 🟢 smartorder-portal-v5.service OK
[2025-10-25 16:02:43.889604] 🟢 smartorder-watchdog.service OK
[2025-10-25 16:03:00.463540] === SAFELOGIC GUARDIAN DIAG INIT ===
[2025-10-25 16:03:00.473311] 🟢 smartorder-proxy.service OK
[2025-10-25 16:03:00.492477] 🟢 smartorder-websync-bridge.service OK
[2025-10-25 16:03:00.499273] 🟢 smartorder-portal-v5.service OK
[2025-10-25 16:03:00.517725] 🟢 smartorder-watchdog.service OK
[2025-10-25 16:03:14.244199] === SAFELOGIC GUARDIAN DIAG INIT ===
[2025-10-25 16:03:14.256698] 🟢 smartorder-proxy.service OK
[2025-10-25 16:03:14.271864] 🟢 smartorder-websync-bridge.service OK
[2025-10-25 16:03:14.282583] 🟢 smartorder-portal-v5.service OK
[2025-10-25 16:03:14.295141] 🟢 smartorder-watchdog.service OK
[2025-10-25 16:03:30.790958] === SAFELOGIC GUARDIAN DIAG INIT ===
[2025-10-25 16:03:30.804995] 🟢 smartorder-proxy.service OK
[2025-10-25 16:03:30.809705] 🟢 smartorder-websync-bridge.service OK
[2025-10-25 16:03:30.816926] 🟢 smartorder-portal-v5.service OK
[2025-10-25 16:03:30.825419] 🟢 smartorder-watchdog.service OK
[2025-10-25 16:03:44.576996] === SAFELOGIC GUARDIAN DIAG INIT ===
[2025-10-25 16:03:44.584413] 🟢 smartorder-proxy.service OK
[2025-10-25 16:03:44.590979] 🟢 smartorder-websync-bridge.service OK
[2025-10-25 16:03:44.600527] 🟢 smartorder-portal-v5.service OK
[2025-10-25 16:03:44.616969] 🟢 smartorder-watchdog.service OK
[2025-10-25 16:04:01.167499] === SAFELOGIC GUARDIAN DIAG INIT ===
[2025-10-25 16:04:01.173143] 🟢 smartorder-proxy.service OK
[2025-10-25 16:04:01.178880] 🟢 smartorder-websync-bridge.service OK
[2025-10-25 16:04:01.184124] 🟢 smartorder-portal-v5.service OK
[2025-10-25 16:04:01.189181] 🟢 smartorder-watchdog.service OK
[2025-10-25 16:04:14.853209] === SAFELOGIC GUARDIAN DIAG INIT ===
[2025-10-25 16:04:14.862239] 🟢 smartorder-proxy.service OK
[2025-10-25 16:04:14.865342] 🟢 smartorder-websync-bridge.service OK
[2025-10-25 16:04:14.871681] 🟢 smartorder-portal-v5.service OK
[2025-10-25 16:04:14.875151] 🟢 smartorder-watchdog.service OK
[2025-10-25 16:04:31.447825] === SAFELOGIC GUARDIAN DIAG INIT ===
[2025-10-25 16:04:31.459325] 🟢 smartorder-proxy.service OK
[2025-10-25 16:04:31.462467] 🟢 smartorder-websync-bridge.service OK
[2025-10-25 16:04:31.468462] 🟢 smartorder-portal-v5.service OK
[2025-10-25 16:04:31.472357] 🟢 smartorder-watchdog.service OK
[2025-10-25 16:04:45.112889] === SAFELOGIC GUARDIAN DIAG INIT ===
[2025-10-25 16:04:45.127737] 🟢 smartorder-proxy.service OK
[2025-10-25 16:04:45.133102] 🟢 smartorder-websync-bridge.service OK
[2025-10-25 16:04:45.136629] 🟢 smartorder-portal-v5.service OK
[2025-10-25 16:04:45.140394] 🟢 smartorder-watchdog.service OK
[2025-10-25 16:05:01.724351] === SAFELOGIC GUARDIAN DIAG INIT ===
[2025-10-25 16:05:01.740893] 🟢 smartorder-proxy.service OK
[2025-10-25 16:05:01.759610] 🟢 smartorder-websync-bridge.service OK
[2025-10-25 16:05:01.763292] 🟢 smartorder-portal-v5.service OK
[2025-10-25 16:05:01.766707] 🟢 smartorder-watchdog.service OK
[2025-10-25 16:05:15.579632] === SAFELOGIC GUARDIAN DIAG INIT ===
[2025-10-25 16:05:15.614651] 🟢 smartorder-proxy.service OK
[2025-10-25 16:05:15.635989] 🟢 smartorder-websync-bridge.service OK
[2025-10-25 16:05:15.656911] 🟢 smartorder-portal-v5.service OK
[2025-10-25 16:05:15.670680] 🟢 smartorder-watchdog.service OK
[2025-10-25 16:05:32.036057] === SAFELOGIC GUARDIAN DIAG INIT ===
[2025-10-25 16:05:32.056812] 🟢 smartorder-proxy.service OK
[2025-10-25 16:05:32.063789] 🟢 smartorder-websync-bridge.service OK
[2025-10-25 16:05:32.074156] 🟢 smartorder-portal-v5.service OK
[2025-10-25 16:05:32.079907] 🟢 smartorder-watchdog.service OK
[2025-10-25 16:05:45.905966] === SAFELOGIC GUARDIAN DIAG INIT ===
[2025-10-25 16:05:45.916517] 🟢 smartorder-proxy.service OK
[2025-10-25 16:05:45.925938] 🟢 smartorder-websync-bridge.service OK
[2025-10-25 16:05:45.928941] 🟢 smartorder-portal-v5.service OK
[2025-10-25 16:05:45.938903] 🟢 smartorder-watchdog.service OK
[2025-10-25 16:06:02.398781] === SAFELOGIC GUARDIAN DIAG INIT ===
[2025-10-25 16:06:02.409343] 🟢 smartorder-proxy.service OK
[2025-10-25 16:06:02.413282] 🟢 smartorder-websync-bridge.service OK
[2025-10-25 16:06:02.422390] 🟢 smartorder-portal-v5.service OK
[2025-10-25 16:06:02.428874] 🟢 smartorder-watchdog.service OK
[2025-10-25 16:06:16.257611] === SAFELOGIC GUARDIAN DIAG INIT ===
[2025-10-25 16:06:16.269541] 🟢 smartorder-proxy.service OK
[2025-10-25 16:06:16.273216] 🟢 smartorder-websync-bridge.service OK
[2025-10-25 16:06:16.277416] 🟢 smartorder-portal-v5.service OK
[2025-10-25 16:06:16.281023] 🟢 smartorder-watchdog.service OK
[2025-10-25 16:06:32.684846] === SAFELOGIC GUARDIAN DIAG INIT ===
[2025-10-25 16:06:32.692778] 🟢 smartorder-proxy.service OK
[2025-10-25 16:06:32.695649] 🟢 smartorder-websync-bridge.service OK
[2025-10-25 16:06:32.700894] 🟢 smartorder-portal-v5.service OK
[2025-10-25 16:06:32.703507] 🟢 smartorder-watchdog.service OK
[2025-10-25 16:06:46.603051] === SAFELOGIC GUARDIAN DIAG INIT ===
[2025-10-25 16:06:46.623291] 🟢 smartorder-proxy.service OK
[2025-10-25 16:06:46.626020] 🟢 smartorder-websync-bridge.service OK
[2025-10-25 16:06:46.637306] 🟢 smartorder-portal-v5.service OK
[2025-10-25 16:06:46.640585] 🟢 smartorder-watchdog.service OK
[2025-10-25 16:07:03.016019] === SAFELOGIC GUARDIAN DIAG INIT ===
[2025-10-25 16:07:03.028414] 🟢 smartorder-proxy.service OK
[2025-10-25 16:07:03.056131] 🟢 smartorder-websync-bridge.service OK
[2025-10-25 16:07:03.059460] 🟢 smartorder-portal-v5.service OK
[2025-10-25 16:07:03.062118] 🟢 smartorder-watchdog.service OK
[2025-10-25 16:07:16.906439] === SAFELOGIC GUARDIAN DIAG INIT ===
[2025-10-25 16:07:16.919849] 🟢 smartorder-proxy.service OK
[2025-10-25 16:07:16.925282] 🟢 smartorder-websync-bridge.service OK
[2025-10-25 16:07:16.934131] 🟢 smartorder-portal-v5.service OK
[2025-10-25 16:07:16.939497] 🟢 smartorder-watchdog.service OK
[2025-10-25 16:07:33.291837] === SAFELOGIC GUARDIAN DIAG INIT ===
[2025-10-25 16:07:33.299404] 🟢 smartorder-proxy.service OK
[2025-10-25 16:07:33.304887] 🟢 smartorder-websync-bridge.service OK
[2025-10-25 16:07:33.310417] 🟢 smartorder-portal-v5.service OK
[2025-10-25 16:07:33.314924] 🟢 smartorder-watchdog.service OK
[2025-10-25 16:07:47.246332] === SAFELOGIC GUARDIAN DIAG INIT ===
[2025-10-25 16:07:47.256030] 🟢 smartorder-proxy.service OK
[2025-10-25 16:07:47.260694] 🟢 smartorder-websync-bridge.service OK
[2025-10-25 16:07:47.263091] 🟢 smartorder-portal-v5.service OK
[2025-10-25 16:07:47.268519] 🟢 smartorder-watchdog.service OK
[2025-10-25 16:08:03.610840] === SAFELOGIC GUARDIAN DIAG INIT ===
[2025-10-25 16:08:03.624640] 🟢 smartorder-proxy.service OK
[2025-10-25 16:08:03.633549] 🟢 smartorder-websync-bridge.service OK
[2025-10-25 16:08:03.646798] 🟢 smartorder-portal-v5.service OK
[2025-10-25 16:08:03.656998] 🟢 smartorder-watchdog.service OK
[2025-10-25 16:08:17.639977] === SAFELOGIC GUARDIAN DIAG INIT ===
[2025-10-25 16:08:17.648324] 🟢 smartorder-proxy.service OK
[2025-10-25 16:08:17.655866] 🟢 smartorder-websync-bridge.service OK
[2025-10-25 16:08:17.662019] 🟢 smartorder-portal-v5.service OK
[2025-10-25 16:08:17.677147] 🟢 smartorder-watchdog.service OK
[2025-10-25 16:08:33.945256] === SAFELOGIC GUARDIAN DIAG INIT ===
[2025-10-25 16:08:33.949153] 🟢 smartorder-proxy.service OK
[2025-10-25 16:08:33.955698] 🟢 smartorder-websync-bridge.service OK
[2025-10-25 16:08:33.970281] 🟢 smartorder-portal-v5.service OK
[2025-10-25 16:08:33.975193] 🟢 smartorder-watchdog.service OK
[2025-10-25 16:08:47.948544] === SAFELOGIC GUARDIAN DIAG INIT ===
[2025-10-25 16:08:47.967173] 🟢 smartorder-proxy.service OK
[2025-10-25 16:08:47.972363] 🟢 smartorder-websync-bridge.service OK
[2025-10-25 16:08:47.975847] 🟢 smartorder-portal-v5.service OK
[2025-10-25 16:08:47.978815] 🟢 smartorder-watchdog.service OK
[2025-10-25 16:09:04.297964] === SAFELOGIC GUARDIAN DIAG INIT ===
[2025-10-25 16:09:04.306986] 🟢 smartorder-proxy.service OK
[2025-10-25 16:09:04.311803] 🟢 smartorder-websync-bridge.service OK
[2025-10-25 16:09:04.315576] 🟢 smartorder-portal-v5.service OK
[2025-10-25 16:09:04.322509] 🟢 smartorder-watchdog.service OK
[2025-10-25 16:09:18.271802] === SAFELOGIC GUARDIAN DIAG INIT ===
[2025-10-25 16:09:18.281679] 🟢 smartorder-proxy.service OK
[2025-10-25 16:09:18.289577] 🟢 smartorder-websync-bridge.service OK
[2025-10-25 16:09:18.310392] 🟢 smartorder-portal-v5.service OK
[2025-10-25 16:09:18.313710] 🟢 smartorder-watchdog.service OK
[2025-10-25 16:09:34.623095] === SAFELOGIC GUARDIAN DIAG INIT ===
[2025-10-25 16:09:34.630889] 🟢 smartorder-proxy.service OK
[2025-10-25 16:09:34.637380] 🟢 smartorder-websync-bridge.service OK
[2025-10-25 16:09:34.645587] 🟢 smartorder-portal-v5.service OK
[2025-10-25 16:09:34.652808] 🟢 smartorder-watchdog.service OK
[2025-10-25 16:09:48.590885] === SAFELOGIC GUARDIAN DIAG INIT ===
[2025-10-25 16:09:48.600241] 🟢 smartorder-proxy.service OK
[2025-10-25 16:09:48.603929] 🟢 smartorder-websync-bridge.service OK
[2025-10-25 16:09:48.611110] 🟢 smartorder-portal-v5.service OK
[2025-10-25 16:09:48.616326] 🟢 smartorder-watchdog.service OK
[2025-10-25 16:10:04.913541] === SAFELOGIC GUARDIAN DIAG INIT ===
[2025-10-25 16:10:04.918052] 🟢 smartorder-proxy.service OK
[2025-10-25 16:10:04.921384] 🟢 smartorder-websync-bridge.service OK
[2025-10-25 16:10:04.924092] 🟢 smartorder-portal-v5.service OK
[2025-10-25 16:10:04.926681] 🟢 smartorder-watchdog.service OK
[2025-10-25 16:10:18.879774] === SAFELOGIC GUARDIAN DIAG INIT ===
[2025-10-25 16:10:18.897135] 🟢 smartorder-proxy.service OK
[2025-10-25 16:10:18.900306] 🟢 smartorder-websync-bridge.service OK
[2025-10-25 16:10:18.904367] 🟢 smartorder-portal-v5.service OK
[2025-10-25 16:10:18.911157] 🟢 smartorder-watchdog.service OK
[2025-10-25 16:10:35.275112] === SAFELOGIC GUARDIAN DIAG INIT ===
[2025-10-25 16:10:35.285581] 🟢 smartorder-proxy.service OK
[2025-10-25 16:10:35.291683] 🟢 smartorder-websync-bridge.service OK
[2025-10-25 16:10:35.312430] 🟢 smartorder-portal-v5.service OK
[2025-10-25 16:10:35.320179] 🟢 smartorder-watchdog.service OK
[2025-10-25 16:10:49.211773] === SAFELOGIC GUARDIAN DIAG INIT ===
[2025-10-25 16:10:49.231942] 🟢 smartorder-proxy.service OK
[2025-10-25 16:10:49.236844] 🟢 smartorder-websync-bridge.service OK
[2025-10-25 16:10:49.242599] 🟢 smartorder-portal-v5.service OK
[2025-10-25 16:10:49.245774] 🟢 smartorder-watchdog.service OK
[2025-10-25 16:11:05.589781] === SAFELOGIC GUARDIAN DIAG INIT ===
[2025-10-25 16:11:05.608568] 🟢 smartorder-proxy.service OK
[2025-10-25 16:11:05.617829] 🟢 smartorder-websync-bridge.service OK
[2025-10-25 16:11:05.621579] 🟢 smartorder-portal-v5.service OK
[2025-10-25 16:11:05.625471] 🟢 smartorder-watchdog.service OK
[2025-10-25 16:11:19.528134] === SAFELOGIC GUARDIAN DIAG INIT ===
[2025-10-25 16:11:19.534058] 🟢 smartorder-proxy.service OK
[2025-10-25 16:11:19.536757] 🟢 smartorder-websync-bridge.service OK
[2025-10-25 16:11:19.545650] 🟢 smartorder-portal-v5.service OK
[2025-10-25 16:11:19.548188] 🟢 smartorder-watchdog.service OK
[2025-10-25 16:11:35.953399] === SAFELOGIC GUARDIAN DIAG INIT ===
[2025-10-25 16:11:35.963066] 🟢 smartorder-proxy.service OK
[2025-10-25 16:11:35.972360] 🟢 smartorder-websync-bridge.service OK
[2025-10-25 16:11:35.976466] 🟢 smartorder-portal-v5.service OK
[2025-10-25 16:11:35.985406] 🟢 smartorder-watchdog.service OK
[2025-10-25 16:12:06.260567] === SAFELOGIC GUARDIAN DIAG INIT ===
[2025-10-25 16:12:06.272894] 🟢 smartorder-proxy.service OK
[2025-10-25 16:12:06.276162] 🟢 smartorder-websync-bridge.service OK
[2025-10-25 16:12:06.278802] 🟢 smartorder-portal-v5.service OK
[2025-10-25 16:12:06.284596] 🟢 smartorder-watchdog.service OK
[2025-10-25 16:12:36.621430] === SAFELOGIC GUARDIAN DIAG INIT ===
[2025-10-25 16:12:36.630146] 🟢 smartorder-proxy.service OK
[2025-10-25 16:12:36.640665] 🟢 smartorder-websync-bridge.service OK
[2025-10-25 16:12:36.646996] 🟢 smartorder-portal-v5.service OK
[2025-10-25 16:12:36.653809] 🟢 smartorder-watchdog.service OK
[2025-10-25 16:13:06.961402] === SAFELOGIC GUARDIAN DIAG INIT ===
[2025-10-25 16:13:06.969089] 🟢 smartorder-proxy.service OK
[2025-10-25 16:13:06.980074] 🟢 smartorder-websync-bridge.service OK
[2025-10-25 16:13:06.984101] 🟢 smartorder-portal-v5.service OK
[2025-10-25 16:13:06.988395] 🟢 smartorder-watchdog.service OK
[2025-10-25 16:13:37.274615] === SAFELOGIC GUARDIAN DIAG INIT ===
[2025-10-25 16:13:37.280887] 🟢 smartorder-proxy.service OK
[2025-10-25 16:13:37.284858] 🟢 smartorder-websync-bridge.service OK
[2025-10-25 16:13:37.292893] 🟢 smartorder-portal-v5.service OK
[2025-10-25 16:13:37.297154] 🟢 smartorder-watchdog.service OK
[2025-10-25 16:14:07.607474] === SAFELOGIC GUARDIAN DIAG INIT ===
[2025-10-25 16:14:07.616550] 🟢 smartorder-proxy.service OK
[2025-10-25 16:14:07.623625] 🟢 smartorder-websync-bridge.service OK
[2025-10-25 16:14:07.633844] 🟢 smartorder-portal-v5.service OK
[2025-10-25 16:14:07.637637] 🟢 smartorder-watchdog.service OK
[2025-10-25 16:14:37.936563] === SAFELOGIC GUARDIAN DIAG INIT ===
[2025-10-25 16:14:37.948286] 🟢 smartorder-proxy.service OK
[2025-10-25 16:14:37.953801] 🟢 smartorder-websync-bridge.service OK
[2025-10-25 16:14:37.962605] 🟢 smartorder-portal-v5.service OK
[2025-10-25 16:14:37.975881] 🟢 smartorder-watchdog.service OK
[2025-10-25 16:15:08.251151] === SAFELOGIC GUARDIAN DIAG INIT ===
[2025-10-25 16:15:08.260407] 🟢 smartorder-proxy.service OK
[2025-10-25 16:15:08.264498] 🟢 smartorder-websync-bridge.service OK
[2025-10-25 16:15:08.267442] 🟢 smartorder-portal-v5.service OK
[2025-10-25 16:15:08.276699] 🟢 smartorder-watchdog.service OK
[2025-10-25 16:15:38.588349] === SAFELOGIC GUARDIAN DIAG INIT ===
[2025-10-25 16:15:38.596848] 🟢 smartorder-proxy.service OK
[2025-10-25 16:15:38.599762] 🟢 smartorder-websync-bridge.service OK
[2025-10-25 16:15:38.603376] 🟢 smartorder-portal-v5.service OK
[2025-10-25 16:15:38.611919] 🟢 smartorder-watchdog.service OK
[2025-10-25 16:16:08.923527] === SAFELOGIC GUARDIAN DIAG INIT ===
[2025-10-25 16:16:08.943934] 🟢 smartorder-proxy.service OK
[2025-10-25 16:16:08.949435] 🟢 smartorder-websync-bridge.service OK
[2025-10-25 16:16:08.952890] 🟢 smartorder-portal-v5.service OK
[2025-10-25 16:16:08.961513] 🟢 smartorder-watchdog.service OK
[2025-10-25 16:16:39.235048] === SAFELOGIC GUARDIAN DIAG INIT ===
[2025-10-25 16:16:39.248772] 🟢 smartorder-proxy.service OK
[2025-10-25 16:16:39.252532] 🟢 smartorder-websync-bridge.service OK
[2025-10-25 16:16:39.255150] 🟢 smartorder-portal-v5.service OK
[2025-10-25 16:16:39.260427] 🟢 smartorder-watchdog.service OK
[2025-10-25 16:17:09.585692] === SAFELOGIC GUARDIAN DIAG INIT ===
[2025-10-25 16:17:09.600123] 🟢 smartorder-proxy.service OK
[2025-10-25 16:17:09.606290] 🟢 smartorder-websync-bridge.service OK
[2025-10-25 16:17:09.615649] 🟢 smartorder-portal-v5.service OK
[2025-10-25 16:17:09.621797] 🟢 smartorder-watchdog.service OK
[2025-10-25 16:17:39.869931] === SAFELOGIC GUARDIAN DIAG INIT ===
[2025-10-25 16:17:39.873303] 🟢 smartorder-proxy.service OK
[2025-10-25 16:17:39.875946] 🟢 smartorder-websync-bridge.service OK
[2025-10-25 16:17:39.880856] 🟢 smartorder-portal-v5.service OK
[2025-10-25 16:17:39.883449] 🟢 smartorder-watchdog.service OK
[2025-10-25 16:18:10.145262] === SAFELOGIC GUARDIAN DIAG INIT ===
[2025-10-25 16:18:10.153099] 🟢 smartorder-proxy.service OK
[2025-10-25 16:18:10.160426] 🟢 smartorder-websync-bridge.service OK
[2025-10-25 16:18:10.168762] 🟢 smartorder-portal-v5.service OK
[2025-10-25 16:18:10.172348] 🟢 smartorder-watchdog.service OK
[2025-10-25 16:18:40.434356] === SAFELOGIC GUARDIAN DIAG INIT ===
[2025-10-25 16:18:40.440540] 🟢 smartorder-proxy.service OK
[2025-10-25 16:18:40.445246] 🟢 smartorder-websync-bridge.service OK
[2025-10-25 16:18:40.450229] 🟢 smartorder-portal-v5.service OK
[2025-10-25 16:18:40.457138] 🟢 smartorder-watchdog.service OK
[2025-10-25 16:19:10.733397] === SAFELOGIC GUARDIAN DIAG INIT ===
[2025-10-25 16:19:10.745120] 🟢 smartorder-proxy.service OK
[2025-10-25 16:19:10.747800] 🟢 smartorder-websync-bridge.service OK
[2025-10-25 16:19:10.750272] 🟢 smartorder-portal-v5.service OK
[2025-10-25 16:19:10.752714] 🟢 smartorder-watchdog.service OK
[2025-10-25 16:19:41.043535] === SAFELOGIC GUARDIAN DIAG INIT ===
[2025-10-25 16:19:41.060409] 🟢 smartorder-proxy.service OK
[2025-10-25 16:19:41.070125] 🟢 smartorder-websync-bridge.service OK
[2025-10-25 16:19:41.082015] 🟢 smartorder-portal-v5.service OK
[2025-10-25 16:19:41.086781] 🟢 smartorder-watchdog.service OK
[2025-10-25 16:20:11.352218] === SAFELOGIC GUARDIAN DIAG INIT ===
[2025-10-25 16:20:11.360945] 🟢 smartorder-proxy.service OK
[2025-10-25 16:20:11.379268] 🟢 smartorder-websync-bridge.service OK
[2025-10-25 16:20:11.382837] 🟢 smartorder-portal-v5.service OK
[2025-10-25 16:20:11.386472] 🟢 smartorder-watchdog.service OK
[2025-10-25 16:20:41.688133] === SAFELOGIC GUARDIAN DIAG INIT ===
[2025-10-25 16:20:41.708022] 🟢 smartorder-proxy.service OK
[2025-10-25 16:20:41.712982] 🟢 smartorder-websync-bridge.service OK
[2025-10-25 16:20:41.721612] 🟢 smartorder-portal-v5.service OK
[2025-10-25 16:20:41.728426] 🟢 smartorder-watchdog.service OK
[2025-10-25 16:21:12.037739] === SAFELOGIC GUARDIAN DIAG INIT ===
[2025-10-25 16:21:12.060613] 🟢 smartorder-proxy.service OK
[2025-10-25 16:21:12.068369] 🟢 smartorder-websync-bridge.service OK
[2025-10-25 16:21:12.074632] 🟢 smartorder-portal-v5.service OK
[2025-10-25 16:21:12.084117] 🟢 smartorder-watchdog.service OK
[2025-10-25 16:21:42.440465] === SAFELOGIC GUARDIAN DIAG INIT ===
[2025-10-25 16:21:42.449035] 🟢 smartorder-proxy.service OK
[2025-10-25 16:21:42.455727] 🟢 smartorder-websync-bridge.service OK
[2025-10-25 16:21:42.477644] 🟢 smartorder-portal-v5.service OK
[2025-10-25 16:21:42.489347] 🟢 smartorder-watchdog.service OK
[2025-10-25 16:22:12.801556] === SAFELOGIC GUARDIAN DIAG INIT ===
[2025-10-25 16:22:12.808430] 🟢 smartorder-proxy.service OK
[2025-10-25 16:22:12.812171] 🟢 smartorder-websync-bridge.service OK
[2025-10-25 16:22:12.830446] 🟢 smartorder-portal-v5.service OK
[2025-10-25 16:22:12.834132] 🟢 smartorder-watchdog.service OK
[2025-10-25 16:22:43.170389] === SAFELOGIC GUARDIAN DIAG INIT ===
[2025-10-25 16:22:43.181449] 🟢 smartorder-proxy.service OK
[2025-10-25 16:22:43.190013] 🟢 smartorder-websync-bridge.service OK
[2025-10-25 16:22:43.205389] 🟢 smartorder-portal-v5.service OK
[2025-10-25 16:22:43.209245] 🟢 smartorder-watchdog.service OK
[2025-10-25 16:23:13.497189] === SAFELOGIC GUARDIAN DIAG INIT ===
[2025-10-25 16:23:13.502855] 🟢 smartorder-proxy.service OK
[2025-10-25 16:23:13.522679] 🟢 smartorder-websync-bridge.service OK
[2025-10-25 16:23:13.526550] 🟢 smartorder-portal-v5.service OK
[2025-10-25 16:23:13.530408] 🟢 smartorder-watchdog.service OK
[2025-10-25 16:23:43.827815] === SAFELOGIC GUARDIAN DIAG INIT ===
[2025-10-25 16:23:43.847961] 🟢 smartorder-proxy.service OK
[2025-10-25 16:23:43.855236] 🟢 smartorder-websync-bridge.service OK
[2025-10-25 16:23:43.858859] 🟢 smartorder-portal-v5.service OK
[2025-10-25 16:23:43.867009] 🟢 smartorder-watchdog.service OK
[2025-10-25 16:24:14.185469] === SAFELOGIC GUARDIAN DIAG INIT ===
[2025-10-25 16:24:14.197907] 🟢 smartorder-proxy.service OK
[2025-10-25 16:24:14.207594] 🟢 smartorder-websync-bridge.service OK
[2025-10-25 16:24:14.212149] 🟢 smartorder-portal-v5.service OK
[2025-10-25 16:24:14.215240] 🟢 smartorder-watchdog.service OK
[2025-10-25 16:24:44.518729] === SAFELOGIC GUARDIAN DIAG INIT ===
[2025-10-25 16:24:44.526002] 🟢 smartorder-proxy.service OK
[2025-10-25 16:24:44.533590] 🟢 smartorder-websync-bridge.service OK
[2025-10-25 16:24:44.541997] 🟢 smartorder-portal-v5.service OK
[2025-10-25 16:24:44.548511] 🟢 smartorder-watchdog.service OK
[2025-10-25 16:25:14.846759] === SAFELOGIC GUARDIAN DIAG INIT ===
[2025-10-25 16:25:14.864400] 🟢 smartorder-proxy.service OK
[2025-10-25 16:25:14.868010] 🟢 smartorder-websync-bridge.service OK
[2025-10-25 16:25:14.871343] 🟢 smartorder-portal-v5.service OK
[2025-10-25 16:25:14.877777] 🟢 smartorder-watchdog.service OK
[2025-10-25 16:25:45.171062] === SAFELOGIC GUARDIAN DIAG INIT ===
[2025-10-25 16:25:45.185242] 🟢 smartorder-proxy.service OK
[2025-10-25 16:25:45.189137] 🟢 smartorder-websync-bridge.service OK
[2025-10-25 16:25:45.196667] 🟢 smartorder-portal-v5.service OK
[2025-10-25 16:25:45.205141] 🟢 smartorder-watchdog.service OK
[2025-10-25 16:26:15.495212] === SAFELOGIC GUARDIAN DIAG INIT ===
[2025-10-25 16:26:15.512363] 🟢 smartorder-proxy.service OK
[2025-10-25 16:26:15.516868] 🟢 smartorder-websync-bridge.service OK
[2025-10-25 16:26:15.524067] 🟢 smartorder-portal-v5.service OK
[2025-10-25 16:26:15.528931] 🟢 smartorder-watchdog.service OK
[2025-10-25 16:26:45.763143] === SAFELOGIC GUARDIAN DIAG INIT ===
[2025-10-25 16:26:45.775447] 🟢 smartorder-proxy.service OK
[2025-10-25 16:26:45.778090] 🟢 smartorder-websync-bridge.service OK
[2025-10-25 16:26:45.785384] 🟢 smartorder-portal-v5.service OK
[2025-10-25 16:26:45.790175] 🟢 smartorder-watchdog.service OK
[2025-10-25 16:27:16.092887] === SAFELOGIC GUARDIAN DIAG INIT ===
[2025-10-25 16:27:16.096365] 🟢 smartorder-proxy.service OK
[2025-10-25 16:27:16.104340] 🟢 smartorder-websync-bridge.service OK
[2025-10-25 16:27:16.106804] 🟢 smartorder-portal-v5.service OK
[2025-10-25 16:27:16.109005] 🟢 smartorder-watchdog.service OK
[2025-10-25 16:27:46.447265] === SAFELOGIC GUARDIAN DIAG INIT ===
[2025-10-25 16:27:46.462168] 🟢 smartorder-proxy.service OK
[2025-10-25 16:27:46.464935] 🟢 smartorder-websync-bridge.service OK
[2025-10-25 16:27:46.472446] 🟢 smartorder-portal-v5.service OK
[2025-10-25 16:27:46.477137] 🟢 smartorder-watchdog.service OK
[2025-10-25 16:28:16.523952] === SAFELOGIC GUARDIAN DIAG INIT ===
[2025-10-25 16:28:16.530331] 🟢 smartorder-proxy.service OK
[2025-10-25 16:28:16.536566] 🟢 smartorder-websync-bridge.service OK
[2025-10-25 16:28:16.541361] 🟢 smartorder-portal-v5.service OK
[2025-10-25 16:28:16.545652] 🟢 smartorder-watchdog.service OK
[2025-10-25 16:28:46.797319] === SAFELOGIC GUARDIAN DIAG INIT ===
[2025-10-25 16:28:46.815665] 🟢 smartorder-proxy.service OK
[2025-10-25 16:28:46.820427] 🟢 smartorder-websync-bridge.service OK
[2025-10-25 16:28:46.827092] 🟢 smartorder-portal-v5.service OK
[2025-10-25 16:28:46.831998] 🟢 smartorder-watchdog.service OK
[2025-10-25 16:29:17.240213] === SAFELOGIC GUARDIAN DIAG INIT ===
[2025-10-25 16:29:17.255490] 🟢 smartorder-proxy.service OK
[2025-10-25 16:29:17.259124] 🟢 smartorder-websync-bridge.service OK
[2025-10-25 16:29:17.264905] 🟢 smartorder-portal-v5.service OK
[2025-10-25 16:29:17.271217] 🟢 smartorder-watchdog.service OK
[2025-10-25 16:29:47.474422] === SAFELOGIC GUARDIAN DIAG INIT ===
[2025-10-25 16:29:47.485300] 🟢 smartorder-proxy.service OK
[2025-10-25 16:29:47.489497] 🟢 smartorder-websync-bridge.service OK
[2025-10-25 16:29:47.496564] 🟢 smartorder-portal-v5.service OK
[2025-10-25 16:29:47.504068] 🟢 smartorder-watchdog.service OK
[2025-10-25 16:30:17.688548] === SAFELOGIC GUARDIAN DIAG INIT ===
[2025-10-25 16:30:17.695997] 🟢 smartorder-proxy.service OK
[2025-10-25 16:30:17.702314] 🟢 smartorder-websync-bridge.service OK
[2025-10-25 16:30:17.710673] 🟢 smartorder-portal-v5.service OK
[2025-10-25 16:30:17.714141] 🟢 smartorder-watchdog.service OK
[2025-10-25 16:30:47.885564] === SAFELOGIC GUARDIAN DIAG INIT ===
[2025-10-25 16:30:47.890359] 🟢 smartorder-proxy.service OK
[2025-10-25 16:30:47.896662] 🟢 smartorder-websync-bridge.service OK
[2025-10-25 16:30:47.901209] 🟢 smartorder-portal-v5.service OK
[2025-10-25 16:30:47.905516] 🟢 smartorder-watchdog.service OK
[2025-10-25 16:31:18.046078] === SAFELOGIC GUARDIAN DIAG INIT ===
[2025-10-25 16:31:18.053075] 🟢 smartorder-proxy.service OK
[2025-10-25 16:31:18.057720] 🟢 smartorder-websync-bridge.service OK
[2025-10-25 16:31:18.072149] 🟢 smartorder-portal-v5.service OK
[2025-10-25 16:31:18.080400] 🟢 smartorder-watchdog.service OK
[2025-10-25 16:31:48.308844] === SAFELOGIC GUARDIAN DIAG INIT ===
[2025-10-25 16:31:48.318300] 🟢 smartorder-proxy.service OK
[2025-10-25 16:31:48.321385] 🟢 smartorder-websync-bridge.service OK
[2025-10-25 16:31:48.328668] 🟢 smartorder-portal-v5.service OK
[2025-10-25 16:31:48.332390] 🟢 smartorder-watchdog.service OK
[2025-10-25 16:32:18.527508] === SAFELOGIC GUARDIAN DIAG INIT ===
[2025-10-25 16:32:18.536000] 🟢 smartorder-proxy.service OK
[2025-10-25 16:32:18.539000] 🟢 smartorder-websync-bridge.service OK
[2025-10-25 16:32:18.543446] 🟢 smartorder-portal-v5.service OK
[2025-10-25 16:32:18.548605] 🟢 smartorder-watchdog.service OK
[2025-10-25 16:32:48.785328] === SAFELOGIC GUARDIAN DIAG INIT ===
[2025-10-25 16:32:48.800543] 🟢 smartorder-proxy.service OK
[2025-10-25 16:32:48.808953] 🟢 smartorder-websync-bridge.service OK
[2025-10-25 16:32:48.817431] 🟢 smartorder-portal-v5.service OK
[2025-10-25 16:32:48.832180] 🟢 smartorder-watchdog.service OK
[2025-10-25 16:33:19.058021] === SAFELOGIC GUARDIAN DIAG INIT ===
[2025-10-25 16:33:19.073942] 🟢 smartorder-proxy.service OK
[2025-10-25 16:33:19.081770] 🟢 smartorder-websync-bridge.service OK
[2025-10-25 16:33:19.097248] 🟢 smartorder-portal-v5.service OK
[2025-10-25 16:33:19.104486] 🟢 smartorder-watchdog.service OK
[2025-10-25 16:33:49.311335] === SAFELOGIC GUARDIAN DIAG INIT ===
[2025-10-25 16:33:49.324615] 🟢 smartorder-proxy.service OK
[2025-10-25 16:33:49.333272] 🟢 smartorder-websync-bridge.service OK
[2025-10-25 16:33:49.338488] 🟢 smartorder-portal-v5.service OK
[2025-10-25 16:33:49.345042] 🟢 smartorder-watchdog.service OK
[2025-10-25 16:34:19.575443] === SAFELOGIC GUARDIAN DIAG INIT ===
[2025-10-25 16:34:19.585450] 🟢 smartorder-proxy.service OK
[2025-10-25 16:34:19.597366] 🟢 smartorder-websync-bridge.service OK
[2025-10-25 16:34:19.602922] 🟢 smartorder-portal-v5.service OK
[2025-10-25 16:34:19.606605] 🟢 smartorder-watchdog.service OK
[2025-10-25 16:34:49.814371] === SAFELOGIC GUARDIAN DIAG INIT ===
[2025-10-25 16:34:49.822848] 🟢 smartorder-proxy.service OK
[2025-10-25 16:34:49.827155] 🟢 smartorder-websync-bridge.service OK
[2025-10-25 16:34:49.831890] 🟢 smartorder-portal-v5.service OK
[2025-10-25 16:34:49.837889] 🟢 smartorder-watchdog.service OK
[2025-10-25 16:35:20.056074] === SAFELOGIC GUARDIAN DIAG INIT ===
[2025-10-25 16:35:20.069274] 🟢 smartorder-proxy.service OK
[2025-10-25 16:35:20.086376] 🟢 smartorder-websync-bridge.service OK
[2025-10-25 16:35:20.091238] 🟢 smartorder-portal-v5.service OK
[2025-10-25 16:35:20.096206] 🟢 smartorder-watchdog.service OK
[2025-10-25 16:35:50.329632] === SAFELOGIC GUARDIAN DIAG INIT ===
[2025-10-25 16:35:50.339295] 🟢 smartorder-proxy.service OK
[2025-10-25 16:35:50.343002] 🟢 smartorder-websync-bridge.service OK
[2025-10-25 16:35:50.353589] 🟢 smartorder-portal-v5.service OK
[2025-10-25 16:35:50.366368] 🟢 smartorder-watchdog.service OK
[2025-10-25 16:36:20.586752] === SAFELOGIC GUARDIAN DIAG INIT ===
[2025-10-25 16:36:20.605481] 🟢 smartorder-proxy.service OK
[2025-10-25 16:36:20.609315] 🟢 smartorder-websync-bridge.service OK
[2025-10-25 16:36:20.618951] 🟢 smartorder-portal-v5.service OK
[2025-10-25 16:36:20.626747] 🟢 smartorder-watchdog.service OK
[2025-10-25 16:36:50.789088] === SAFELOGIC GUARDIAN DIAG INIT ===
[2025-10-25 16:36:50.801604] 🟢 smartorder-proxy.service OK
[2025-10-25 16:36:50.825230] ⚠️ smartorder-websync-bridge.service inactif — redémarrage...
[2025-10-25 16:36:53.850976] ✅ smartorder-websync-bridge.service restauré avec succès.
[2025-10-25 16:36:53.855414] 🟢 smartorder-portal-v5.service OK
[2025-10-25 16:36:53.859306] 🟢 smartorder-watchdog.service OK
[2025-10-25 16:37:21.052391] === SAFELOGIC GUARDIAN DIAG INIT ===
[2025-10-25 16:37:21.057667] 🟢 smartorder-proxy.service OK
[2025-10-25 16:37:21.065769] 🟢 smartorder-websync-bridge.service OK
[2025-10-25 16:37:21.079403] 🟢 smartorder-portal-v5.service OK
[2025-10-25 16:37:21.088449] 🟢 smartorder-watchdog.service OK
[2025-10-25 16:37:51.262844] === SAFELOGIC GUARDIAN DIAG INIT ===
[2025-10-25 16:37:51.272384] 🟢 smartorder-proxy.service OK
[2025-10-25 16:37:51.277389] 🟢 smartorder-websync-bridge.service OK
[2025-10-25 16:37:51.280451] 🟢 smartorder-portal-v5.service OK
[2025-10-25 16:37:51.286690] 🟢 smartorder-watchdog.service OK
[2025-10-25 16:38:21.609690] === SAFELOGIC GUARDIAN DIAG INIT ===
[2025-10-25 16:38:21.620028] 🟢 smartorder-proxy.service OK
[2025-10-25 16:38:21.650917] 🟢 smartorder-websync-bridge.service OK
[2025-10-25 16:38:21.662941] 🟢 smartorder-portal-v5.service OK
[2025-10-25 16:38:21.685182] 🟢 smartorder-watchdog.service OK
[2025-10-25 16:38:51.777888] === SAFELOGIC GUARDIAN DIAG INIT ===
[2025-10-25 16:38:51.796457] 🟢 smartorder-proxy.service OK
[2025-10-25 16:38:51.804396] 🟢 smartorder-websync-bridge.service OK
[2025-10-25 16:38:51.813462] 🟢 smartorder-portal-v5.service OK
[2025-10-25 16:38:51.816298] 🟢 smartorder-watchdog.service OK
[2025-10-25 16:39:22.015035] === SAFELOGIC GUARDIAN DIAG INIT ===
[2025-10-25 16:39:22.025249] 🟢 smartorder-proxy.service OK
[2025-10-25 16:39:22.033049] 🟢 smartorder-websync-bridge.service OK
[2025-10-25 16:39:22.038273] 🟢 smartorder-portal-v5.service OK
[2025-10-25 16:39:22.041228] 🟢 smartorder-watchdog.service OK
[2025-10-25 16:39:52.223903] === SAFELOGIC GUARDIAN DIAG INIT ===
[2025-10-25 16:39:52.231211] 🟢 smartorder-proxy.service OK
[2025-10-25 16:39:52.236719] 🟢 smartorder-websync-bridge.service OK
[2025-10-25 16:39:52.239595] 🟢 smartorder-portal-v5.service OK
[2025-10-25 16:39:52.246761] 🟢 smartorder-watchdog.service OK
[2025-10-25 16:40:22.435106] === SAFELOGIC GUARDIAN DIAG INIT ===
[2025-10-25 16:40:22.443876] 🟢 smartorder-proxy.service OK
[2025-10-25 16:40:22.450072] 🟢 smartorder-websync-bridge.service OK
[2025-10-25 16:40:22.459229] 🟢 smartorder-portal-v5.service OK
[2025-10-25 16:40:22.463676] 🟢 smartorder-watchdog.service OK
[2025-10-25 16:40:52.734774] === SAFELOGIC GUARDIAN DIAG INIT ===
[2025-10-25 16:40:52.750180] 🟢 smartorder-proxy.service OK
[2025-10-25 16:40:52.753033] 🟢 smartorder-websync-bridge.service OK
[2025-10-25 16:40:52.755625] 🟢 smartorder-portal-v5.service OK
[2025-10-25 16:40:52.761788] 🟢 smartorder-watchdog.service OK
[2025-10-25 16:41:21.642905] === SAFELOGIC GUARDIAN DIAG INIT ===
[2025-10-25 16:41:21.646428] 🟢 smartorder-proxy.service OK
[2025-10-25 16:41:21.656438] 🟢 smartorder-websync-bridge.service OK
[2025-10-25 16:41:21.659111] ⚠️ smartorder-portal-v5.service inactif — redémarrage...
[2025-10-25 16:41:23.001878] === SAFELOGIC GUARDIAN DIAG INIT ===
[2025-10-25 16:41:23.014577] 🟢 smartorder-proxy.service OK
[2025-10-25 16:41:23.018372] 🟢 smartorder-websync-bridge.service OK
[2025-10-25 16:41:23.026044] 🟢 smartorder-portal-v5.service OK
[2025-10-25 16:41:23.030219] 🟢 smartorder-watchdog.service OK
[2025-10-25 16:41:53.282958] === SAFELOGIC GUARDIAN DIAG INIT ===
[2025-10-25 16:41:53.299779] 🟢 smartorder-proxy.service OK
[2025-10-25 16:41:53.308942] 🟢 smartorder-websync-bridge.service OK
[2025-10-25 16:41:53.326627] 🟢 smartorder-portal-v5.service OK
[2025-10-25 16:41:53.332902] 🟢 smartorder-watchdog.service OK
[2025-10-25 16:42:23.509875] === SAFELOGIC GUARDIAN DIAG INIT ===
[2025-10-25 16:42:23.525077] 🟢 smartorder-proxy.service OK
[2025-10-25 16:42:23.527932] 🟢 smartorder-websync-bridge.service OK
[2025-10-25 16:42:23.536979] 🟢 smartorder-portal-v5.service OK
[2025-10-25 16:42:23.552436] 🟢 smartorder-watchdog.service OK
[2025-10-25 16:42:53.743311] === SAFELOGIC GUARDIAN DIAG INIT ===
[2025-10-25 16:42:53.750081] 🟢 smartorder-proxy.service OK
[2025-10-25 16:42:53.758910] 🟢 smartorder-websync-bridge.service OK
[2025-10-25 16:42:53.769911] 🟢 smartorder-portal-v5.service OK
[2025-10-25 16:42:53.777654] 🟢 smartorder-watchdog.service OK
[2025-10-25 16:43:24.020817] === SAFELOGIC GUARDIAN DIAG INIT ===
[2025-10-25 16:43:24.025772] 🟢 smartorder-proxy.service OK
[2025-10-25 16:43:24.033057] 🟢 smartorder-websync-bridge.service OK
[2025-10-25 16:43:24.050143] 🟢 smartorder-portal-v5.service OK
[2025-10-25 16:43:24.062310] 🟢 smartorder-watchdog.service OK
[2025-10-25 16:43:54.322410] === SAFELOGIC GUARDIAN DIAG INIT ===
[2025-10-25 16:43:54.340459] 🟢 smartorder-proxy.service OK
[2025-10-25 16:43:54.351986] 🟢 smartorder-websync-bridge.service OK
[2025-10-25 16:43:54.355557] 🟢 smartorder-portal-v5.service OK
[2025-10-25 16:43:54.361568] 🟢 smartorder-watchdog.service OK
[2025-10-25 16:44:24.600704] === SAFELOGIC GUARDIAN DIAG INIT ===
[2025-10-25 16:44:24.613747] 🟢 smartorder-proxy.service OK
[2025-10-25 16:44:24.620559] 🟢 smartorder-websync-bridge.service OK
[2025-10-25 16:44:24.633822] 🟢 smartorder-portal-v5.service OK
[2025-10-25 16:44:24.647186] 🟢 smartorder-watchdog.service OK
[2025-10-25 16:44:54.831153] === SAFELOGIC GUARDIAN DIAG INIT ===
[2025-10-25 16:44:54.848310] 🟢 smartorder-proxy.service OK
[2025-10-25 16:44:54.852777] 🟢 smartorder-websync-bridge.service OK
[2025-10-25 16:44:54.860455] 🟢 smartorder-portal-v5.service OK
[2025-10-25 16:44:54.869376] 🟢 smartorder-watchdog.service OK
[2025-10-25 16:45:25.087429] === SAFELOGIC GUARDIAN DIAG INIT ===
[2025-10-25 16:45:25.096085] 🟢 smartorder-proxy.service OK
[2025-10-25 16:45:25.116895] 🟢 smartorder-websync-bridge.service OK
[2025-10-25 16:45:25.120737] 🟢 smartorder-portal-v5.service OK
[2025-10-25 16:45:25.123394] 🟢 smartorder-watchdog.service OK
[2025-10-25 16:45:55.300365] === SAFELOGIC GUARDIAN DIAG INIT ===
[2025-10-25 16:45:55.311410] 🟢 smartorder-proxy.service OK
[2025-10-25 16:45:55.320429] 🟢 smartorder-websync-bridge.service OK
[2025-10-25 16:45:55.325214] 🟢 smartorder-portal-v5.service OK
[2025-10-25 16:45:55.332963] 🟢 smartorder-watchdog.service OK
[2025-10-25 16:46:25.536040] === SAFELOGIC GUARDIAN DIAG INIT ===
[2025-10-25 16:46:25.564815] 🟢 smartorder-proxy.service OK
[2025-10-25 16:46:25.568389] 🟢 smartorder-websync-bridge.service OK
[2025-10-25 16:46:25.571563] 🟢 smartorder-portal-v5.service OK
[2025-10-25 16:46:25.577556] 🟢 smartorder-watchdog.service OK
[2025-10-25 16:46:55.777690] === SAFELOGIC GUARDIAN DIAG INIT ===
[2025-10-25 16:46:55.789121] 🟢 smartorder-proxy.service OK
[2025-10-25 16:46:55.793568] 🟢 smartorder-websync-bridge.service OK
[2025-10-25 16:46:55.807251] 🟢 smartorder-portal-v5.service OK
[2025-10-25 16:46:55.811179] 🟢 smartorder-watchdog.service OK
[2025-10-25 16:47:25.967598] === SAFELOGIC GUARDIAN DIAG INIT ===
[2025-10-25 16:47:25.980212] 🟢 smartorder-proxy.service OK
[2025-10-25 16:47:25.983211] 🟢 smartorder-websync-bridge.service OK
[2025-10-25 16:47:25.988863] 🟢 smartorder-portal-v5.service OK
[2025-10-25 16:47:25.996064] 🟢 smartorder-watchdog.service OK
[2025-10-25 16:47:56.236010] === SAFELOGIC GUARDIAN DIAG INIT ===
[2025-10-25 16:47:56.247137] 🟢 smartorder-proxy.service OK
[2025-10-25 16:47:56.257743] 🟢 smartorder-websync-bridge.service OK
[2025-10-25 16:47:56.263193] 🟢 smartorder-portal-v5.service OK
[2025-10-25 16:47:56.266814] 🟢 smartorder-watchdog.service OK
[2025-10-25 16:48:11.838408] === SAFELOGIC GUARDIAN DIAG INIT ===
[2025-10-25 16:48:11.842800] 🟢 smartorder-proxy.service OK
[2025-10-25 16:48:11.849684] 🟢 smartorder-websync-bridge.service OK
[2025-10-25 16:48:11.854482] 🟢 smartorder-portal-v5.service OK
[2025-10-25 16:48:11.859747] 🟢 smartorder-watchdog.service OK
[2025-10-25 16:48:42.047215] === SAFELOGIC GUARDIAN DIAG INIT ===
[2025-10-25 16:48:42.073728] 🟢 smartorder-proxy.service OK
[2025-10-25 16:48:42.079588] 🟢 smartorder-websync-bridge.service OK
[2025-10-25 16:48:42.088055] 🟢 smartorder-portal-v5.service OK
[2025-10-25 16:48:42.105226] 🟢 smartorder-watchdog.service OK
[2025-10-25 16:49:12.291818] === SAFELOGIC GUARDIAN DIAG INIT ===
[2025-10-25 16:49:12.311529] 🟢 smartorder-proxy.service OK
[2025-10-25 16:49:12.315119] 🟢 smartorder-websync-bridge.service OK
[2025-10-25 16:49:12.322909] 🟢 smartorder-portal-v5.service OK
[2025-10-25 16:49:12.327984] 🟢 smartorder-watchdog.service OK
[2025-10-25 16:49:42.560980] === SAFELOGIC GUARDIAN DIAG INIT ===
[2025-10-25 16:49:42.568706] 🟢 smartorder-proxy.service OK
[2025-10-25 16:49:42.572101] 🟢 smartorder-websync-bridge.service OK
[2025-10-25 16:49:42.578304] 🟢 smartorder-portal-v5.service OK
[2025-10-25 16:49:42.585441] 🟢 smartorder-watchdog.service OK
[2025-10-25 16:50:12.739614] === SAFELOGIC GUARDIAN DIAG INIT ===
[2025-10-25 16:50:12.751770] 🟢 smartorder-proxy.service OK
[2025-10-25 16:50:12.755691] 🟢 smartorder-websync-bridge.service OK
[2025-10-25 16:50:12.760876] 🟢 smartorder-portal-v5.service OK
[2025-10-25 16:50:12.764916] 🟢 smartorder-watchdog.service OK
[2025-10-25 16:50:42.991858] === SAFELOGIC GUARDIAN DIAG INIT ===
[2025-10-25 16:50:43.004954] 🟢 smartorder-proxy.service OK
[2025-10-25 16:50:43.012849] 🟢 smartorder-websync-bridge.service OK
[2025-10-25 16:50:43.021143] 🟢 smartorder-portal-v5.service OK
[2025-10-25 16:50:43.026533] 🟢 smartorder-watchdog.service OK
[2025-10-25 16:51:13.206864] === SAFELOGIC GUARDIAN DIAG INIT ===
[2025-10-25 16:51:13.220689] 🟢 smartorder-proxy.service OK
[2025-10-25 16:51:13.225506] 🟢 smartorder-websync-bridge.service OK
[2025-10-25 16:51:13.231166] 🟢 smartorder-portal-v5.service OK
[2025-10-25 16:51:13.238959] 🟢 smartorder-watchdog.service OK
[2025-10-25 16:51:43.449207] === SAFELOGIC GUARDIAN DIAG INIT ===
[2025-10-25 16:51:43.454456] 🟢 smartorder-proxy.service OK
[2025-10-25 16:51:43.464716] 🟢 smartorder-websync-bridge.service OK
[2025-10-25 16:51:43.472595] 🟢 smartorder-portal-v5.service OK
[2025-10-25 16:51:43.476679] 🟢 smartorder-watchdog.service OK
[2025-10-25 16:52:13.678547] === SAFELOGIC GUARDIAN DIAG INIT ===
[2025-10-25 16:52:13.687456] 🟢 smartorder-proxy.service OK
[2025-10-25 16:52:13.690374] 🟢 smartorder-websync-bridge.service OK
[2025-10-25 16:52:13.696967] 🟢 smartorder-portal-v5.service OK
[2025-10-25 16:52:13.701672] 🟢 smartorder-watchdog.service OK
[2025-10-25 16:52:43.933423] === SAFELOGIC GUARDIAN DIAG INIT ===
[2025-10-25 16:52:43.943691] 🟢 smartorder-proxy.service OK
[2025-10-25 16:52:43.951538] 🟢 smartorder-websync-bridge.service OK
[2025-10-25 16:52:43.962414] 🟢 smartorder-portal-v5.service OK
[2025-10-25 16:52:43.973243] 🟢 smartorder-watchdog.service OK
[2025-10-25 16:53:14.174632] === SAFELOGIC GUARDIAN DIAG INIT ===
[2025-10-25 16:53:14.197974] 🟢 smartorder-proxy.service OK
[2025-10-25 16:53:14.201306] 🟢 smartorder-websync-bridge.service OK
[2025-10-25 16:53:14.208372] 🟢 smartorder-portal-v5.service OK
[2025-10-25 16:53:14.216353] 🟢 smartorder-watchdog.service OK
[2025-10-25 16:53:44.427478] === SAFELOGIC GUARDIAN DIAG INIT ===
[2025-10-25 16:53:44.458207] 🟢 smartorder-proxy.service OK
[2025-10-25 16:53:44.464485] 🟢 smartorder-websync-bridge.service OK
[2025-10-25 16:53:44.474033] 🟢 smartorder-portal-v5.service OK
[2025-10-25 16:53:44.489466] 🟢 smartorder-watchdog.service OK
[2025-10-25 16:54:14.698945] === SAFELOGIC GUARDIAN DIAG INIT ===
[2025-10-25 16:54:14.706530] 🟢 smartorder-proxy.service OK
[2025-10-25 16:54:14.710720] 🟢 smartorder-websync-bridge.service OK
[2025-10-25 16:54:14.715230] 🟢 smartorder-portal-v5.service OK
[2025-10-25 16:54:14.722342] 🟢 smartorder-watchdog.service OK
[2025-10-25 16:54:44.907157] === SAFELOGIC GUARDIAN DIAG INIT ===
[2025-10-25 16:54:44.911554] 🟢 smartorder-proxy.service OK
[2025-10-25 16:54:44.927198] 🟢 smartorder-websync-bridge.service OK
[2025-10-25 16:54:44.931800] 🟢 smartorder-portal-v5.service OK
[2025-10-25 16:54:44.937020] 🟢 smartorder-watchdog.service OK
[2025-10-25 16:55:15.149056] === SAFELOGIC GUARDIAN DIAG INIT ===
[2025-10-25 16:55:15.171511] 🟢 smartorder-proxy.service OK
[2025-10-25 16:55:15.174732] 🟢 smartorder-websync-bridge.service OK
[2025-10-25 16:55:15.177589] 🟢 smartorder-portal-v5.service OK
[2025-10-25 16:55:15.185984] 🟢 smartorder-watchdog.service OK
[2025-10-25 16:55:45.445882] === SAFELOGIC GUARDIAN DIAG INIT ===
[2025-10-25 16:55:45.453676] 🟢 smartorder-proxy.service OK
[2025-10-25 16:55:45.459158] 🟢 smartorder-websync-bridge.service OK
[2025-10-25 16:55:45.464663] 🟢 smartorder-portal-v5.service OK
[2025-10-25 16:55:45.469348] 🟢 smartorder-watchdog.service OK
[2025-10-25 16:56:15.693642] === SAFELOGIC GUARDIAN DIAG INIT ===
[2025-10-25 16:56:15.704493] 🟢 smartorder-proxy.service OK
[2025-10-25 16:56:15.707901] 🟢 smartorder-websync-bridge.service OK
[2025-10-25 16:56:15.713230] 🟢 smartorder-portal-v5.service OK
[2025-10-25 16:56:15.721080] 🟢 smartorder-watchdog.service OK
[2025-10-25 16:56:45.881248] === SAFELOGIC GUARDIAN DIAG INIT ===
[2025-10-25 16:56:45.898420] 🟢 smartorder-proxy.service OK
[2025-10-25 16:56:45.907745] 🟢 smartorder-websync-bridge.service OK
[2025-10-25 16:56:45.912458] 🟢 smartorder-portal-v5.service OK
[2025-10-25 16:56:45.915354] 🟢 smartorder-watchdog.service OK
[2025-10-25 16:57:16.099712] === SAFELOGIC GUARDIAN DIAG INIT ===
[2025-10-25 16:57:16.110750] 🟢 smartorder-proxy.service OK
[2025-10-25 16:57:16.116926] 🟢 smartorder-websync-bridge.service OK
[2025-10-25 16:57:16.120944] 🟢 smartorder-portal-v5.service OK
[2025-10-25 16:57:16.126326] 🟢 smartorder-watchdog.service OK
[2025-10-25 16:57:35.706540] === SAFELOGIC GUARDIAN DIAG INIT ===
[2025-10-25 16:57:35.715903] 🟢 smartorder-proxy.service OK
[2025-10-25 16:57:35.723622] 🟢 smartorder-websync-bridge.service OK
[2025-10-25 16:57:35.742930] 🟢 smartorder-portal-v5.service OK
[2025-10-25 16:57:35.749027] 🟢 smartorder-watchdog.service OK
[2025-10-25 16:58:05.932620] === SAFELOGIC GUARDIAN DIAG INIT ===
[2025-10-25 16:58:05.936618] 🟢 smartorder-proxy.service OK
[2025-10-25 16:58:05.941154] 🟢 smartorder-websync-bridge.service OK
[2025-10-25 16:58:05.951110] 🟢 smartorder-portal-v5.service OK
[2025-10-25 16:58:05.956173] 🟢 smartorder-watchdog.service OK
[2025-10-25 16:58:36.212657] === SAFELOGIC GUARDIAN DIAG INIT ===
[2025-10-25 16:58:36.223374] 🟢 smartorder-proxy.service OK
[2025-10-25 16:58:36.229155] 🟢 smartorder-websync-bridge.service OK
[2025-10-25 16:58:36.237376] 🟢 smartorder-portal-v5.service OK
[2025-10-25 16:58:36.248020] 🟢 smartorder-watchdog.service OK
[2025-10-25 16:59:36.293013] 🟢 smartorder-proxy.service OK
[2025-10-25 16:59:36.297688] 🟢 smartorder-websync-bridge.service OK
[2025-10-25 16:59:36.301359] 🟢 smartorder-portal-v5.service OK
[2025-10-25 16:59:36.304882] 🟢 smartorder-watchdog.service OK
[2025-10-25 17:00:36.314738] 🟢 smartorder-proxy.service OK
[2025-10-25 17:00:36.319098] 🟢 smartorder-websync-bridge.service OK
[2025-10-25 17:00:36.322144] 🟢 smartorder-portal-v5.service OK
[2025-10-25 17:00:36.324680] 🟢 smartorder-watchdog.service OK
[2025-10-25 17:01:36.389278] 🟢 smartorder-proxy.service OK
[2025-10-25 17:01:36.393407] 🟢 smartorder-websync-bridge.service OK
[2025-10-25 17:01:36.396057] 🟢 smartorder-portal-v5.service OK
[2025-10-25 17:01:36.398691] 🟢 smartorder-watchdog.service OK
[2025-10-25 17:02:36.452678] 🟢 smartorder-proxy.service OK
[2025-10-25 17:02:36.456525] 🟢 smartorder-websync-bridge.service OK
[2025-10-25 17:02:36.459942] 🟢 smartorder-portal-v5.service OK
[2025-10-25 17:02:36.463532] 🟢 smartorder-watchdog.service OK
[2025-10-25 17:03:36.527669] 🟢 smartorder-proxy.service OK
[2025-10-25 17:03:36.530306] 🟢 smartorder-websync-bridge.service OK
[2025-10-25 17:03:36.533070] 🟢 smartorder-portal-v5.service OK
[2025-10-25 17:03:36.535593] 🟢 smartorder-watchdog.service OK
[2025-10-25 17:04:36.546122] 🟢 smartorder-proxy.service OK
[2025-10-25 17:04:36.549108] 🟢 smartorder-websync-bridge.service OK
[2025-10-25 17:04:36.551965] 🟢 smartorder-portal-v5.service OK
[2025-10-25 17:04:36.554710] 🟢 smartorder-watchdog.service OK
[2025-10-25 17:05:36.611814] 🟢 smartorder-proxy.service OK
[2025-10-25 17:05:36.614473] 🟢 smartorder-websync-bridge.service OK
[2025-10-25 17:05:36.616966] 🟢 smartorder-portal-v5.service OK
[2025-10-25 17:05:36.620129] 🟢 smartorder-watchdog.service OK
[2025-10-25 17:06:36.682985] 🟢 smartorder-proxy.service OK
[2025-10-25 17:06:36.686390] 🟢 smartorder-websync-bridge.service OK
[2025-10-25 17:06:36.689121] 🟢 smartorder-portal-v5.service OK
[2025-10-25 17:06:36.691822] 🟢 smartorder-watchdog.service OK
[2025-10-25 17:07:36.755900] 🟢 smartorder-proxy.service OK
[2025-10-25 17:07:36.759005] 🟢 smartorder-websync-bridge.service OK
[2025-10-25 17:07:36.761638] 🟢 smartorder-portal-v5.service OK
[2025-10-25 17:07:36.764681] 🟢 smartorder-watchdog.service OK
[2025-10-25 17:08:36.828729] 🟢 smartorder-proxy.service OK
[2025-10-25 17:08:36.831488] 🟢 smartorder-websync-bridge.service OK
[2025-10-25 17:08:36.834790] 🟢 smartorder-portal-v5.service OK
[2025-10-25 17:08:36.837505] 🟢 smartorder-watchdog.service OK
[2025-10-25 17:09:36.848456] 🟢 smartorder-proxy.service OK
[2025-10-25 17:09:36.851325] 🟢 smartorder-websync-bridge.service OK
[2025-10-25 17:09:36.853986] 🟢 smartorder-portal-v5.service OK
[2025-10-25 17:09:36.856656] 🟢 smartorder-watchdog.service OK
[2025-10-25 17:10:36.920904] 🟢 smartorder-proxy.service OK
[2025-10-25 17:10:36.923539] 🟢 smartorder-websync-bridge.service OK
[2025-10-25 17:10:36.926420] 🟢 smartorder-portal-v5.service OK
[2025-10-25 17:10:36.929083] 🟢 smartorder-watchdog.service OK
[2025-10-25 17:11:36.973408] 🟢 smartorder-proxy.service OK
[2025-10-25 17:11:36.977400] 🟢 smartorder-websync-bridge.service OK
[2025-10-25 17:11:36.981049] 🟢 smartorder-portal-v5.service OK
[2025-10-25 17:11:36.984902] 🟢 smartorder-watchdog.service OK
